#
# There is insufficient memory for the Java Runtime Environment to continue.
# Native memory allocation (mmap) failed to map 220200960 bytes. Error detail: G1 virtual space
# Possible reasons:
#   The system is out of physical RAM or swap space
#   This process is running with CompressedOops enabled, and the Java Heap may be blocking the growth of the native heap
# Possible solutions:
#   Reduce memory load on the system
#   Increase physical memory or swap space
#   Check if swap backing store is full
#   Decrease Java heap size (-Xmx/-Xms)
#   Decrease number of Java threads
#   Decrease Java thread stack sizes (-Xss)
#   Set larger code cache with -XX:ReservedCodeCacheSize=
#   JVM is running with Zero Based Compressed Oops mode in which the Java heap is
#     placed in the first 32GB address space. The Java Heap base address is the
#     maximum limit for the native heap growth. Please use -XX:HeapBaseMinAddress
#     to set the Java Heap base and to place the Java Heap above 32GB virtual address.
# This output file may be truncated or incomplete.
#
#  Out of Memory Error (os_windows.cpp:3631), pid=15020, tid=30532
#
# JRE version: Java(TM) SE Runtime Environment (22.0.1+8) (build 22.0.1+8-16)
# Java VM: Java HotSpot(TM) 64-Bit Server VM (22.0.1+8-16, mixed mode, sharing, tiered, compressed oops, compressed class ptrs, g1 gc, windows-amd64)
# No core dump will be written. Minidumps are not enabled by default on client versions of Windows
#

---------------  S U M M A R Y ------------

Command Line: -Dfile.encoding=UTF-8 D:\6.RACSEL\IG\LACPASS_IG\input-cache\publisher.jar -ig .

Host: 11th Gen Intel(R) Core(TM) i7-1165G7 @ 2.80GHz, 8 cores, 11G,  Windows 11 , 64 bit Build 22621 (10.0.22621.5415)
Time: Fri Mar 20 16:31:10 2026 Hora estándar de Montevideo elapsed time: 308.967062 seconds (0d 0h 5m 8s)

---------------  T H R E A D  ---------------

Current thread (0x00000257b4348760):  VMThread "VM Thread"          [id=30532, stack(0x000000dee8700000,0x000000dee8800000) (1024K)]

Stack: [0x000000dee8700000,0x000000dee8800000]
Native frames: (J=compiled Java code, j=interpreted, Vv=VM code, C=native code)
V  [jvm.dll+0x6e2279]  (no source info available)
V  [jvm.dll+0x874e33]  (no source info available)
V  [jvm.dll+0x87725e]  (no source info available)
V  [jvm.dll+0x877933]  (no source info available)
V  [jvm.dll+0x27fd76]  (no source info available)
V  [jvm.dll+0x6de915]  (no source info available)
V  [jvm.dll+0x6d341a]  (no source info available)
V  [jvm.dll+0x3589da]  (no source info available)
V  [jvm.dll+0x360f06]  (no source info available)
V  [jvm.dll+0x3b3e2e]  (no source info available)
V  [jvm.dll+0x3b40d8]  (no source info available)
V  [jvm.dll+0x32c59c]  (no source info available)
V  [jvm.dll+0x32eef6]  (no source info available)
V  [jvm.dll+0x3391c1]  (no source info available)
V  [jvm.dll+0x370365]  (no source info available)
V  [jvm.dll+0x87d7d0]  (no source info available)
V  [jvm.dll+0x87eb57]  (no source info available)
V  [jvm.dll+0x87f0d0]  (no source info available)
V  [jvm.dll+0x87f373]  (no source info available)
V  [jvm.dll+0x81d44b]  (no source info available)
V  [jvm.dll+0x6e0915]  (no source info available)
C  [ucrtbase.dll+0x29333]  (no source info available)
C  [KERNEL32.DLL+0x1259d]  (no source info available)
C  [ntdll.dll+0x5af78]  (no source info available)

VM_Operation (0x000000dee82ff840): G1PauseRemark, mode: safepoint, requested by thread 0x0000025796899130


---------------  P R O C E S S  ---------------

Threads class SMR info:
_java_thread_list=0x0000025784d05ea0, length=13, elements={
0x000002579475d740, 0x00000257b43654e0, 0x00000257b43664f0, 0x00000257b4369dd0,
0x00000257b436cec0, 0x00000257b436da10, 0x00000257b436f480, 0x00000257b4370210,
0x00000257b43712d0, 0x00000257b45ebe80, 0x00000257b45f0d20, 0x000002578817d210,
0x00000257fa53d210
}

Java Threads: ( => current thread )
  0x000002579475d740 JavaThread "main"                              [_thread_blocked, id=24720, stack(0x000000dee8000000,0x000000dee8100000) (1024K)]
  0x00000257b43654e0 JavaThread "Reference Handler"          daemon [_thread_blocked, id=25500, stack(0x000000dee8800000,0x000000dee8900000) (1024K)]
  0x00000257b43664f0 JavaThread "Finalizer"                  daemon [_thread_blocked, id=32332, stack(0x000000dee8900000,0x000000dee8a00000) (1024K)]
  0x00000257b4369dd0 JavaThread "Signal Dispatcher"          daemon [_thread_blocked, id=32576, stack(0x000000dee8a00000,0x000000dee8b00000) (1024K)]
  0x00000257b436cec0 JavaThread "Attach Listener"            daemon [_thread_blocked, id=31328, stack(0x000000dee8b00000,0x000000dee8c00000) (1024K)]
  0x00000257b436da10 JavaThread "Service Thread"             daemon [_thread_blocked, id=22556, stack(0x000000dee8c00000,0x000000dee8d00000) (1024K)]
  0x00000257b436f480 JavaThread "Monitor Deflation Thread"   daemon [_thread_blocked, id=18268, stack(0x000000dee8d00000,0x000000dee8e00000) (1024K)]
  0x00000257b4370210 JavaThread "C2 CompilerThread0"         daemon [_thread_blocked, id=3480, stack(0x000000dee8e00000,0x000000dee8f00000) (1024K)]
  0x00000257b43712d0 JavaThread "C1 CompilerThread0"         daemon [_thread_blocked, id=31708, stack(0x000000dee8f00000,0x000000dee9000000) (1024K)]
  0x00000257b45ebe80 JavaThread "Notification Thread"        daemon [_thread_blocked, id=30780, stack(0x000000dee9000000,0x000000dee9100000) (1024K)]
  0x00000257b45f0d20 JavaThread "Common-Cleaner"             daemon [_thread_blocked, id=25348, stack(0x000000dee9100000,0x000000dee9200000) (1024K)]
  0x000002578817d210 JavaThread "OkHttp TaskRunner"          daemon [_thread_blocked, id=24036, stack(0x000000dee9c00000,0x000000dee9d00000) (1024K)]
  0x00000257fa53d210 JavaThread "Java2D Disposer"            daemon [_thread_blocked, id=19000, stack(0x000000dee7e00000,0x000000dee7f00000) (1024K)]
Total: 13

Other Threads:
=>0x00000257b4348760 VMThread "VM Thread"                           [id=30532, stack(0x000000dee8700000,0x000000dee8800000) (1024K)]
  0x00000257b4332540 WatcherThread "VM Periodic Task Thread"        [id=18172, stack(0x000000dee8600000,0x000000dee8700000) (1024K)]
  0x000002579686f2c0 WorkerThread "GC Thread#0"                     [id=30856, stack(0x000000dee8100000,0x000000dee8200000) (1024K)]
  0x00000257fa718e70 WorkerThread "GC Thread#1"                     [id=31364, stack(0x000000dee9300000,0x000000dee9400000) (1024K)]
  0x00000257fa798fe0 WorkerThread "GC Thread#2"                     [id=28112, stack(0x000000dee9400000,0x000000dee9500000) (1024K)]
  0x00000257fa52db00 WorkerThread "GC Thread#3"                     [id=27728, stack(0x000000dee9500000,0x000000dee9600000) (1024K)]
  0x00000257fa52d750 WorkerThread "GC Thread#4"                     [id=7192, stack(0x000000dee9600000,0x000000dee9700000) (1024K)]
  0x00000257fa52cff0 WorkerThread "GC Thread#5"                     [id=32584, stack(0x000000dee9700000,0x000000dee9800000) (1024K)]
  0x00000257fa52d3a0 WorkerThread "GC Thread#6"                     [id=32188, stack(0x000000dee9800000,0x000000dee9900000) (1024K)]
  0x00000257fa52c130 WorkerThread "GC Thread#7"                     [id=30260, stack(0x000000dee9900000,0x000000dee9a00000) (1024K)]
  0x0000025796899130 ConcurrentGCThread "G1 Main Marker"            [id=31656, stack(0x000000dee8200000,0x000000dee8300000) (1024K)]
  0x0000025796899c40 WorkerThread "G1 Conc#0"                       [id=26636, stack(0x000000dee8300000,0x000000dee8400000) (1024K)]
  0x00000257fa831720 WorkerThread "G1 Conc#1"                       [id=29612, stack(0x000000dee9200000,0x000000dee9300000) (1024K)]
  0x00000257b4204590 ConcurrentGCThread "G1 Refine#0"               [id=30692, stack(0x000000dee8400000,0x000000dee8500000) (1024K)]
  0x00000257b4205110 ConcurrentGCThread "G1 Service"                [id=32620, stack(0x000000dee8500000,0x000000dee8600000) (1024K)]
Total: 15

Threads with active compile tasks:
Total: 0

VM state: at safepoint (normal execution)

VM Mutex/Monitor currently owned by a thread:  ([mutex/lock_event])
[0x00007ffd7212bbb8] Threads_lock - owner thread: 0x00000257b4348760
[0x00007ffd7212bcb8] Heap_lock - owner thread: 0x0000025796899130

Heap address: 0x0000000744400000, size: 3004 MB, Compressed Oops mode: Zero based, Oop shift amount: 3

CDS archive(s) mapped at: [0x00000257b5000000-0x00000257b5c60000-0x00000257b5c60000), size 12976128, SharedBaseAddress: 0x00000257b5000000, ArchiveRelocationMode: 1.
Compressed class space mapped at: 0x00000257b6000000-0x00000257f6000000, reserved size: 1073741824
Narrow klass base: 0x00000257b5000000, Narrow klass shift: 0, Narrow klass range: 0x41000000

GC Precious Log:
 CardTable entry size: 512
 Card Set container configuration: InlinePtr #cards 4 size 8 Array Of Cards #cards 16 size 48 Howl #buckets 8 coarsen threshold 3686 Howl Bitmap #cards 512 size 80 coarsen threshold 460 Card regions per heap region 1 cards per card region 4096
 CPUs: 8 total, 8 available
 Memory: 12014M
 Large Page Support: Disabled
 NUMA Support: Disabled
 Compressed Oops: Enabled (Zero based)
 Heap Region Size: 2M
 Heap Min Capacity: 8M
 Heap Initial Capacity: 188M
 Heap Max Capacity: 3004M
 Pre-touch: Disabled
 Parallel Workers: 8
 Concurrent Workers: 2
 Concurrent Refinement Workers: 8
 Periodic GC: Disabled

Heap:
 garbage-first heap   total reserved 3076096K, committed 2185216K, used 1556480K [0x0000000744400000, 0x0000000800000000)
  region size 2048K, 62 young (126976K), 4 survivors (8192K)
 Metaspace       used 122216K, committed 123136K, reserved 1179648K
  class space    used 11413K, committed 11840K, reserved 1048576K

Heap Regions: E=young(eden), S=young(survivor), O=old, HS=humongous(starts), HC=humongous(continues), CS=collection set, F=free, TAMS=top-at-mark-start, PB=parsable bottom
|   0|0x0000000744400000, 0x0000000744600000, 0x0000000744600000|100%| O|  |TAMS 0x0000000744600000| PB 0x0000000744600000| Untracked |  0
|   1|0x0000000744600000, 0x0000000744800000, 0x0000000744800000|100%| O|  |TAMS 0x0000000744800000| PB 0x0000000744800000| Untracked |  0
|   2|0x0000000744800000, 0x0000000744a00000, 0x0000000744a00000|100%| O|  |TAMS 0x0000000744a00000| PB 0x0000000744a00000| Untracked |  0
|   3|0x0000000744a00000, 0x0000000744c00000, 0x0000000744c00000|100%| O|  |TAMS 0x0000000744c00000| PB 0x0000000744c00000| Untracked |  0
|   4|0x0000000744c00000, 0x0000000744e00000, 0x0000000744e00000|100%| O|  |TAMS 0x0000000744e00000| PB 0x0000000744e00000| Updating |  0
|   5|0x0000000744e00000, 0x0000000745000000, 0x0000000745000000|100%| O|  |TAMS 0x0000000745000000| PB 0x0000000745000000| Untracked |  0
|   6|0x0000000745000000, 0x0000000745200000, 0x0000000745200000|100%| O|  |TAMS 0x0000000745200000| PB 0x0000000745200000| Untracked |  0
|   7|0x0000000745200000, 0x0000000745400000, 0x0000000745400000|100%|HS|  |TAMS 0x0000000745400000| PB 0x0000000745200000| Complete |  0
|   8|0x0000000745400000, 0x0000000745600000, 0x0000000745600000|100%|HC|  |TAMS 0x0000000745600000| PB 0x0000000745400000| Complete |  0
|   9|0x0000000745600000, 0x0000000745800000, 0x0000000745800000|100%|HC|  |TAMS 0x0000000745800000| PB 0x0000000745600000| Complete |  0
|  10|0x0000000745800000, 0x0000000745a00000, 0x0000000745a00000|100%|HC|  |TAMS 0x0000000745a00000| PB 0x0000000745800000| Complete |  0
|  11|0x0000000745a00000, 0x0000000745c00000, 0x0000000745c00000|100%|HC|  |TAMS 0x0000000745c00000| PB 0x0000000745a00000| Complete |  0
|  12|0x0000000745c00000, 0x0000000745e00000, 0x0000000745e00000|100%|HC|  |TAMS 0x0000000745e00000| PB 0x0000000745c00000| Complete |  0
|  13|0x0000000745e00000, 0x0000000746000000, 0x0000000746000000|100%|HS|  |TAMS 0x0000000746000000| PB 0x0000000745e00000| Complete |  0
|  14|0x0000000746000000, 0x0000000746200000, 0x0000000746200000|100%| O|  |TAMS 0x0000000746200000| PB 0x0000000746200000| Untracked |  0
|  15|0x0000000746200000, 0x0000000746400000, 0x0000000746400000|100%| O|  |TAMS 0x0000000746400000| PB 0x0000000746400000| Untracked |  0
|  16|0x0000000746400000, 0x0000000746600000, 0x0000000746600000|100%| O|  |TAMS 0x0000000746600000| PB 0x0000000746600000| Untracked |  0
|  17|0x0000000746600000, 0x0000000746800000, 0x0000000746800000|100%| O|  |TAMS 0x0000000746800000| PB 0x0000000746800000| Untracked |  0
|  18|0x0000000746800000, 0x0000000746a00000, 0x0000000746a00000|100%| O|  |TAMS 0x0000000746a00000| PB 0x0000000746a00000| Untracked |  0
|  19|0x0000000746a00000, 0x0000000746c00000, 0x0000000746c00000|100%| O|  |TAMS 0x0000000746c00000| PB 0x0000000746c00000| Untracked |  0
|  20|0x0000000746c00000, 0x0000000746e00000, 0x0000000746e00000|100%| O|  |TAMS 0x0000000746e00000| PB 0x0000000746e00000| Untracked |  0
|  21|0x0000000746e00000, 0x0000000747000000, 0x0000000747000000|100%| O|  |TAMS 0x0000000747000000| PB 0x0000000747000000| Untracked |  0
|  22|0x0000000747000000, 0x0000000747200000, 0x0000000747200000|100%| O|  |TAMS 0x0000000747200000| PB 0x0000000747200000| Untracked |  0
|  23|0x0000000747200000, 0x0000000747400000, 0x0000000747400000|100%| O|  |TAMS 0x0000000747400000| PB 0x0000000747400000| Untracked |  0
|  24|0x0000000747400000, 0x0000000747600000, 0x0000000747600000|100%| O|  |TAMS 0x0000000747600000| PB 0x0000000747600000| Untracked |  0
|  25|0x0000000747600000, 0x0000000747800000, 0x0000000747800000|100%| O|  |TAMS 0x0000000747800000| PB 0x0000000747800000| Untracked |  0
|  26|0x0000000747800000, 0x0000000747a00000, 0x0000000747a00000|100%| O|  |TAMS 0x0000000747a00000| PB 0x0000000747a00000| Untracked |  0
|  27|0x0000000747a00000, 0x0000000747c00000, 0x0000000747c00000|100%| O|  |TAMS 0x0000000747c00000| PB 0x0000000747c00000| Untracked |  0
|  28|0x0000000747c00000, 0x0000000747e00000, 0x0000000747e00000|100%| O|  |TAMS 0x0000000747e00000| PB 0x0000000747e00000| Untracked |  0
|  29|0x0000000747e00000, 0x0000000748000000, 0x0000000748000000|100%| O|  |TAMS 0x0000000748000000| PB 0x0000000748000000| Untracked |  0
|  30|0x0000000748000000, 0x0000000748200000, 0x0000000748200000|100%| O|  |TAMS 0x0000000748200000| PB 0x0000000748200000| Untracked |  0
|  31|0x0000000748200000, 0x0000000748400000, 0x0000000748400000|100%| O|  |TAMS 0x0000000748400000| PB 0x0000000748400000| Updating |  0
|  32|0x0000000748400000, 0x0000000748600000, 0x0000000748600000|100%| O|  |TAMS 0x0000000748600000| PB 0x0000000748600000| Untracked |  0
|  33|0x0000000748600000, 0x0000000748800000, 0x0000000748800000|100%| O|  |TAMS 0x0000000748800000| PB 0x0000000748800000| Untracked |  0
|  34|0x0000000748800000, 0x0000000748a00000, 0x0000000748a00000|100%| O|  |TAMS 0x0000000748a00000| PB 0x0000000748a00000| Untracked |  0
|  35|0x0000000748a00000, 0x0000000748c00000, 0x0000000748c00000|100%| O|  |TAMS 0x0000000748c00000| PB 0x0000000748c00000| Untracked |  0
|  36|0x0000000748c00000, 0x0000000748e00000, 0x0000000748e00000|100%| O|  |TAMS 0x0000000748e00000| PB 0x0000000748e00000| Untracked |  0
|  37|0x0000000748e00000, 0x0000000749000000, 0x0000000749000000|100%| O|  |TAMS 0x0000000749000000| PB 0x0000000749000000| Untracked |  0
|  38|0x0000000749000000, 0x0000000749200000, 0x0000000749200000|100%| O|  |TAMS 0x0000000749200000| PB 0x0000000749200000| Untracked |  0
|  39|0x0000000749200000, 0x0000000749400000, 0x0000000749400000|100%| O|  |TAMS 0x0000000749400000| PB 0x0000000749400000| Untracked |  0
|  40|0x0000000749400000, 0x0000000749600000, 0x0000000749600000|100%| O|  |TAMS 0x0000000749600000| PB 0x0000000749600000| Untracked |  0
|  41|0x0000000749600000, 0x0000000749800000, 0x0000000749800000|100%| O|  |TAMS 0x0000000749800000| PB 0x0000000749800000| Untracked |  0
|  42|0x0000000749800000, 0x0000000749a00000, 0x0000000749a00000|100%| O|  |TAMS 0x0000000749a00000| PB 0x0000000749a00000| Untracked |  0
|  43|0x0000000749a00000, 0x0000000749c00000, 0x0000000749c00000|100%| O|  |TAMS 0x0000000749c00000| PB 0x0000000749c00000| Updating |  0
|  44|0x0000000749c00000, 0x0000000749e00000, 0x0000000749e00000|100%| O|  |TAMS 0x0000000749e00000| PB 0x0000000749e00000| Updating |  0
|  45|0x0000000749e00000, 0x000000074a000000, 0x000000074a000000|100%| O|  |TAMS 0x000000074a000000| PB 0x000000074a000000| Untracked |  0
|  46|0x000000074a000000, 0x000000074a200000, 0x000000074a200000|100%| O|  |TAMS 0x000000074a200000| PB 0x000000074a200000| Untracked |  0
|  47|0x000000074a200000, 0x000000074a400000, 0x000000074a400000|100%| O|  |TAMS 0x000000074a400000| PB 0x000000074a400000| Untracked |  0
|  48|0x000000074a400000, 0x000000074a600000, 0x000000074a600000|100%| O|  |TAMS 0x000000074a600000| PB 0x000000074a600000| Untracked |  0
|  49|0x000000074a600000, 0x000000074a800000, 0x000000074a800000|100%| O|  |TAMS 0x000000074a800000| PB 0x000000074a800000| Untracked |  0
|  50|0x000000074a800000, 0x000000074aa00000, 0x000000074aa00000|100%| O|  |TAMS 0x000000074aa00000| PB 0x000000074aa00000| Untracked |  0
|  51|0x000000074aa00000, 0x000000074ac00000, 0x000000074ac00000|100%| O|  |TAMS 0x000000074ac00000| PB 0x000000074ac00000| Untracked |  0
|  52|0x000000074ac00000, 0x000000074ae00000, 0x000000074ae00000|100%| O|  |TAMS 0x000000074ae00000| PB 0x000000074ae00000| Untracked |  0
|  53|0x000000074ae00000, 0x000000074b000000, 0x000000074b000000|100%| O|  |TAMS 0x000000074b000000| PB 0x000000074b000000| Untracked |  0
|  54|0x000000074b000000, 0x000000074b200000, 0x000000074b200000|100%| O|  |TAMS 0x000000074b200000| PB 0x000000074b200000| Untracked |  0
|  55|0x000000074b200000, 0x000000074b400000, 0x000000074b400000|100%| O|  |TAMS 0x000000074b400000| PB 0x000000074b400000| Untracked |  0
|  56|0x000000074b400000, 0x000000074b600000, 0x000000074b600000|100%| O|  |TAMS 0x000000074b600000| PB 0x000000074b600000| Untracked |  0
|  57|0x000000074b600000, 0x000000074b800000, 0x000000074b800000|100%| O|  |TAMS 0x000000074b800000| PB 0x000000074b800000| Untracked |  0
|  58|0x000000074b800000, 0x000000074ba00000, 0x000000074ba00000|100%| O|  |TAMS 0x000000074ba00000| PB 0x000000074ba00000| Untracked |  0
|  59|0x000000074ba00000, 0x000000074bc00000, 0x000000074bc00000|100%| O|  |TAMS 0x000000074bc00000| PB 0x000000074bc00000| Untracked |  0
|  60|0x000000074bc00000, 0x000000074be00000, 0x000000074be00000|100%| O|  |TAMS 0x000000074be00000| PB 0x000000074be00000| Untracked |  0
|  61|0x000000074be00000, 0x000000074c000000, 0x000000074c000000|100%| O|  |TAMS 0x000000074c000000| PB 0x000000074c000000| Untracked |  0
|  62|0x000000074c000000, 0x000000074c200000, 0x000000074c200000|100%| O|  |TAMS 0x000000074c200000| PB 0x000000074c200000| Untracked |  0
|  63|0x000000074c200000, 0x000000074c400000, 0x000000074c400000|100%| O|  |TAMS 0x000000074c400000| PB 0x000000074c400000| Untracked |  0
|  64|0x000000074c400000, 0x000000074c600000, 0x000000074c600000|100%| O|  |TAMS 0x000000074c600000| PB 0x000000074c600000| Untracked |  0
|  65|0x000000074c600000, 0x000000074c800000, 0x000000074c800000|100%| O|  |TAMS 0x000000074c800000| PB 0x000000074c800000| Untracked |  0
|  66|0x000000074c800000, 0x000000074ca00000, 0x000000074ca00000|100%| O|  |TAMS 0x000000074ca00000| PB 0x000000074ca00000| Untracked |  0
|  67|0x000000074ca00000, 0x000000074cc00000, 0x000000074cc00000|100%| O|  |TAMS 0x000000074cc00000| PB 0x000000074cc00000| Untracked |  0
|  68|0x000000074cc00000, 0x000000074ce00000, 0x000000074ce00000|100%| O|  |TAMS 0x000000074ce00000| PB 0x000000074ce00000| Untracked |  0
|  69|0x000000074ce00000, 0x000000074d000000, 0x000000074d000000|100%| O|  |TAMS 0x000000074d000000| PB 0x000000074d000000| Untracked |  0
|  70|0x000000074d000000, 0x000000074d200000, 0x000000074d200000|100%| O|  |TAMS 0x000000074d200000| PB 0x000000074d200000| Untracked |  0
|  71|0x000000074d200000, 0x000000074d400000, 0x000000074d400000|100%| O|  |TAMS 0x000000074d400000| PB 0x000000074d400000| Untracked |  0
|  72|0x000000074d400000, 0x000000074d600000, 0x000000074d600000|100%| O|  |TAMS 0x000000074d600000| PB 0x000000074d600000| Untracked |  0
|  73|0x000000074d600000, 0x000000074d800000, 0x000000074d800000|100%| O|  |TAMS 0x000000074d800000| PB 0x000000074d800000| Untracked |  0
|  74|0x000000074d800000, 0x000000074da00000, 0x000000074da00000|100%| O|  |TAMS 0x000000074da00000| PB 0x000000074da00000| Untracked |  0
|  75|0x000000074da00000, 0x000000074dc00000, 0x000000074dc00000|100%| O|  |TAMS 0x000000074dc00000| PB 0x000000074dc00000| Untracked |  0
|  76|0x000000074dc00000, 0x000000074de00000, 0x000000074de00000|100%| O|  |TAMS 0x000000074de00000| PB 0x000000074de00000| Untracked |  0
|  77|0x000000074de00000, 0x000000074e000000, 0x000000074e000000|100%| O|  |TAMS 0x000000074e000000| PB 0x000000074e000000| Untracked |  0
|  78|0x000000074e000000, 0x000000074e200000, 0x000000074e200000|100%| O|  |TAMS 0x000000074e200000| PB 0x000000074e200000| Untracked |  0
|  79|0x000000074e200000, 0x000000074e400000, 0x000000074e400000|100%| O|  |TAMS 0x000000074e400000| PB 0x000000074e400000| Untracked |  0
|  80|0x000000074e400000, 0x000000074e600000, 0x000000074e600000|100%| O|  |TAMS 0x000000074e600000| PB 0x000000074e600000| Untracked |  0
|  81|0x000000074e600000, 0x000000074e800000, 0x000000074e800000|100%| O|  |TAMS 0x000000074e800000| PB 0x000000074e800000| Untracked |  0
|  82|0x000000074e800000, 0x000000074ea00000, 0x000000074ea00000|100%| O|  |TAMS 0x000000074ea00000| PB 0x000000074ea00000| Untracked |  0
|  83|0x000000074ea00000, 0x000000074ec00000, 0x000000074ec00000|100%| O|  |TAMS 0x000000074ec00000| PB 0x000000074ec00000| Untracked |  0
|  84|0x000000074ec00000, 0x000000074ee00000, 0x000000074ee00000|100%| O|  |TAMS 0x000000074ee00000| PB 0x000000074ee00000| Untracked |  0
|  85|0x000000074ee00000, 0x000000074f000000, 0x000000074f000000|100%| O|  |TAMS 0x000000074f000000| PB 0x000000074f000000| Untracked |  0
|  86|0x000000074f000000, 0x000000074f200000, 0x000000074f200000|100%| O|  |TAMS 0x000000074f200000| PB 0x000000074f200000| Untracked |  0
|  87|0x000000074f200000, 0x000000074f400000, 0x000000074f400000|100%| O|  |TAMS 0x000000074f400000| PB 0x000000074f400000| Untracked |  0
|  88|0x000000074f400000, 0x000000074f600000, 0x000000074f600000|100%| O|  |TAMS 0x000000074f600000| PB 0x000000074f600000| Untracked |  0
|  89|0x000000074f600000, 0x000000074f800000, 0x000000074f800000|100%| O|  |TAMS 0x000000074f800000| PB 0x000000074f800000| Untracked |  0
|  90|0x000000074f800000, 0x000000074fa00000, 0x000000074fa00000|100%| O|  |TAMS 0x000000074fa00000| PB 0x000000074fa00000| Untracked |  0
|  91|0x000000074fa00000, 0x000000074fc00000, 0x000000074fc00000|100%| O|  |TAMS 0x000000074fc00000| PB 0x000000074fc00000| Untracked |  0
|  92|0x000000074fc00000, 0x000000074fe00000, 0x000000074fe00000|100%| O|  |TAMS 0x000000074fe00000| PB 0x000000074fe00000| Untracked |  0
|  93|0x000000074fe00000, 0x0000000750000000, 0x0000000750000000|100%| O|  |TAMS 0x0000000750000000| PB 0x0000000750000000| Untracked |  0
|  94|0x0000000750000000, 0x0000000750200000, 0x0000000750200000|100%| O|  |TAMS 0x0000000750200000| PB 0x0000000750200000| Untracked |  0
|  95|0x0000000750200000, 0x0000000750400000, 0x0000000750400000|100%| O|  |TAMS 0x0000000750400000| PB 0x0000000750400000| Untracked |  0
|  96|0x0000000750400000, 0x0000000750600000, 0x0000000750600000|100%| O|  |TAMS 0x0000000750600000| PB 0x0000000750600000| Untracked |  0
|  97|0x0000000750600000, 0x0000000750800000, 0x0000000750800000|100%| O|  |TAMS 0x0000000750800000| PB 0x0000000750800000| Untracked |  0
|  98|0x0000000750800000, 0x0000000750a00000, 0x0000000750a00000|100%| O|  |TAMS 0x0000000750a00000| PB 0x0000000750a00000| Untracked |  0
|  99|0x0000000750a00000, 0x0000000750c00000, 0x0000000750c00000|100%| O|  |TAMS 0x0000000750c00000| PB 0x0000000750c00000| Untracked |  0
| 100|0x0000000750c00000, 0x0000000750e00000, 0x0000000750e00000|100%| O|  |TAMS 0x0000000750e00000| PB 0x0000000750e00000| Untracked |  0
| 101|0x0000000750e00000, 0x0000000751000000, 0x0000000751000000|100%| O|  |TAMS 0x0000000751000000| PB 0x0000000751000000| Untracked |  0
| 102|0x0000000751000000, 0x0000000751200000, 0x0000000751200000|100%| O|  |TAMS 0x0000000751200000| PB 0x0000000751200000| Untracked |  0
| 103|0x0000000751200000, 0x0000000751400000, 0x0000000751400000|100%| O|  |TAMS 0x0000000751400000| PB 0x0000000751400000| Untracked |  0
| 104|0x0000000751400000, 0x0000000751600000, 0x0000000751600000|100%| O|  |TAMS 0x0000000751600000| PB 0x0000000751600000| Untracked |  0
| 105|0x0000000751600000, 0x0000000751800000, 0x0000000751800000|100%| O|  |TAMS 0x0000000751800000| PB 0x0000000751800000| Untracked |  0
| 106|0x0000000751800000, 0x0000000751a00000, 0x0000000751a00000|100%| O|  |TAMS 0x0000000751a00000| PB 0x0000000751a00000| Untracked |  0
| 107|0x0000000751a00000, 0x0000000751c00000, 0x0000000751c00000|100%| O|  |TAMS 0x0000000751c00000| PB 0x0000000751c00000| Untracked |  0
| 108|0x0000000751c00000, 0x0000000751e00000, 0x0000000751e00000|100%| O|  |TAMS 0x0000000751e00000| PB 0x0000000751e00000| Untracked |  0
| 109|0x0000000751e00000, 0x0000000752000000, 0x0000000752000000|100%| O|  |TAMS 0x0000000752000000| PB 0x0000000752000000| Untracked |  0
| 110|0x0000000752000000, 0x0000000752200000, 0x0000000752200000|100%| O|  |TAMS 0x0000000752200000| PB 0x0000000752200000| Untracked |  0
| 111|0x0000000752200000, 0x0000000752400000, 0x0000000752400000|100%| O|  |TAMS 0x0000000752400000| PB 0x0000000752400000| Untracked |  0
| 112|0x0000000752400000, 0x0000000752600000, 0x0000000752600000|100%| O|  |TAMS 0x0000000752600000| PB 0x0000000752600000| Untracked |  0
| 113|0x0000000752600000, 0x0000000752800000, 0x0000000752800000|100%| O|  |TAMS 0x0000000752800000| PB 0x0000000752800000| Untracked |  0
| 114|0x0000000752800000, 0x0000000752a00000, 0x0000000752a00000|100%| O|  |TAMS 0x0000000752a00000| PB 0x0000000752a00000| Untracked |  0
| 115|0x0000000752a00000, 0x0000000752c00000, 0x0000000752c00000|100%| O|  |TAMS 0x0000000752c00000| PB 0x0000000752c00000| Untracked |  0
| 116|0x0000000752c00000, 0x0000000752e00000, 0x0000000752e00000|100%| O|  |TAMS 0x0000000752e00000| PB 0x0000000752e00000| Untracked |  0
| 117|0x0000000752e00000, 0x0000000753000000, 0x0000000753000000|100%| O|  |TAMS 0x0000000753000000| PB 0x0000000753000000| Untracked |  0
| 118|0x0000000753000000, 0x0000000753200000, 0x0000000753200000|100%| O|  |TAMS 0x0000000753200000| PB 0x0000000753200000| Untracked |  0
| 119|0x0000000753200000, 0x0000000753400000, 0x0000000753400000|100%| O|  |TAMS 0x0000000753400000| PB 0x0000000753400000| Untracked |  0
| 120|0x0000000753400000, 0x0000000753600000, 0x0000000753600000|100%| O|  |TAMS 0x0000000753600000| PB 0x0000000753600000| Untracked |  0
| 121|0x0000000753600000, 0x0000000753800000, 0x0000000753800000|100%| O|  |TAMS 0x0000000753800000| PB 0x0000000753800000| Untracked |  0
| 122|0x0000000753800000, 0x0000000753a00000, 0x0000000753a00000|100%| O|  |TAMS 0x0000000753a00000| PB 0x0000000753a00000| Untracked |  0
| 123|0x0000000753a00000, 0x0000000753c00000, 0x0000000753c00000|100%| O|  |TAMS 0x0000000753c00000| PB 0x0000000753c00000| Untracked |  0
| 124|0x0000000753c00000, 0x0000000753e00000, 0x0000000753e00000|100%| O|  |TAMS 0x0000000753e00000| PB 0x0000000753e00000| Untracked |  0
| 125|0x0000000753e00000, 0x0000000754000000, 0x0000000754000000|100%| O|  |TAMS 0x0000000754000000| PB 0x0000000754000000| Untracked |  0
| 126|0x0000000754000000, 0x0000000754200000, 0x0000000754200000|100%| O|  |TAMS 0x0000000754200000| PB 0x0000000754200000| Untracked |  0
| 127|0x0000000754200000, 0x0000000754400000, 0x0000000754400000|100%| O|  |TAMS 0x0000000754400000| PB 0x0000000754400000| Untracked |  0
| 128|0x0000000754400000, 0x0000000754600000, 0x0000000754600000|100%| O|  |TAMS 0x0000000754600000| PB 0x0000000754600000| Untracked |  0
| 129|0x0000000754600000, 0x0000000754800000, 0x0000000754800000|100%| O|  |TAMS 0x0000000754800000| PB 0x0000000754800000| Untracked |  0
| 130|0x0000000754800000, 0x0000000754a00000, 0x0000000754a00000|100%| O|  |TAMS 0x0000000754a00000| PB 0x0000000754a00000| Untracked |  0
| 131|0x0000000754a00000, 0x0000000754c00000, 0x0000000754c00000|100%| O|  |TAMS 0x0000000754c00000| PB 0x0000000754c00000| Untracked |  0
| 132|0x0000000754c00000, 0x0000000754e00000, 0x0000000754e00000|100%| O|  |TAMS 0x0000000754e00000| PB 0x0000000754e00000| Untracked |  0
| 133|0x0000000754e00000, 0x0000000755000000, 0x0000000755000000|100%| O|  |TAMS 0x0000000755000000| PB 0x0000000755000000| Untracked |  0
| 134|0x0000000755000000, 0x0000000755200000, 0x0000000755200000|100%| O|  |TAMS 0x0000000755200000| PB 0x0000000755200000| Untracked |  0
| 135|0x0000000755200000, 0x0000000755400000, 0x0000000755400000|100%| O|  |TAMS 0x0000000755400000| PB 0x0000000755400000| Untracked |  0
| 136|0x0000000755400000, 0x0000000755600000, 0x0000000755600000|100%| O|  |TAMS 0x0000000755600000| PB 0x0000000755600000| Untracked |  0
| 137|0x0000000755600000, 0x0000000755800000, 0x0000000755800000|100%| O|  |TAMS 0x0000000755800000| PB 0x0000000755800000| Untracked |  0
| 138|0x0000000755800000, 0x0000000755a00000, 0x0000000755a00000|100%| O|  |TAMS 0x0000000755a00000| PB 0x0000000755a00000| Untracked |  0
| 139|0x0000000755a00000, 0x0000000755c00000, 0x0000000755c00000|100%| O|  |TAMS 0x0000000755c00000| PB 0x0000000755c00000| Untracked |  0
| 140|0x0000000755c00000, 0x0000000755e00000, 0x0000000755e00000|100%| O|  |TAMS 0x0000000755e00000| PB 0x0000000755e00000| Untracked |  0
| 141|0x0000000755e00000, 0x0000000756000000, 0x0000000756000000|100%| O|  |TAMS 0x0000000756000000| PB 0x0000000756000000| Untracked |  0
| 142|0x0000000756000000, 0x0000000756200000, 0x0000000756200000|100%| O|  |TAMS 0x0000000756200000| PB 0x0000000756200000| Untracked |  0
| 143|0x0000000756200000, 0x0000000756400000, 0x0000000756400000|100%| O|  |TAMS 0x0000000756400000| PB 0x0000000756400000| Untracked |  0
| 144|0x0000000756400000, 0x0000000756600000, 0x0000000756600000|100%| O|  |TAMS 0x0000000756600000| PB 0x0000000756600000| Updating |  0
| 145|0x0000000756600000, 0x0000000756800000, 0x0000000756800000|100%| O|  |TAMS 0x0000000756800000| PB 0x0000000756800000| Untracked |  0
| 146|0x0000000756800000, 0x0000000756a00000, 0x0000000756a00000|100%| O|  |TAMS 0x0000000756a00000| PB 0x0000000756a00000| Untracked |  0
| 147|0x0000000756a00000, 0x0000000756c00000, 0x0000000756c00000|100%| O|  |TAMS 0x0000000756c00000| PB 0x0000000756c00000| Untracked |  0
| 148|0x0000000756c00000, 0x0000000756e00000, 0x0000000756e00000|100%| O|  |TAMS 0x0000000756e00000| PB 0x0000000756e00000| Untracked |  0
| 149|0x0000000756e00000, 0x0000000757000000, 0x0000000757000000|100%| O|  |TAMS 0x0000000757000000| PB 0x0000000757000000| Untracked |  0
| 150|0x0000000757000000, 0x0000000757200000, 0x0000000757200000|100%| O|  |TAMS 0x0000000757200000| PB 0x0000000757200000| Untracked |  0
| 151|0x0000000757200000, 0x0000000757400000, 0x0000000757400000|100%| O|  |TAMS 0x0000000757400000| PB 0x0000000757400000| Untracked |  0
| 152|0x0000000757400000, 0x0000000757600000, 0x0000000757600000|100%| O|  |TAMS 0x0000000757600000| PB 0x0000000757600000| Untracked |  0
| 153|0x0000000757600000, 0x0000000757800000, 0x0000000757800000|100%| O|  |TAMS 0x0000000757800000| PB 0x0000000757800000| Untracked |  0
| 154|0x0000000757800000, 0x0000000757a00000, 0x0000000757a00000|100%| O|  |TAMS 0x0000000757a00000| PB 0x0000000757a00000| Untracked |  0
| 155|0x0000000757a00000, 0x0000000757c00000, 0x0000000757c00000|100%| O|  |TAMS 0x0000000757c00000| PB 0x0000000757c00000| Untracked |  0
| 156|0x0000000757c00000, 0x0000000757e00000, 0x0000000757e00000|100%| O|  |TAMS 0x0000000757e00000| PB 0x0000000757e00000| Untracked |  0
| 157|0x0000000757e00000, 0x0000000758000000, 0x0000000758000000|100%| O|  |TAMS 0x0000000758000000| PB 0x0000000758000000| Untracked |  0
| 158|0x0000000758000000, 0x0000000758200000, 0x0000000758200000|100%| O|  |TAMS 0x0000000758200000| PB 0x0000000758200000| Untracked |  0
| 159|0x0000000758200000, 0x0000000758400000, 0x0000000758400000|100%| O|  |TAMS 0x0000000758400000| PB 0x0000000758400000| Untracked |  0
| 160|0x0000000758400000, 0x0000000758600000, 0x0000000758600000|100%| O|  |TAMS 0x0000000758600000| PB 0x0000000758600000| Untracked |  0
| 161|0x0000000758600000, 0x0000000758800000, 0x0000000758800000|100%| O|  |TAMS 0x0000000758800000| PB 0x0000000758800000| Untracked |  0
| 162|0x0000000758800000, 0x0000000758a00000, 0x0000000758a00000|100%| O|  |TAMS 0x0000000758a00000| PB 0x0000000758a00000| Untracked |  0
| 163|0x0000000758a00000, 0x0000000758c00000, 0x0000000758c00000|100%| O|  |TAMS 0x0000000758c00000| PB 0x0000000758c00000| Untracked |  0
| 164|0x0000000758c00000, 0x0000000758e00000, 0x0000000758e00000|100%| O|  |TAMS 0x0000000758e00000| PB 0x0000000758e00000| Untracked |  0
| 165|0x0000000758e00000, 0x0000000759000000, 0x0000000759000000|100%| O|  |TAMS 0x0000000759000000| PB 0x0000000759000000| Untracked |  0
| 166|0x0000000759000000, 0x0000000759200000, 0x0000000759200000|100%| O|  |TAMS 0x0000000759200000| PB 0x0000000759200000| Untracked |  0
| 167|0x0000000759200000, 0x0000000759400000, 0x0000000759400000|100%| O|  |TAMS 0x0000000759400000| PB 0x0000000759400000| Untracked |  0
| 168|0x0000000759400000, 0x0000000759600000, 0x0000000759600000|100%| O|  |TAMS 0x0000000759600000| PB 0x0000000759600000| Untracked |  0
| 169|0x0000000759600000, 0x0000000759800000, 0x0000000759800000|100%| O|  |TAMS 0x0000000759800000| PB 0x0000000759800000| Untracked |  0
| 170|0x0000000759800000, 0x0000000759a00000, 0x0000000759a00000|100%| O|  |TAMS 0x0000000759a00000| PB 0x0000000759a00000| Untracked |  0
| 171|0x0000000759a00000, 0x0000000759c00000, 0x0000000759c00000|100%| O|  |TAMS 0x0000000759c00000| PB 0x0000000759c00000| Untracked |  0
| 172|0x0000000759c00000, 0x0000000759e00000, 0x0000000759e00000|100%| O|  |TAMS 0x0000000759e00000| PB 0x0000000759e00000| Untracked |  0
| 173|0x0000000759e00000, 0x000000075a000000, 0x000000075a000000|100%| O|  |TAMS 0x000000075a000000| PB 0x000000075a000000| Untracked |  0
| 174|0x000000075a000000, 0x000000075a200000, 0x000000075a200000|100%| O|  |TAMS 0x000000075a200000| PB 0x000000075a200000| Untracked |  0
| 175|0x000000075a200000, 0x000000075a400000, 0x000000075a400000|100%| O|  |TAMS 0x000000075a400000| PB 0x000000075a400000| Untracked |  0
| 176|0x000000075a400000, 0x000000075a600000, 0x000000075a600000|100%| O|  |TAMS 0x000000075a600000| PB 0x000000075a600000| Untracked |  0
| 177|0x000000075a600000, 0x000000075a800000, 0x000000075a800000|100%| O|  |TAMS 0x000000075a800000| PB 0x000000075a800000| Updating |  0
| 178|0x000000075a800000, 0x000000075aa00000, 0x000000075aa00000|100%| O|  |TAMS 0x000000075aa00000| PB 0x000000075aa00000| Untracked |  0
| 179|0x000000075aa00000, 0x000000075ac00000, 0x000000075ac00000|100%| O|  |TAMS 0x000000075ac00000| PB 0x000000075ac00000| Untracked |  0
| 180|0x000000075ac00000, 0x000000075ae00000, 0x000000075ae00000|100%| O|  |TAMS 0x000000075ae00000| PB 0x000000075ae00000| Untracked |  0
| 181|0x000000075ae00000, 0x000000075b000000, 0x000000075b000000|100%| O|  |TAMS 0x000000075b000000| PB 0x000000075b000000| Untracked |  0
| 182|0x000000075b000000, 0x000000075b200000, 0x000000075b200000|100%| O|  |TAMS 0x000000075b200000| PB 0x000000075b200000| Untracked |  0
| 183|0x000000075b200000, 0x000000075b400000, 0x000000075b400000|100%| O|  |TAMS 0x000000075b400000| PB 0x000000075b400000| Untracked |  0
| 184|0x000000075b400000, 0x000000075b600000, 0x000000075b600000|100%| O|  |TAMS 0x000000075b600000| PB 0x000000075b600000| Untracked |  0
| 185|0x000000075b600000, 0x000000075b800000, 0x000000075b800000|100%| O|  |TAMS 0x000000075b800000| PB 0x000000075b800000| Untracked |  0
| 186|0x000000075b800000, 0x000000075ba00000, 0x000000075ba00000|100%| O|  |TAMS 0x000000075ba00000| PB 0x000000075ba00000| Untracked |  0
| 187|0x000000075ba00000, 0x000000075bc00000, 0x000000075bc00000|100%| O|  |TAMS 0x000000075bc00000| PB 0x000000075bc00000| Untracked |  0
| 188|0x000000075bc00000, 0x000000075be00000, 0x000000075be00000|100%| O|  |TAMS 0x000000075be00000| PB 0x000000075be00000| Untracked |  0
| 189|0x000000075be00000, 0x000000075c000000, 0x000000075c000000|100%| O|  |TAMS 0x000000075c000000| PB 0x000000075c000000| Untracked |  0
| 190|0x000000075c000000, 0x000000075c200000, 0x000000075c200000|100%| O|  |TAMS 0x000000075c200000| PB 0x000000075c200000| Untracked |  0
| 191|0x000000075c200000, 0x000000075c400000, 0x000000075c400000|100%| O|  |TAMS 0x000000075c400000| PB 0x000000075c400000| Untracked |  0
| 192|0x000000075c400000, 0x000000075c600000, 0x000000075c600000|100%| O|  |TAMS 0x000000075c600000| PB 0x000000075c600000| Untracked |  0
| 193|0x000000075c600000, 0x000000075c800000, 0x000000075c800000|100%| O|  |TAMS 0x000000075c800000| PB 0x000000075c800000| Untracked |  0
| 194|0x000000075c800000, 0x000000075ca00000, 0x000000075ca00000|100%| O|  |TAMS 0x000000075ca00000| PB 0x000000075ca00000| Untracked |  0
| 195|0x000000075ca00000, 0x000000075cc00000, 0x000000075cc00000|100%| O|  |TAMS 0x000000075cc00000| PB 0x000000075cc00000| Untracked |  0
| 196|0x000000075cc00000, 0x000000075ce00000, 0x000000075ce00000|100%| O|  |TAMS 0x000000075ce00000| PB 0x000000075ce00000| Updating |  0
| 197|0x000000075ce00000, 0x000000075d000000, 0x000000075d000000|100%| O|  |TAMS 0x000000075d000000| PB 0x000000075d000000| Untracked |  0
| 198|0x000000075d000000, 0x000000075d200000, 0x000000075d200000|100%| O|  |TAMS 0x000000075d200000| PB 0x000000075d200000| Untracked |  0
| 199|0x000000075d200000, 0x000000075d400000, 0x000000075d400000|100%| O|  |TAMS 0x000000075d400000| PB 0x000000075d400000| Untracked |  0
| 200|0x000000075d400000, 0x000000075d600000, 0x000000075d600000|100%| O|  |TAMS 0x000000075d600000| PB 0x000000075d600000| Untracked |  0
| 201|0x000000075d600000, 0x000000075d800000, 0x000000075d800000|100%| O|  |TAMS 0x000000075d800000| PB 0x000000075d800000| Untracked |  0
| 202|0x000000075d800000, 0x000000075da00000, 0x000000075da00000|100%| O|  |TAMS 0x000000075da00000| PB 0x000000075da00000| Untracked |  0
| 203|0x000000075da00000, 0x000000075dc00000, 0x000000075dc00000|100%| O|  |TAMS 0x000000075dc00000| PB 0x000000075dc00000| Untracked |  0
| 204|0x000000075dc00000, 0x000000075de00000, 0x000000075de00000|100%| O|  |TAMS 0x000000075de00000| PB 0x000000075de00000| Untracked |  0
| 205|0x000000075de00000, 0x000000075e000000, 0x000000075e000000|100%| O|  |TAMS 0x000000075e000000| PB 0x000000075e000000| Untracked |  0
| 206|0x000000075e000000, 0x000000075e200000, 0x000000075e200000|100%| O|  |TAMS 0x000000075e200000| PB 0x000000075e200000| Untracked |  0
| 207|0x000000075e200000, 0x000000075e400000, 0x000000075e400000|100%| O|  |TAMS 0x000000075e400000| PB 0x000000075e400000| Untracked |  0
| 208|0x000000075e400000, 0x000000075e600000, 0x000000075e600000|100%| O|  |TAMS 0x000000075e600000| PB 0x000000075e600000| Untracked |  0
| 209|0x000000075e600000, 0x000000075e800000, 0x000000075e800000|100%| O|  |TAMS 0x000000075e800000| PB 0x000000075e800000| Untracked |  0
| 210|0x000000075e800000, 0x000000075ea00000, 0x000000075ea00000|100%| O|  |TAMS 0x000000075ea00000| PB 0x000000075ea00000| Untracked |  0
| 211|0x000000075ea00000, 0x000000075ec00000, 0x000000075ec00000|100%| O|  |TAMS 0x000000075ec00000| PB 0x000000075ec00000| Untracked |  0
| 212|0x000000075ec00000, 0x000000075ee00000, 0x000000075ee00000|100%| O|  |TAMS 0x000000075ee00000| PB 0x000000075ee00000| Untracked |  0
| 213|0x000000075ee00000, 0x000000075f000000, 0x000000075f000000|100%| O|  |TAMS 0x000000075f000000| PB 0x000000075f000000| Untracked |  0
| 214|0x000000075f000000, 0x000000075f200000, 0x000000075f200000|100%| O|  |TAMS 0x000000075f200000| PB 0x000000075f200000| Untracked |  0
| 215|0x000000075f200000, 0x000000075f400000, 0x000000075f400000|100%| O|  |TAMS 0x000000075f400000| PB 0x000000075f400000| Untracked |  0
| 216|0x000000075f400000, 0x000000075f600000, 0x000000075f600000|100%| O|  |TAMS 0x000000075f600000| PB 0x000000075f600000| Untracked |  0
| 217|0x000000075f600000, 0x000000075f800000, 0x000000075f800000|100%| O|  |TAMS 0x000000075f800000| PB 0x000000075f800000| Untracked |  0
| 218|0x000000075f800000, 0x000000075fa00000, 0x000000075fa00000|100%| O|  |TAMS 0x000000075fa00000| PB 0x000000075fa00000| Untracked |  0
| 219|0x000000075fa00000, 0x000000075fc00000, 0x000000075fc00000|100%| O|  |TAMS 0x000000075fc00000| PB 0x000000075fc00000| Untracked |  0
| 220|0x000000075fc00000, 0x000000075fe00000, 0x000000075fe00000|100%| O|  |TAMS 0x000000075fe00000| PB 0x000000075fe00000| Untracked |  0
| 221|0x000000075fe00000, 0x0000000760000000, 0x0000000760000000|100%| O|  |TAMS 0x0000000760000000| PB 0x0000000760000000| Untracked |  0
| 222|0x0000000760000000, 0x0000000760200000, 0x0000000760200000|100%| O|  |TAMS 0x0000000760200000| PB 0x0000000760200000| Untracked |  0
| 223|0x0000000760200000, 0x0000000760400000, 0x0000000760400000|100%| O|  |TAMS 0x0000000760400000| PB 0x0000000760400000| Untracked |  0
| 224|0x0000000760400000, 0x0000000760600000, 0x0000000760600000|100%| O|  |TAMS 0x0000000760600000| PB 0x0000000760600000| Untracked |  0
| 225|0x0000000760600000, 0x0000000760800000, 0x0000000760800000|100%| O|  |TAMS 0x0000000760800000| PB 0x0000000760800000| Untracked |  0
| 226|0x0000000760800000, 0x0000000760a00000, 0x0000000760a00000|100%| O|  |TAMS 0x0000000760a00000| PB 0x0000000760a00000| Untracked |  0
| 227|0x0000000760a00000, 0x0000000760c00000, 0x0000000760c00000|100%| O|  |TAMS 0x0000000760c00000| PB 0x0000000760c00000| Untracked |  0
| 228|0x0000000760c00000, 0x0000000760e00000, 0x0000000760e00000|100%| O|  |TAMS 0x0000000760e00000| PB 0x0000000760e00000| Untracked |  0
| 229|0x0000000760e00000, 0x0000000761000000, 0x0000000761000000|100%| O|  |TAMS 0x0000000761000000| PB 0x0000000761000000| Untracked |  0
| 230|0x0000000761000000, 0x0000000761200000, 0x0000000761200000|100%| O|  |TAMS 0x0000000761200000| PB 0x0000000761200000| Untracked |  0
| 231|0x0000000761200000, 0x0000000761400000, 0x0000000761400000|100%| O|  |TAMS 0x0000000761400000| PB 0x0000000761400000| Untracked |  0
| 232|0x0000000761400000, 0x0000000761600000, 0x0000000761600000|100%| O|  |TAMS 0x0000000761600000| PB 0x0000000761600000| Untracked |  0
| 233|0x0000000761600000, 0x0000000761800000, 0x0000000761800000|100%| O|  |TAMS 0x0000000761800000| PB 0x0000000761800000| Untracked |  0
| 234|0x0000000761800000, 0x0000000761a00000, 0x0000000761a00000|100%| O|  |TAMS 0x0000000761a00000| PB 0x0000000761a00000| Untracked |  0
| 235|0x0000000761a00000, 0x0000000761c00000, 0x0000000761c00000|100%| O|  |TAMS 0x0000000761c00000| PB 0x0000000761c00000| Untracked |  0
| 236|0x0000000761c00000, 0x0000000761e00000, 0x0000000761e00000|100%| O|  |TAMS 0x0000000761e00000| PB 0x0000000761e00000| Untracked |  0
| 237|0x0000000761e00000, 0x0000000762000000, 0x0000000762000000|100%| O|  |TAMS 0x0000000762000000| PB 0x0000000762000000| Untracked |  0
| 238|0x0000000762000000, 0x0000000762200000, 0x0000000762200000|100%| O|  |TAMS 0x0000000762200000| PB 0x0000000762200000| Untracked |  0
| 239|0x0000000762200000, 0x0000000762400000, 0x0000000762400000|100%| O|  |TAMS 0x0000000762400000| PB 0x0000000762400000| Untracked |  0
| 240|0x0000000762400000, 0x0000000762600000, 0x0000000762600000|100%| O|  |TAMS 0x0000000762600000| PB 0x0000000762600000| Untracked |  0
| 241|0x0000000762600000, 0x0000000762800000, 0x0000000762800000|100%| O|  |TAMS 0x0000000762800000| PB 0x0000000762800000| Untracked |  0
| 242|0x0000000762800000, 0x0000000762a00000, 0x0000000762a00000|100%| O|  |TAMS 0x0000000762a00000| PB 0x0000000762a00000| Untracked |  0
| 243|0x0000000762a00000, 0x0000000762c00000, 0x0000000762c00000|100%| O|  |TAMS 0x0000000762c00000| PB 0x0000000762c00000| Untracked |  0
| 244|0x0000000762c00000, 0x0000000762e00000, 0x0000000762e00000|100%| O|  |TAMS 0x0000000762e00000| PB 0x0000000762e00000| Untracked |  0
| 245|0x0000000762e00000, 0x0000000763000000, 0x0000000763000000|100%| O|  |TAMS 0x0000000763000000| PB 0x0000000763000000| Untracked |  0
| 246|0x0000000763000000, 0x0000000763200000, 0x0000000763200000|100%| O|  |TAMS 0x0000000763200000| PB 0x0000000763200000| Untracked |  0
| 247|0x0000000763200000, 0x0000000763400000, 0x0000000763400000|100%| O|  |TAMS 0x0000000763400000| PB 0x0000000763400000| Untracked |  0
| 248|0x0000000763400000, 0x0000000763600000, 0x0000000763600000|100%| O|  |TAMS 0x0000000763600000| PB 0x0000000763600000| Untracked |  0
| 249|0x0000000763600000, 0x0000000763800000, 0x0000000763800000|100%| O|  |TAMS 0x0000000763800000| PB 0x0000000763800000| Untracked |  0
| 250|0x0000000763800000, 0x0000000763a00000, 0x0000000763a00000|100%| O|  |TAMS 0x0000000763a00000| PB 0x0000000763a00000| Untracked |  0
| 251|0x0000000763a00000, 0x0000000763c00000, 0x0000000763c00000|100%| O|  |TAMS 0x0000000763c00000| PB 0x0000000763c00000| Untracked |  0
| 252|0x0000000763c00000, 0x0000000763e00000, 0x0000000763e00000|100%| O|  |TAMS 0x0000000763e00000| PB 0x0000000763e00000| Untracked |  0
| 253|0x0000000763e00000, 0x0000000764000000, 0x0000000764000000|100%| O|  |TAMS 0x0000000764000000| PB 0x0000000764000000| Untracked |  0
| 254|0x0000000764000000, 0x0000000764200000, 0x0000000764200000|100%| O|  |TAMS 0x0000000764200000| PB 0x0000000764200000| Untracked |  0
| 255|0x0000000764200000, 0x0000000764400000, 0x0000000764400000|100%| O|  |TAMS 0x0000000764400000| PB 0x0000000764400000| Updating |  0
| 256|0x0000000764400000, 0x0000000764600000, 0x0000000764600000|100%| O|  |TAMS 0x0000000764600000| PB 0x0000000764600000| Updating |  0
| 257|0x0000000764600000, 0x0000000764800000, 0x0000000764800000|100%| O|  |TAMS 0x0000000764800000| PB 0x0000000764800000| Untracked |  0
| 258|0x0000000764800000, 0x0000000764a00000, 0x0000000764a00000|100%| O|  |TAMS 0x0000000764a00000| PB 0x0000000764a00000| Untracked |  0
| 259|0x0000000764a00000, 0x0000000764c00000, 0x0000000764c00000|100%| O|  |TAMS 0x0000000764c00000| PB 0x0000000764c00000| Untracked |  0
| 260|0x0000000764c00000, 0x0000000764e00000, 0x0000000764e00000|100%| O|  |TAMS 0x0000000764e00000| PB 0x0000000764e00000| Untracked |  0
| 261|0x0000000764e00000, 0x0000000765000000, 0x0000000765000000|100%| O|  |TAMS 0x0000000765000000| PB 0x0000000765000000| Untracked |  0
| 262|0x0000000765000000, 0x0000000765200000, 0x0000000765200000|100%| O|  |TAMS 0x0000000765200000| PB 0x0000000765200000| Untracked |  0
| 263|0x0000000765200000, 0x0000000765400000, 0x0000000765400000|100%| O|  |TAMS 0x0000000765400000| PB 0x0000000765400000| Untracked |  0
| 264|0x0000000765400000, 0x0000000765600000, 0x0000000765600000|100%| O|  |TAMS 0x0000000765600000| PB 0x0000000765600000| Untracked |  0
| 265|0x0000000765600000, 0x0000000765800000, 0x0000000765800000|100%| O|  |TAMS 0x0000000765800000| PB 0x0000000765800000| Untracked |  0
| 266|0x0000000765800000, 0x0000000765a00000, 0x0000000765a00000|100%| O|  |TAMS 0x0000000765a00000| PB 0x0000000765a00000| Untracked |  0
| 267|0x0000000765a00000, 0x0000000765c00000, 0x0000000765c00000|100%| O|  |TAMS 0x0000000765c00000| PB 0x0000000765c00000| Untracked |  0
| 268|0x0000000765c00000, 0x0000000765e00000, 0x0000000765e00000|100%| O|  |TAMS 0x0000000765e00000| PB 0x0000000765e00000| Untracked |  0
| 269|0x0000000765e00000, 0x0000000766000000, 0x0000000766000000|100%| O|  |TAMS 0x0000000766000000| PB 0x0000000766000000| Updating |  0
| 270|0x0000000766000000, 0x0000000766200000, 0x0000000766200000|100%| O|  |TAMS 0x0000000766200000| PB 0x0000000766200000| Untracked |  0
| 271|0x0000000766200000, 0x0000000766400000, 0x0000000766400000|100%| O|  |TAMS 0x0000000766400000| PB 0x0000000766400000| Untracked |  0
| 272|0x0000000766400000, 0x0000000766600000, 0x0000000766600000|100%| O|  |TAMS 0x0000000766600000| PB 0x0000000766600000| Untracked |  0
| 273|0x0000000766600000, 0x0000000766800000, 0x0000000766800000|100%| O|  |TAMS 0x0000000766800000| PB 0x0000000766800000| Untracked |  0
| 274|0x0000000766800000, 0x0000000766a00000, 0x0000000766a00000|100%| O|  |TAMS 0x0000000766a00000| PB 0x0000000766a00000| Untracked |  0
| 275|0x0000000766a00000, 0x0000000766c00000, 0x0000000766c00000|100%| O|  |TAMS 0x0000000766c00000| PB 0x0000000766c00000| Untracked |  0
| 276|0x0000000766c00000, 0x0000000766e00000, 0x0000000766e00000|100%| O|  |TAMS 0x0000000766e00000| PB 0x0000000766e00000| Untracked |  0
| 277|0x0000000766e00000, 0x0000000767000000, 0x0000000767000000|100%| O|  |TAMS 0x0000000767000000| PB 0x0000000767000000| Untracked |  0
| 278|0x0000000767000000, 0x0000000767200000, 0x0000000767200000|100%| O|  |TAMS 0x0000000767200000| PB 0x0000000767200000| Untracked |  0
| 279|0x0000000767200000, 0x0000000767400000, 0x0000000767400000|100%| O|  |TAMS 0x0000000767400000| PB 0x0000000767400000| Untracked |  0
| 280|0x0000000767400000, 0x0000000767600000, 0x0000000767600000|100%| O|  |TAMS 0x0000000767600000| PB 0x0000000767600000| Untracked |  0
| 281|0x0000000767600000, 0x0000000767800000, 0x0000000767800000|100%| O|  |TAMS 0x0000000767800000| PB 0x0000000767800000| Untracked |  0
| 282|0x0000000767800000, 0x0000000767a00000, 0x0000000767a00000|100%| O|  |TAMS 0x0000000767a00000| PB 0x0000000767a00000| Updating |  0
| 283|0x0000000767a00000, 0x0000000767c00000, 0x0000000767c00000|100%| O|  |TAMS 0x0000000767c00000| PB 0x0000000767c00000| Untracked |  0
| 284|0x0000000767c00000, 0x0000000767e00000, 0x0000000767e00000|100%| O|  |TAMS 0x0000000767e00000| PB 0x0000000767e00000| Untracked |  0
| 285|0x0000000767e00000, 0x0000000768000000, 0x0000000768000000|100%| O|  |TAMS 0x0000000768000000| PB 0x0000000768000000| Untracked |  0
| 286|0x0000000768000000, 0x0000000768200000, 0x0000000768200000|100%| O|  |TAMS 0x0000000768200000| PB 0x0000000768200000| Untracked |  0
| 287|0x0000000768200000, 0x0000000768400000, 0x0000000768400000|100%| O|  |TAMS 0x0000000768400000| PB 0x0000000768400000| Untracked |  0
| 288|0x0000000768400000, 0x0000000768600000, 0x0000000768600000|100%| O|  |TAMS 0x0000000768600000| PB 0x0000000768600000| Untracked |  0
| 289|0x0000000768600000, 0x0000000768800000, 0x0000000768800000|100%| O|  |TAMS 0x0000000768800000| PB 0x0000000768800000| Untracked |  0
| 290|0x0000000768800000, 0x0000000768a00000, 0x0000000768a00000|100%| O|  |TAMS 0x0000000768a00000| PB 0x0000000768a00000| Untracked |  0
| 291|0x0000000768a00000, 0x0000000768c00000, 0x0000000768c00000|100%| O|  |TAMS 0x0000000768c00000| PB 0x0000000768c00000| Untracked |  0
| 292|0x0000000768c00000, 0x0000000768e00000, 0x0000000768e00000|100%| O|  |TAMS 0x0000000768e00000| PB 0x0000000768e00000| Updating |  0
| 293|0x0000000768e00000, 0x0000000769000000, 0x0000000769000000|100%| O|  |TAMS 0x0000000769000000| PB 0x0000000769000000| Untracked |  0
| 294|0x0000000769000000, 0x0000000769200000, 0x0000000769200000|100%| O|  |TAMS 0x0000000769200000| PB 0x0000000769200000| Untracked |  0
| 295|0x0000000769200000, 0x0000000769400000, 0x0000000769400000|100%| O|  |TAMS 0x0000000769400000| PB 0x0000000769400000| Updating |  0
| 296|0x0000000769400000, 0x0000000769600000, 0x0000000769600000|100%| O|  |TAMS 0x0000000769600000| PB 0x0000000769600000| Untracked |  0
| 297|0x0000000769600000, 0x0000000769800000, 0x0000000769800000|100%| O|  |TAMS 0x0000000769800000| PB 0x0000000769800000| Untracked |  0
| 298|0x0000000769800000, 0x0000000769a00000, 0x0000000769a00000|100%| O|  |TAMS 0x0000000769a00000| PB 0x0000000769a00000| Untracked |  0
| 299|0x0000000769a00000, 0x0000000769c00000, 0x0000000769c00000|100%| O|  |TAMS 0x0000000769c00000| PB 0x0000000769c00000| Untracked |  0
| 300|0x0000000769c00000, 0x0000000769e00000, 0x0000000769e00000|100%| O|  |TAMS 0x0000000769e00000| PB 0x0000000769e00000| Untracked |  0
| 301|0x0000000769e00000, 0x000000076a000000, 0x000000076a000000|100%| O|  |TAMS 0x000000076a000000| PB 0x000000076a000000| Untracked |  0
| 302|0x000000076a000000, 0x000000076a200000, 0x000000076a200000|100%| O|  |TAMS 0x000000076a200000| PB 0x000000076a200000| Untracked |  0
| 303|0x000000076a200000, 0x000000076a400000, 0x000000076a400000|100%| O|  |TAMS 0x000000076a400000| PB 0x000000076a400000| Untracked |  0
| 304|0x000000076a400000, 0x000000076a600000, 0x000000076a600000|100%| O|  |TAMS 0x000000076a600000| PB 0x000000076a600000| Untracked |  0
| 305|0x000000076a600000, 0x000000076a800000, 0x000000076a800000|100%| O|  |TAMS 0x000000076a800000| PB 0x000000076a800000| Untracked |  0
| 306|0x000000076a800000, 0x000000076aa00000, 0x000000076aa00000|100%| O|  |TAMS 0x000000076aa00000| PB 0x000000076aa00000| Untracked |  0
| 307|0x000000076aa00000, 0x000000076ac00000, 0x000000076ac00000|100%| O|  |TAMS 0x000000076ac00000| PB 0x000000076ac00000| Untracked |  0
| 308|0x000000076ac00000, 0x000000076ae00000, 0x000000076ae00000|100%| O|  |TAMS 0x000000076ae00000| PB 0x000000076ae00000| Untracked |  0
| 309|0x000000076ae00000, 0x000000076b000000, 0x000000076b000000|100%| O|  |TAMS 0x000000076b000000| PB 0x000000076b000000| Untracked |  0
| 310|0x000000076b000000, 0x000000076b200000, 0x000000076b200000|100%| O|  |TAMS 0x000000076b200000| PB 0x000000076b200000| Updating |  0
| 311|0x000000076b200000, 0x000000076b400000, 0x000000076b400000|100%| O|  |TAMS 0x000000076b400000| PB 0x000000076b400000| Untracked |  0
| 312|0x000000076b400000, 0x000000076b600000, 0x000000076b600000|100%| O|  |TAMS 0x000000076b600000| PB 0x000000076b600000| Untracked |  0
| 313|0x000000076b600000, 0x000000076b800000, 0x000000076b800000|100%| O|  |TAMS 0x000000076b800000| PB 0x000000076b800000| Untracked |  0
| 314|0x000000076b800000, 0x000000076ba00000, 0x000000076ba00000|100%| O|  |TAMS 0x000000076ba00000| PB 0x000000076ba00000| Untracked |  0
| 315|0x000000076ba00000, 0x000000076bc00000, 0x000000076bc00000|100%| O|  |TAMS 0x000000076bc00000| PB 0x000000076bc00000| Untracked |  0
| 316|0x000000076bc00000, 0x000000076be00000, 0x000000076be00000|100%| O|  |TAMS 0x000000076be00000| PB 0x000000076be00000| Untracked |  0
| 317|0x000000076be00000, 0x000000076c000000, 0x000000076c000000|100%| O|  |TAMS 0x000000076c000000| PB 0x000000076c000000| Untracked |  0
| 318|0x000000076c000000, 0x000000076c200000, 0x000000076c200000|100%| O|  |TAMS 0x000000076c200000| PB 0x000000076c200000| Untracked |  0
| 319|0x000000076c200000, 0x000000076c400000, 0x000000076c400000|100%| O|  |TAMS 0x000000076c400000| PB 0x000000076c400000| Untracked |  0
| 320|0x000000076c400000, 0x000000076c600000, 0x000000076c600000|100%| O|  |TAMS 0x000000076c600000| PB 0x000000076c600000| Untracked |  0
| 321|0x000000076c600000, 0x000000076c800000, 0x000000076c800000|100%| O|  |TAMS 0x000000076c800000| PB 0x000000076c800000| Untracked |  0
| 322|0x000000076c800000, 0x000000076ca00000, 0x000000076ca00000|100%| O|  |TAMS 0x000000076ca00000| PB 0x000000076ca00000| Untracked |  0
| 323|0x000000076ca00000, 0x000000076cc00000, 0x000000076cc00000|100%| O|  |TAMS 0x000000076cc00000| PB 0x000000076cc00000| Untracked |  0
| 324|0x000000076cc00000, 0x000000076ce00000, 0x000000076ce00000|100%| O|  |TAMS 0x000000076ce00000| PB 0x000000076ce00000| Untracked |  0
| 325|0x000000076ce00000, 0x000000076d000000, 0x000000076d000000|100%| O|  |TAMS 0x000000076d000000| PB 0x000000076d000000| Untracked |  0
| 326|0x000000076d000000, 0x000000076d200000, 0x000000076d200000|100%| O|  |TAMS 0x000000076d200000| PB 0x000000076d200000| Untracked |  0
| 327|0x000000076d200000, 0x000000076d400000, 0x000000076d400000|100%| O|  |TAMS 0x000000076d400000| PB 0x000000076d400000| Untracked |  0
| 328|0x000000076d400000, 0x000000076d600000, 0x000000076d600000|100%| O|  |TAMS 0x000000076d600000| PB 0x000000076d600000| Untracked |  0
| 329|0x000000076d600000, 0x000000076d800000, 0x000000076d800000|100%| O|  |TAMS 0x000000076d800000| PB 0x000000076d800000| Updating |  0
| 330|0x000000076d800000, 0x000000076da00000, 0x000000076da00000|100%| O|  |TAMS 0x000000076da00000| PB 0x000000076da00000| Untracked |  0
| 331|0x000000076da00000, 0x000000076dc00000, 0x000000076dc00000|100%| O|  |TAMS 0x000000076dc00000| PB 0x000000076dc00000| Untracked |  0
| 332|0x000000076dc00000, 0x000000076de00000, 0x000000076de00000|100%| O|  |TAMS 0x000000076de00000| PB 0x000000076de00000| Untracked |  0
| 333|0x000000076de00000, 0x000000076e000000, 0x000000076e000000|100%| O|  |TAMS 0x000000076e000000| PB 0x000000076e000000| Untracked |  0
| 334|0x000000076e000000, 0x000000076e200000, 0x000000076e200000|100%| O|  |TAMS 0x000000076e200000| PB 0x000000076e200000| Untracked |  0
| 335|0x000000076e200000, 0x000000076e400000, 0x000000076e400000|100%| O|  |TAMS 0x000000076e400000| PB 0x000000076e400000| Untracked |  0
| 336|0x000000076e400000, 0x000000076e600000, 0x000000076e600000|100%| O|  |TAMS 0x000000076e600000| PB 0x000000076e600000| Untracked |  0
| 337|0x000000076e600000, 0x000000076e800000, 0x000000076e800000|100%| O|  |TAMS 0x000000076e800000| PB 0x000000076e800000| Untracked |  0
| 338|0x000000076e800000, 0x000000076ea00000, 0x000000076ea00000|100%| O|  |TAMS 0x000000076ea00000| PB 0x000000076ea00000| Untracked |  0
| 339|0x000000076ea00000, 0x000000076ec00000, 0x000000076ec00000|100%| O|  |TAMS 0x000000076ec00000| PB 0x000000076ec00000| Untracked |  0
| 340|0x000000076ec00000, 0x000000076ee00000, 0x000000076ee00000|100%| O|  |TAMS 0x000000076ee00000| PB 0x000000076ee00000| Untracked |  0
| 341|0x000000076ee00000, 0x000000076f000000, 0x000000076f000000|100%| O|  |TAMS 0x000000076f000000| PB 0x000000076f000000| Untracked |  0
| 342|0x000000076f000000, 0x000000076f200000, 0x000000076f200000|100%| O|  |TAMS 0x000000076f200000| PB 0x000000076f200000| Untracked |  0
| 343|0x000000076f200000, 0x000000076f400000, 0x000000076f400000|100%| O|  |TAMS 0x000000076f400000| PB 0x000000076f400000| Untracked |  0
| 344|0x000000076f400000, 0x000000076f600000, 0x000000076f600000|100%| O|  |TAMS 0x000000076f600000| PB 0x000000076f600000| Untracked |  0
| 345|0x000000076f600000, 0x000000076f800000, 0x000000076f800000|100%| O|  |TAMS 0x000000076f800000| PB 0x000000076f800000| Updating |  0
| 346|0x000000076f800000, 0x000000076fa00000, 0x000000076fa00000|100%| O|  |TAMS 0x000000076fa00000| PB 0x000000076fa00000| Untracked |  0
| 347|0x000000076fa00000, 0x000000076fc00000, 0x000000076fc00000|100%| O|  |TAMS 0x000000076fc00000| PB 0x000000076fc00000| Untracked |  0
| 348|0x000000076fc00000, 0x000000076fe00000, 0x000000076fe00000|100%| O|  |TAMS 0x000000076fe00000| PB 0x000000076fe00000| Untracked |  0
| 349|0x000000076fe00000, 0x0000000770000000, 0x0000000770000000|100%| O|  |TAMS 0x0000000770000000| PB 0x0000000770000000| Updating |  0
| 350|0x0000000770000000, 0x0000000770200000, 0x0000000770200000|100%| O|  |TAMS 0x0000000770200000| PB 0x0000000770200000| Untracked |  0
| 351|0x0000000770200000, 0x0000000770400000, 0x0000000770400000|100%| O|  |TAMS 0x0000000770400000| PB 0x0000000770400000| Untracked |  0
| 352|0x0000000770400000, 0x0000000770600000, 0x0000000770600000|100%| O|  |TAMS 0x0000000770600000| PB 0x0000000770600000| Untracked |  0
| 353|0x0000000770600000, 0x0000000770800000, 0x0000000770800000|100%| O|  |TAMS 0x0000000770800000| PB 0x0000000770800000| Untracked |  0
| 354|0x0000000770800000, 0x0000000770a00000, 0x0000000770a00000|100%| O|  |TAMS 0x0000000770a00000| PB 0x0000000770a00000| Untracked |  0
| 355|0x0000000770a00000, 0x0000000770c00000, 0x0000000770c00000|100%| O|  |TAMS 0x0000000770c00000| PB 0x0000000770c00000| Untracked |  0
| 356|0x0000000770c00000, 0x0000000770e00000, 0x0000000770e00000|100%| O|  |TAMS 0x0000000770e00000| PB 0x0000000770e00000| Updating |  0
| 357|0x0000000770e00000, 0x0000000771000000, 0x0000000771000000|100%| O|  |TAMS 0x0000000771000000| PB 0x0000000771000000| Untracked |  0
| 358|0x0000000771000000, 0x0000000771200000, 0x0000000771200000|100%| O|  |TAMS 0x0000000771200000| PB 0x0000000771200000| Untracked |  0
| 359|0x0000000771200000, 0x0000000771400000, 0x0000000771400000|100%| O|  |TAMS 0x0000000771400000| PB 0x0000000771400000| Untracked |  0
| 360|0x0000000771400000, 0x0000000771600000, 0x0000000771600000|100%| O|  |TAMS 0x0000000771600000| PB 0x0000000771600000| Untracked |  0
| 361|0x0000000771600000, 0x0000000771800000, 0x0000000771800000|100%| O|  |TAMS 0x0000000771800000| PB 0x0000000771800000| Untracked |  0
| 362|0x0000000771800000, 0x0000000771a00000, 0x0000000771a00000|100%| O|  |TAMS 0x0000000771a00000| PB 0x0000000771a00000| Untracked |  0
| 363|0x0000000771a00000, 0x0000000771c00000, 0x0000000771c00000|100%| O|  |TAMS 0x0000000771c00000| PB 0x0000000771c00000| Untracked |  0
| 364|0x0000000771c00000, 0x0000000771e00000, 0x0000000771e00000|100%| O|  |TAMS 0x0000000771e00000| PB 0x0000000771e00000| Untracked |  0
| 365|0x0000000771e00000, 0x0000000772000000, 0x0000000772000000|100%| O|  |TAMS 0x0000000772000000| PB 0x0000000772000000| Untracked |  0
| 366|0x0000000772000000, 0x0000000772200000, 0x0000000772200000|100%| O|  |TAMS 0x0000000772200000| PB 0x0000000772200000| Untracked |  0
| 367|0x0000000772200000, 0x0000000772400000, 0x0000000772400000|100%| O|  |TAMS 0x0000000772400000| PB 0x0000000772400000| Untracked |  0
| 368|0x0000000772400000, 0x0000000772600000, 0x0000000772600000|100%| O|  |TAMS 0x0000000772600000| PB 0x0000000772600000| Untracked |  0
| 369|0x0000000772600000, 0x0000000772800000, 0x0000000772800000|100%| O|  |TAMS 0x0000000772800000| PB 0x0000000772800000| Untracked |  0
| 370|0x0000000772800000, 0x0000000772a00000, 0x0000000772a00000|100%| O|  |TAMS 0x0000000772a00000| PB 0x0000000772a00000| Untracked |  0
| 371|0x0000000772a00000, 0x0000000772c00000, 0x0000000772c00000|100%| O|  |TAMS 0x0000000772c00000| PB 0x0000000772c00000| Untracked |  0
| 372|0x0000000772c00000, 0x0000000772e00000, 0x0000000772e00000|100%| O|  |TAMS 0x0000000772e00000| PB 0x0000000772e00000| Untracked |  0
| 373|0x0000000772e00000, 0x0000000773000000, 0x0000000773000000|100%| O|  |TAMS 0x0000000773000000| PB 0x0000000773000000| Untracked |  0
| 374|0x0000000773000000, 0x0000000773200000, 0x0000000773200000|100%| O|  |TAMS 0x0000000773200000| PB 0x0000000773200000| Untracked |  0
| 375|0x0000000773200000, 0x0000000773400000, 0x0000000773400000|100%| O|  |TAMS 0x0000000773400000| PB 0x0000000773400000| Untracked |  0
| 376|0x0000000773400000, 0x0000000773600000, 0x0000000773600000|100%| O|  |TAMS 0x0000000773600000| PB 0x0000000773600000| Untracked |  0
| 377|0x0000000773600000, 0x0000000773800000, 0x0000000773800000|100%| O|  |TAMS 0x0000000773800000| PB 0x0000000773800000| Untracked |  0
| 378|0x0000000773800000, 0x0000000773a00000, 0x0000000773a00000|100%| O|  |TAMS 0x0000000773a00000| PB 0x0000000773a00000| Untracked |  0
| 379|0x0000000773a00000, 0x0000000773c00000, 0x0000000773c00000|100%| O|  |TAMS 0x0000000773c00000| PB 0x0000000773c00000| Untracked |  0
| 380|0x0000000773c00000, 0x0000000773e00000, 0x0000000773e00000|100%| O|  |TAMS 0x0000000773e00000| PB 0x0000000773e00000| Untracked |  0
| 381|0x0000000773e00000, 0x0000000774000000, 0x0000000774000000|100%| O|  |TAMS 0x0000000774000000| PB 0x0000000774000000| Untracked |  0
| 382|0x0000000774000000, 0x0000000774200000, 0x0000000774200000|100%| O|  |TAMS 0x0000000774200000| PB 0x0000000774200000| Untracked |  0
| 383|0x0000000774200000, 0x0000000774400000, 0x0000000774400000|100%| O|  |TAMS 0x0000000774400000| PB 0x0000000774400000| Untracked |  0
| 384|0x0000000774400000, 0x0000000774600000, 0x0000000774600000|100%| O|  |TAMS 0x0000000774600000| PB 0x0000000774600000| Untracked |  0
| 385|0x0000000774600000, 0x0000000774800000, 0x0000000774800000|100%| O|  |TAMS 0x0000000774800000| PB 0x0000000774800000| Untracked |  0
| 386|0x0000000774800000, 0x0000000774a00000, 0x0000000774a00000|100%| O|  |TAMS 0x0000000774a00000| PB 0x0000000774a00000| Untracked |  0
| 387|0x0000000774a00000, 0x0000000774c00000, 0x0000000774c00000|100%| O|  |TAMS 0x0000000774c00000| PB 0x0000000774c00000| Untracked |  0
| 388|0x0000000774c00000, 0x0000000774e00000, 0x0000000774e00000|100%| O|  |TAMS 0x0000000774e00000| PB 0x0000000774e00000| Untracked |  0
| 389|0x0000000774e00000, 0x0000000775000000, 0x0000000775000000|100%| O|  |TAMS 0x0000000775000000| PB 0x0000000775000000| Untracked |  0
| 390|0x0000000775000000, 0x0000000775200000, 0x0000000775200000|100%| O|  |TAMS 0x0000000775200000| PB 0x0000000775200000| Untracked |  0
| 391|0x0000000775200000, 0x0000000775400000, 0x0000000775400000|100%| O|  |TAMS 0x0000000775400000| PB 0x0000000775400000| Untracked |  0
| 392|0x0000000775400000, 0x0000000775600000, 0x0000000775600000|100%| O|  |TAMS 0x0000000775600000| PB 0x0000000775600000| Untracked |  0
| 393|0x0000000775600000, 0x0000000775800000, 0x0000000775800000|100%| O|  |TAMS 0x0000000775800000| PB 0x0000000775800000| Untracked |  0
| 394|0x0000000775800000, 0x0000000775a00000, 0x0000000775a00000|100%| O|  |TAMS 0x0000000775a00000| PB 0x0000000775a00000| Untracked |  0
| 395|0x0000000775a00000, 0x0000000775c00000, 0x0000000775c00000|100%| O|  |TAMS 0x0000000775c00000| PB 0x0000000775c00000| Untracked |  0
| 396|0x0000000775c00000, 0x0000000775e00000, 0x0000000775e00000|100%| O|  |TAMS 0x0000000775e00000| PB 0x0000000775e00000| Untracked |  0
| 397|0x0000000775e00000, 0x0000000776000000, 0x0000000776000000|100%| O|  |TAMS 0x0000000776000000| PB 0x0000000776000000| Untracked |  0
| 398|0x0000000776000000, 0x0000000776200000, 0x0000000776200000|100%| O|  |TAMS 0x0000000776200000| PB 0x0000000776200000| Untracked |  0
| 399|0x0000000776200000, 0x0000000776400000, 0x0000000776400000|100%| O|  |TAMS 0x0000000776400000| PB 0x0000000776400000| Untracked |  0
| 400|0x0000000776400000, 0x0000000776600000, 0x0000000776600000|100%| O|  |TAMS 0x0000000776600000| PB 0x0000000776600000| Untracked |  0
| 401|0x0000000776600000, 0x0000000776800000, 0x0000000776800000|100%| O|  |TAMS 0x0000000776800000| PB 0x0000000776800000| Untracked |  0
| 402|0x0000000776800000, 0x0000000776a00000, 0x0000000776a00000|100%| O|  |TAMS 0x0000000776a00000| PB 0x0000000776a00000| Updating |  0
| 403|0x0000000776a00000, 0x0000000776c00000, 0x0000000776c00000|100%| O|  |TAMS 0x0000000776c00000| PB 0x0000000776c00000| Untracked |  0
| 404|0x0000000776c00000, 0x0000000776e00000, 0x0000000776e00000|100%| O|  |TAMS 0x0000000776e00000| PB 0x0000000776e00000| Untracked |  0
| 405|0x0000000776e00000, 0x0000000777000000, 0x0000000777000000|100%| O|  |TAMS 0x0000000777000000| PB 0x0000000777000000| Updating |  0
| 406|0x0000000777000000, 0x0000000777200000, 0x0000000777200000|100%| O|  |TAMS 0x0000000777200000| PB 0x0000000777200000| Untracked |  0
| 407|0x0000000777200000, 0x0000000777400000, 0x0000000777400000|100%| O|  |TAMS 0x0000000777400000| PB 0x0000000777400000| Untracked |  0
| 408|0x0000000777400000, 0x0000000777600000, 0x0000000777600000|100%| O|  |TAMS 0x0000000777600000| PB 0x0000000777600000| Untracked |  0
| 409|0x0000000777600000, 0x0000000777800000, 0x0000000777800000|100%| O|  |TAMS 0x0000000777800000| PB 0x0000000777800000| Untracked |  0
| 410|0x0000000777800000, 0x0000000777a00000, 0x0000000777a00000|100%| O|  |TAMS 0x0000000777a00000| PB 0x0000000777a00000| Untracked |  0
| 411|0x0000000777a00000, 0x0000000777c00000, 0x0000000777c00000|100%| O|  |TAMS 0x0000000777c00000| PB 0x0000000777c00000| Untracked |  0
| 412|0x0000000777c00000, 0x0000000777e00000, 0x0000000777e00000|100%| O|  |TAMS 0x0000000777e00000| PB 0x0000000777e00000| Untracked |  0
| 413|0x0000000777e00000, 0x0000000778000000, 0x0000000778000000|100%| O|  |TAMS 0x0000000778000000| PB 0x0000000778000000| Untracked |  0
| 414|0x0000000778000000, 0x0000000778200000, 0x0000000778200000|100%| O|  |TAMS 0x0000000778200000| PB 0x0000000778200000| Untracked |  0
| 415|0x0000000778200000, 0x0000000778400000, 0x0000000778400000|100%| O|  |TAMS 0x0000000778400000| PB 0x0000000778400000| Untracked |  0
| 416|0x0000000778400000, 0x0000000778600000, 0x0000000778600000|100%| O|  |TAMS 0x0000000778600000| PB 0x0000000778600000| Untracked |  0
| 417|0x0000000778600000, 0x0000000778800000, 0x0000000778800000|100%| O|  |TAMS 0x0000000778800000| PB 0x0000000778800000| Untracked |  0
| 418|0x0000000778800000, 0x0000000778a00000, 0x0000000778a00000|100%| O|  |TAMS 0x0000000778800000| PB 0x0000000778800000| Untracked |  0
| 419|0x0000000778a00000, 0x0000000778c00000, 0x0000000778c00000|100%| O|  |TAMS 0x0000000778c00000| PB 0x0000000778c00000| Untracked |  0
| 420|0x0000000778c00000, 0x0000000778e00000, 0x0000000778e00000|100%| O|  |TAMS 0x0000000778e00000| PB 0x0000000778e00000| Untracked |  0
| 421|0x0000000778e00000, 0x0000000779000000, 0x0000000779000000|100%| O|  |TAMS 0x0000000779000000| PB 0x0000000779000000| Untracked |  0
| 422|0x0000000779000000, 0x0000000779200000, 0x0000000779200000|100%| O|  |TAMS 0x0000000779200000| PB 0x0000000779200000| Untracked |  0
| 423|0x0000000779200000, 0x0000000779400000, 0x0000000779400000|100%| O|  |TAMS 0x0000000779400000| PB 0x0000000779400000| Untracked |  0
| 424|0x0000000779400000, 0x0000000779600000, 0x0000000779600000|100%| O|  |TAMS 0x0000000779600000| PB 0x0000000779600000| Untracked |  0
| 425|0x0000000779600000, 0x0000000779800000, 0x0000000779800000|100%| O|  |TAMS 0x0000000779800000| PB 0x0000000779800000| Updating |  0
| 426|0x0000000779800000, 0x0000000779a00000, 0x0000000779a00000|100%| O|  |TAMS 0x0000000779a00000| PB 0x0000000779a00000| Untracked |  0
| 427|0x0000000779a00000, 0x0000000779c00000, 0x0000000779c00000|100%| O|  |TAMS 0x0000000779c00000| PB 0x0000000779c00000| Untracked |  0
| 428|0x0000000779c00000, 0x0000000779e00000, 0x0000000779e00000|100%| O|  |TAMS 0x0000000779e00000| PB 0x0000000779e00000| Untracked |  0
| 429|0x0000000779e00000, 0x000000077a000000, 0x000000077a000000|100%| O|  |TAMS 0x000000077a000000| PB 0x000000077a000000| Updating |  0
| 430|0x000000077a000000, 0x000000077a200000, 0x000000077a200000|100%| O|  |TAMS 0x000000077a200000| PB 0x000000077a200000| Updating |  0
| 431|0x000000077a200000, 0x000000077a400000, 0x000000077a400000|100%| O|  |TAMS 0x000000077a400000| PB 0x000000077a400000| Untracked |  0
| 432|0x000000077a400000, 0x000000077a600000, 0x000000077a600000|100%| O|  |TAMS 0x000000077a600000| PB 0x000000077a600000| Untracked |  0
| 433|0x000000077a600000, 0x000000077a800000, 0x000000077a800000|100%| O|  |TAMS 0x000000077a800000| PB 0x000000077a800000| Untracked |  0
| 434|0x000000077a800000, 0x000000077aa00000, 0x000000077aa00000|100%| O|  |TAMS 0x000000077aa00000| PB 0x000000077aa00000| Untracked |  0
| 435|0x000000077aa00000, 0x000000077ac00000, 0x000000077ac00000|100%| O|  |TAMS 0x000000077ac00000| PB 0x000000077ac00000| Untracked |  0
| 436|0x000000077ac00000, 0x000000077ae00000, 0x000000077ae00000|100%| O|  |TAMS 0x000000077ae00000| PB 0x000000077ae00000| Untracked |  0
| 437|0x000000077ae00000, 0x000000077b000000, 0x000000077b000000|100%| O|  |TAMS 0x000000077ae00000| PB 0x000000077ae00000| Untracked |  0
| 438|0x000000077b000000, 0x000000077b200000, 0x000000077b200000|100%| O|  |TAMS 0x000000077b000000| PB 0x000000077b000000| Untracked |  0
| 439|0x000000077b200000, 0x000000077b400000, 0x000000077b400000|100%| O|  |TAMS 0x000000077b200000| PB 0x000000077b200000| Untracked |  0
| 440|0x000000077b400000, 0x000000077b600000, 0x000000077b600000|100%| O|  |TAMS 0x000000077b600000| PB 0x000000077b600000| Untracked |  0
| 441|0x000000077b600000, 0x000000077b800000, 0x000000077b800000|100%| O|  |TAMS 0x000000077b800000| PB 0x000000077b800000| Untracked |  0
| 442|0x000000077b800000, 0x000000077ba00000, 0x000000077ba00000|100%| O|  |TAMS 0x000000077ba00000| PB 0x000000077ba00000| Untracked |  0
| 443|0x000000077ba00000, 0x000000077bc00000, 0x000000077bc00000|100%| O|  |TAMS 0x000000077bc00000| PB 0x000000077bc00000| Untracked |  0
| 444|0x000000077bc00000, 0x000000077be00000, 0x000000077be00000|100%| O|  |TAMS 0x000000077be00000| PB 0x000000077be00000| Untracked |  0
| 445|0x000000077be00000, 0x000000077c000000, 0x000000077c000000|100%| O|  |TAMS 0x000000077c000000| PB 0x000000077c000000| Untracked |  0
| 446|0x000000077c000000, 0x000000077c200000, 0x000000077c200000|100%| O|  |TAMS 0x000000077c200000| PB 0x000000077c200000| Untracked |  0
| 447|0x000000077c200000, 0x000000077c400000, 0x000000077c400000|100%| O|  |TAMS 0x000000077c400000| PB 0x000000077c400000| Untracked |  0
| 448|0x000000077c400000, 0x000000077c600000, 0x000000077c600000|100%| O|  |TAMS 0x000000077c600000| PB 0x000000077c600000| Untracked |  0
| 449|0x000000077c600000, 0x000000077c800000, 0x000000077c800000|100%| O|  |TAMS 0x000000077c800000| PB 0x000000077c800000| Untracked |  0
| 450|0x000000077c800000, 0x000000077ca00000, 0x000000077ca00000|100%| O|  |TAMS 0x000000077ca00000| PB 0x000000077ca00000| Updating |  0
| 451|0x000000077ca00000, 0x000000077cc00000, 0x000000077cc00000|100%| O|  |TAMS 0x000000077cc00000| PB 0x000000077cc00000| Untracked |  0
| 452|0x000000077cc00000, 0x000000077ce00000, 0x000000077ce00000|100%| O|  |TAMS 0x000000077ce00000| PB 0x000000077ce00000| Untracked |  0
| 453|0x000000077ce00000, 0x000000077d000000, 0x000000077d000000|100%| O|  |TAMS 0x000000077ce00000| PB 0x000000077ce00000| Untracked |  0
| 454|0x000000077d000000, 0x000000077d200000, 0x000000077d200000|100%| O|  |TAMS 0x000000077d200000| PB 0x000000077d200000| Untracked |  0
| 455|0x000000077d200000, 0x000000077d400000, 0x000000077d400000|100%| O|  |TAMS 0x000000077d400000| PB 0x000000077d400000| Updating |  0
| 456|0x000000077d400000, 0x000000077d600000, 0x000000077d600000|100%| O|  |TAMS 0x000000077d600000| PB 0x000000077d600000| Updating |  0
| 457|0x000000077d600000, 0x000000077d800000, 0x000000077d800000|100%| O|  |TAMS 0x000000077d800000| PB 0x000000077d800000| Updating |  0
| 458|0x000000077d800000, 0x000000077da00000, 0x000000077da00000|100%| O|  |TAMS 0x000000077da00000| PB 0x000000077da00000| Updating |  0
| 459|0x000000077da00000, 0x000000077dc00000, 0x000000077dc00000|100%| O|  |TAMS 0x000000077dc00000| PB 0x000000077dc00000| Updating |  0
| 460|0x000000077dc00000, 0x000000077de00000, 0x000000077de00000|100%| O|  |TAMS 0x000000077de00000| PB 0x000000077de00000| Untracked |  0
| 461|0x000000077de00000, 0x000000077e000000, 0x000000077e000000|100%| O|  |TAMS 0x000000077e000000| PB 0x000000077e000000| Untracked |  0
| 462|0x000000077e000000, 0x000000077e200000, 0x000000077e200000|100%| O|  |TAMS 0x000000077e200000| PB 0x000000077e200000| Updating |  0
| 463|0x000000077e200000, 0x000000077e400000, 0x000000077e400000|100%| O|  |TAMS 0x000000077e400000| PB 0x000000077e400000| Untracked |  0
| 464|0x000000077e400000, 0x000000077e600000, 0x000000077e600000|100%| O|  |TAMS 0x000000077e600000| PB 0x000000077e600000| Updating |  0
| 465|0x000000077e600000, 0x000000077e800000, 0x000000077e800000|100%| O|  |TAMS 0x000000077e600000| PB 0x000000077e600000| Untracked |  0
| 466|0x000000077e800000, 0x000000077ea00000, 0x000000077ea00000|100%| O|  |TAMS 0x000000077ea00000| PB 0x000000077ea00000| Untracked |  0
| 467|0x000000077ea00000, 0x000000077ec00000, 0x000000077ec00000|100%| O|  |TAMS 0x000000077ec00000| PB 0x000000077ec00000| Untracked |  0
| 468|0x000000077ec00000, 0x000000077ee00000, 0x000000077ee00000|100%| O|  |TAMS 0x000000077ee00000| PB 0x000000077ee00000| Untracked |  0
| 469|0x000000077ee00000, 0x000000077f000000, 0x000000077f000000|100%| O|  |TAMS 0x000000077f000000| PB 0x000000077f000000| Untracked |  0
| 470|0x000000077f000000, 0x000000077f200000, 0x000000077f200000|100%| O|  |TAMS 0x000000077f200000| PB 0x000000077f200000| Untracked |  0
| 471|0x000000077f200000, 0x000000077f400000, 0x000000077f400000|100%| O|  |TAMS 0x000000077f400000| PB 0x000000077f400000| Untracked |  0
| 472|0x000000077f400000, 0x000000077f600000, 0x000000077f600000|100%| O|  |TAMS 0x000000077f600000| PB 0x000000077f600000| Untracked |  0
| 473|0x000000077f600000, 0x000000077f800000, 0x000000077f800000|100%| O|  |TAMS 0x000000077f800000| PB 0x000000077f800000| Untracked |  0
| 474|0x000000077f800000, 0x000000077fa00000, 0x000000077fa00000|100%| O|  |TAMS 0x000000077fa00000| PB 0x000000077fa00000| Untracked |  0
| 475|0x000000077fa00000, 0x000000077fc00000, 0x000000077fc00000|100%| O|  |TAMS 0x000000077fc00000| PB 0x000000077fc00000| Untracked |  0
| 476|0x000000077fc00000, 0x000000077fe00000, 0x000000077fe00000|100%| O|  |TAMS 0x000000077fe00000| PB 0x000000077fe00000| Updating |  0
| 477|0x000000077fe00000, 0x0000000780000000, 0x0000000780000000|100%| O|  |TAMS 0x0000000780000000| PB 0x0000000780000000| Untracked |  0
| 478|0x0000000780000000, 0x0000000780200000, 0x0000000780200000|100%| O|  |TAMS 0x0000000780200000| PB 0x0000000780200000| Updating |  0
| 479|0x0000000780200000, 0x0000000780400000, 0x0000000780400000|100%| O|  |TAMS 0x0000000780200000| PB 0x0000000780200000| Untracked |  0
| 480|0x0000000780400000, 0x0000000780600000, 0x0000000780600000|100%| O|  |TAMS 0x0000000780600000| PB 0x0000000780600000| Untracked |  0
| 481|0x0000000780600000, 0x0000000780800000, 0x0000000780800000|100%| O|  |TAMS 0x0000000780800000| PB 0x0000000780800000| Untracked |  0
| 482|0x0000000780800000, 0x0000000780a00000, 0x0000000780a00000|100%| O|  |TAMS 0x0000000780a00000| PB 0x0000000780a00000| Updating |  0
| 483|0x0000000780a00000, 0x0000000780c00000, 0x0000000780c00000|100%| O|  |TAMS 0x0000000780c00000| PB 0x0000000780c00000| Updating |  0
| 484|0x0000000780c00000, 0x0000000780e00000, 0x0000000780e00000|100%| O|  |TAMS 0x0000000780e00000| PB 0x0000000780e00000| Updating |  0
| 485|0x0000000780e00000, 0x0000000781000000, 0x0000000781000000|100%| O|  |TAMS 0x0000000781000000| PB 0x0000000781000000| Updating |  0
| 486|0x0000000781000000, 0x0000000781200000, 0x0000000781200000|100%| O|  |TAMS 0x0000000781200000| PB 0x0000000781200000| Updating |  0
| 487|0x0000000781200000, 0x0000000781400000, 0x0000000781400000|100%| O|  |TAMS 0x0000000781400000| PB 0x0000000781400000| Updating |  0
| 488|0x0000000781400000, 0x0000000781600000, 0x0000000781600000|100%| O|  |TAMS 0x0000000781600000| PB 0x0000000781600000| Untracked |  0
| 489|0x0000000781600000, 0x0000000781800000, 0x0000000781800000|100%| O|  |TAMS 0x0000000781800000| PB 0x0000000781800000| Updating |  0
| 490|0x0000000781800000, 0x0000000781a00000, 0x0000000781a00000|100%| O|  |TAMS 0x0000000781a00000| PB 0x0000000781a00000| Updating |  0
| 491|0x0000000781a00000, 0x0000000781c00000, 0x0000000781c00000|100%| O|  |TAMS 0x0000000781c00000| PB 0x0000000781c00000| Untracked |  0
| 492|0x0000000781c00000, 0x0000000781e00000, 0x0000000781e00000|100%| O|  |TAMS 0x0000000781e00000| PB 0x0000000781e00000| Untracked |  0
| 493|0x0000000781e00000, 0x0000000782000000, 0x0000000782000000|100%| O|  |TAMS 0x0000000782000000| PB 0x0000000782000000| Untracked |  0
| 494|0x0000000782000000, 0x0000000782200000, 0x0000000782200000|100%| O|  |TAMS 0x0000000782200000| PB 0x0000000782200000| Updating |  0
| 495|0x0000000782200000, 0x0000000782400000, 0x0000000782400000|100%| O|  |TAMS 0x0000000782400000| PB 0x0000000782400000| Untracked |  0
| 496|0x0000000782400000, 0x0000000782600000, 0x0000000782600000|100%| O|  |TAMS 0x0000000782600000| PB 0x0000000782600000| Untracked |  0
| 497|0x0000000782600000, 0x0000000782800000, 0x0000000782800000|100%| O|  |TAMS 0x0000000782800000| PB 0x0000000782800000| Untracked |  0
| 498|0x0000000782800000, 0x0000000782a00000, 0x0000000782a00000|100%| O|  |TAMS 0x0000000782a00000| PB 0x0000000782a00000| Untracked |  0
| 499|0x0000000782a00000, 0x0000000782c00000, 0x0000000782c00000|100%| O|  |TAMS 0x0000000782c00000| PB 0x0000000782c00000| Untracked |  0
| 500|0x0000000782c00000, 0x0000000782e00000, 0x0000000782e00000|100%| O|  |TAMS 0x0000000782e00000| PB 0x0000000782e00000| Untracked |  0
| 501|0x0000000782e00000, 0x0000000783000000, 0x0000000783000000|100%| O|  |TAMS 0x0000000783000000| PB 0x0000000783000000| Untracked |  0
| 502|0x0000000783000000, 0x0000000783200000, 0x0000000783200000|100%| O|  |TAMS 0x0000000783200000| PB 0x0000000783200000| Untracked |  0
| 503|0x0000000783200000, 0x0000000783400000, 0x0000000783400000|100%| O|  |TAMS 0x0000000783400000| PB 0x0000000783400000| Untracked |  0
| 504|0x0000000783400000, 0x0000000783600000, 0x0000000783600000|100%| O|  |TAMS 0x0000000783600000| PB 0x0000000783600000| Untracked |  0
| 505|0x0000000783600000, 0x0000000783800000, 0x0000000783800000|100%| O|  |TAMS 0x0000000783800000| PB 0x0000000783800000| Untracked |  0
| 506|0x0000000783800000, 0x0000000783a00000, 0x0000000783a00000|100%| O|  |TAMS 0x0000000783a00000| PB 0x0000000783a00000| Untracked |  0
| 507|0x0000000783a00000, 0x0000000783c00000, 0x0000000783c00000|100%| O|  |TAMS 0x0000000783c00000| PB 0x0000000783c00000| Untracked |  0
| 508|0x0000000783c00000, 0x0000000783e00000, 0x0000000783e00000|100%| O|  |TAMS 0x0000000783e00000| PB 0x0000000783e00000| Untracked |  0
| 509|0x0000000783e00000, 0x0000000784000000, 0x0000000784000000|100%| O|  |TAMS 0x0000000784000000| PB 0x0000000784000000| Untracked |  0
| 510|0x0000000784000000, 0x0000000784200000, 0x0000000784200000|100%| O|  |TAMS 0x0000000784200000| PB 0x0000000784200000| Untracked |  0
| 511|0x0000000784200000, 0x0000000784400000, 0x0000000784400000|100%| O|  |TAMS 0x0000000784400000| PB 0x0000000784400000| Untracked |  0
| 512|0x0000000784400000, 0x0000000784600000, 0x0000000784600000|100%| O|  |TAMS 0x0000000784600000| PB 0x0000000784600000| Untracked |  0
| 513|0x0000000784600000, 0x0000000784800000, 0x0000000784800000|100%| O|  |TAMS 0x0000000784800000| PB 0x0000000784800000| Untracked |  0
| 514|0x0000000784800000, 0x0000000784a00000, 0x0000000784a00000|100%| O|  |TAMS 0x0000000784a00000| PB 0x0000000784a00000| Untracked |  0
| 515|0x0000000784a00000, 0x0000000784c00000, 0x0000000784c00000|100%| O|  |TAMS 0x0000000784c00000| PB 0x0000000784c00000| Untracked |  0
| 516|0x0000000784c00000, 0x0000000784e00000, 0x0000000784e00000|100%| O|  |TAMS 0x0000000784e00000| PB 0x0000000784e00000| Untracked |  0
| 517|0x0000000784e00000, 0x0000000785000000, 0x0000000785000000|100%| O|  |TAMS 0x0000000785000000| PB 0x0000000785000000| Untracked |  0
| 518|0x0000000785000000, 0x0000000785200000, 0x0000000785200000|100%| O|  |TAMS 0x0000000785200000| PB 0x0000000785200000| Untracked |  0
| 519|0x0000000785200000, 0x0000000785400000, 0x0000000785400000|100%| O|  |TAMS 0x0000000785400000| PB 0x0000000785400000| Untracked |  0
| 520|0x0000000785400000, 0x0000000785600000, 0x0000000785600000|100%| O|  |TAMS 0x0000000785600000| PB 0x0000000785600000| Untracked |  0
| 521|0x0000000785600000, 0x0000000785800000, 0x0000000785800000|100%| O|  |TAMS 0x0000000785800000| PB 0x0000000785800000| Updating |  0
| 522|0x0000000785800000, 0x0000000785a00000, 0x0000000785a00000|100%| O|  |TAMS 0x0000000785a00000| PB 0x0000000785a00000| Untracked |  0
| 523|0x0000000785a00000, 0x0000000785c00000, 0x0000000785c00000|100%| O|  |TAMS 0x0000000785c00000| PB 0x0000000785c00000| Updating |  0
| 524|0x0000000785c00000, 0x0000000785e00000, 0x0000000785e00000|100%| O|  |TAMS 0x0000000785e00000| PB 0x0000000785e00000| Untracked |  0
| 525|0x0000000785e00000, 0x0000000786000000, 0x0000000786000000|100%| O|  |TAMS 0x0000000786000000| PB 0x0000000786000000| Untracked |  0
| 526|0x0000000786000000, 0x0000000786200000, 0x0000000786200000|100%| O|  |TAMS 0x0000000786200000| PB 0x0000000786200000| Untracked |  0
| 527|0x0000000786200000, 0x0000000786400000, 0x0000000786400000|100%| O|  |TAMS 0x0000000786400000| PB 0x0000000786400000| Updating |  0
| 528|0x0000000786400000, 0x0000000786600000, 0x0000000786600000|100%| O|  |TAMS 0x0000000786600000| PB 0x0000000786600000| Updating |  0
| 529|0x0000000786600000, 0x0000000786800000, 0x0000000786800000|100%| O|  |TAMS 0x0000000786800000| PB 0x0000000786800000| Updating |  0
| 530|0x0000000786800000, 0x0000000786a00000, 0x0000000786a00000|100%| O|  |TAMS 0x0000000786a00000| PB 0x0000000786a00000| Untracked |  0
| 531|0x0000000786a00000, 0x0000000786c00000, 0x0000000786c00000|100%| O|  |TAMS 0x0000000786c00000| PB 0x0000000786c00000| Untracked |  0
| 532|0x0000000786c00000, 0x0000000786e00000, 0x0000000786e00000|100%| O|  |TAMS 0x0000000786e00000| PB 0x0000000786e00000| Untracked |  0
| 533|0x0000000786e00000, 0x0000000787000000, 0x0000000787000000|100%| O|  |TAMS 0x0000000787000000| PB 0x0000000787000000| Untracked |  0
| 534|0x0000000787000000, 0x0000000787200000, 0x0000000787200000|100%| O|  |TAMS 0x0000000787200000| PB 0x0000000787200000| Untracked |  0
| 535|0x0000000787200000, 0x0000000787400000, 0x0000000787400000|100%| O|  |TAMS 0x0000000787400000| PB 0x0000000787400000| Untracked |  0
| 536|0x0000000787400000, 0x0000000787600000, 0x0000000787600000|100%| O|  |TAMS 0x0000000787600000| PB 0x0000000787600000| Untracked |  0
| 537|0x0000000787600000, 0x0000000787800000, 0x0000000787800000|100%| O|  |TAMS 0x0000000787800000| PB 0x0000000787800000| Untracked |  0
| 538|0x0000000787800000, 0x0000000787a00000, 0x0000000787a00000|100%| O|  |TAMS 0x0000000787a00000| PB 0x0000000787a00000| Untracked |  0
| 539|0x0000000787a00000, 0x0000000787c00000, 0x0000000787c00000|100%| O|  |TAMS 0x0000000787c00000| PB 0x0000000787c00000| Untracked |  0
| 540|0x0000000787c00000, 0x0000000787e00000, 0x0000000787e00000|100%| O|  |TAMS 0x0000000787c00000| PB 0x0000000787c00000| Untracked |  0
| 541|0x0000000787e00000, 0x0000000788000000, 0x0000000788000000|100%| O|  |TAMS 0x0000000788000000| PB 0x0000000788000000| Updating |  0
| 542|0x0000000788000000, 0x0000000788200000, 0x0000000788200000|100%| O|  |TAMS 0x0000000788200000| PB 0x0000000788200000| Updating |  0
| 543|0x0000000788200000, 0x0000000788400000, 0x0000000788400000|100%| O|  |TAMS 0x0000000788400000| PB 0x0000000788400000| Untracked |  0
| 544|0x0000000788400000, 0x0000000788600000, 0x0000000788600000|100%| O|  |TAMS 0x0000000788600000| PB 0x0000000788600000| Updating |  0
| 545|0x0000000788600000, 0x0000000788800000, 0x0000000788800000|100%| O|  |TAMS 0x0000000788800000| PB 0x0000000788800000| Updating |  0
| 546|0x0000000788800000, 0x0000000788a00000, 0x0000000788a00000|100%| O|  |TAMS 0x0000000788a00000| PB 0x0000000788a00000| Updating |  0
| 547|0x0000000788a00000, 0x0000000788c00000, 0x0000000788c00000|100%| O|  |TAMS 0x0000000788c00000| PB 0x0000000788c00000| Updating |  0
| 548|0x0000000788c00000, 0x0000000788e00000, 0x0000000788e00000|100%| O|  |TAMS 0x0000000788e00000| PB 0x0000000788e00000| Updating |  0
| 549|0x0000000788e00000, 0x0000000789000000, 0x0000000789000000|100%| O|  |TAMS 0x0000000789000000| PB 0x0000000789000000| Untracked |  0
| 550|0x0000000789000000, 0x0000000789200000, 0x0000000789200000|100%| O|  |TAMS 0x0000000789200000| PB 0x0000000789200000| Untracked |  0
| 551|0x0000000789200000, 0x0000000789400000, 0x0000000789400000|100%| O|  |TAMS 0x0000000789400000| PB 0x0000000789400000| Untracked |  0
| 552|0x0000000789400000, 0x0000000789600000, 0x0000000789600000|100%| O|  |TAMS 0x0000000789600000| PB 0x0000000789600000| Untracked |  0
| 553|0x0000000789600000, 0x0000000789800000, 0x0000000789800000|100%| O|  |TAMS 0x0000000789800000| PB 0x0000000789800000| Untracked |  0
| 554|0x0000000789800000, 0x0000000789a00000, 0x0000000789a00000|100%| O|  |TAMS 0x0000000789a00000| PB 0x0000000789a00000| Untracked |  0
| 555|0x0000000789a00000, 0x0000000789c00000, 0x0000000789c00000|100%| O|  |TAMS 0x0000000789c00000| PB 0x0000000789c00000| Updating |  0
| 556|0x0000000789c00000, 0x0000000789e00000, 0x0000000789e00000|100%| O|  |TAMS 0x0000000789e00000| PB 0x0000000789e00000| Untracked |  0
| 557|0x0000000789e00000, 0x000000078a000000, 0x000000078a000000|100%| O|  |TAMS 0x000000078a000000| PB 0x000000078a000000| Untracked |  0
| 558|0x000000078a000000, 0x000000078a200000, 0x000000078a200000|100%| O|  |TAMS 0x000000078a200000| PB 0x000000078a200000| Untracked |  0
| 559|0x000000078a200000, 0x000000078a400000, 0x000000078a400000|100%| O|  |TAMS 0x000000078a400000| PB 0x000000078a400000| Untracked |  0
| 560|0x000000078a400000, 0x000000078a600000, 0x000000078a600000|100%| O|  |TAMS 0x000000078a600000| PB 0x000000078a600000| Untracked |  0
| 561|0x000000078a600000, 0x000000078a800000, 0x000000078a800000|100%| O|  |TAMS 0x000000078a800000| PB 0x000000078a800000| Untracked |  0
| 562|0x000000078a800000, 0x000000078aa00000, 0x000000078aa00000|100%| O|  |TAMS 0x000000078aa00000| PB 0x000000078aa00000| Untracked |  0
| 563|0x000000078aa00000, 0x000000078ac00000, 0x000000078ac00000|100%| O|  |TAMS 0x000000078ac00000| PB 0x000000078ac00000| Untracked |  0
| 564|0x000000078ac00000, 0x000000078ae00000, 0x000000078ae00000|100%| O|  |TAMS 0x000000078ae00000| PB 0x000000078ae00000| Untracked |  0
| 565|0x000000078ae00000, 0x000000078b000000, 0x000000078b000000|100%| O|  |TAMS 0x000000078b000000| PB 0x000000078b000000| Untracked |  0
| 566|0x000000078b000000, 0x000000078b200000, 0x000000078b200000|100%| O|  |TAMS 0x000000078b200000| PB 0x000000078b200000| Untracked |  0
| 567|0x000000078b200000, 0x000000078b400000, 0x000000078b400000|100%| O|  |TAMS 0x000000078b400000| PB 0x000000078b400000| Untracked |  0
| 568|0x000000078b400000, 0x000000078b600000, 0x000000078b600000|100%| O|  |TAMS 0x000000078b600000| PB 0x000000078b600000| Untracked |  0
| 569|0x000000078b600000, 0x000000078b800000, 0x000000078b800000|100%| O|  |TAMS 0x000000078b800000| PB 0x000000078b800000| Untracked |  0
| 570|0x000000078b800000, 0x000000078ba00000, 0x000000078ba00000|100%| O|  |TAMS 0x000000078ba00000| PB 0x000000078ba00000| Untracked |  0
| 571|0x000000078ba00000, 0x000000078bc00000, 0x000000078bc00000|100%| O|  |TAMS 0x000000078bc00000| PB 0x000000078bc00000| Untracked |  0
| 572|0x000000078bc00000, 0x000000078be00000, 0x000000078be00000|100%| O|  |TAMS 0x000000078be00000| PB 0x000000078be00000| Untracked |  0
| 573|0x000000078be00000, 0x000000078c000000, 0x000000078c000000|100%| O|  |TAMS 0x000000078c000000| PB 0x000000078c000000| Updating |  0
| 574|0x000000078c000000, 0x000000078c200000, 0x000000078c200000|100%| O|  |TAMS 0x000000078c200000| PB 0x000000078c200000| Untracked |  0
| 575|0x000000078c200000, 0x000000078c400000, 0x000000078c400000|100%| O|  |TAMS 0x000000078c400000| PB 0x000000078c400000| Updating |  0
| 576|0x000000078c400000, 0x000000078c600000, 0x000000078c600000|100%| O|  |TAMS 0x000000078c600000| PB 0x000000078c600000| Untracked |  0
| 577|0x000000078c600000, 0x000000078c800000, 0x000000078c800000|100%| O|  |TAMS 0x000000078c800000| PB 0x000000078c800000| Updating |  0
| 578|0x000000078c800000, 0x000000078ca00000, 0x000000078ca00000|100%| O|  |TAMS 0x000000078c800000| PB 0x000000078c800000| Untracked |  0
| 579|0x000000078ca00000, 0x000000078cc00000, 0x000000078cc00000|100%| O|  |TAMS 0x000000078cc00000| PB 0x000000078cc00000| Untracked |  0
| 580|0x000000078cc00000, 0x000000078ce00000, 0x000000078ce00000|100%| O|  |TAMS 0x000000078ce00000| PB 0x000000078ce00000| Untracked |  0
| 581|0x000000078ce00000, 0x000000078d000000, 0x000000078d000000|100%| O|  |TAMS 0x000000078d000000| PB 0x000000078d000000| Untracked |  0
| 582|0x000000078d000000, 0x000000078d200000, 0x000000078d200000|100%| O|  |TAMS 0x000000078d200000| PB 0x000000078d200000| Untracked |  0
| 583|0x000000078d200000, 0x000000078d400000, 0x000000078d400000|100%| O|  |TAMS 0x000000078d400000| PB 0x000000078d400000| Untracked |  0
| 584|0x000000078d400000, 0x000000078d600000, 0x000000078d600000|100%| O|  |TAMS 0x000000078d600000| PB 0x000000078d600000| Untracked |  0
| 585|0x000000078d600000, 0x000000078d800000, 0x000000078d800000|100%| O|  |TAMS 0x000000078d800000| PB 0x000000078d800000| Untracked |  0
| 586|0x000000078d800000, 0x000000078da00000, 0x000000078da00000|100%| O|  |TAMS 0x000000078da00000| PB 0x000000078da00000| Untracked |  0
| 587|0x000000078da00000, 0x000000078dc00000, 0x000000078dc00000|100%| O|  |TAMS 0x000000078dc00000| PB 0x000000078dc00000| Untracked |  0
| 588|0x000000078dc00000, 0x000000078de00000, 0x000000078de00000|100%| O|  |TAMS 0x000000078de00000| PB 0x000000078de00000| Untracked |  0
| 589|0x000000078de00000, 0x000000078e000000, 0x000000078e000000|100%| O|  |TAMS 0x000000078e000000| PB 0x000000078e000000| Untracked |  0
| 590|0x000000078e000000, 0x000000078e200000, 0x000000078e200000|100%| O|  |TAMS 0x000000078e200000| PB 0x000000078e200000| Untracked |  0
| 591|0x000000078e200000, 0x000000078e400000, 0x000000078e400000|100%| O|  |TAMS 0x000000078e400000| PB 0x000000078e400000| Untracked |  0
| 592|0x000000078e400000, 0x000000078e600000, 0x000000078e600000|100%| O|  |TAMS 0x000000078e600000| PB 0x000000078e600000| Untracked |  0
| 593|0x000000078e600000, 0x000000078e800000, 0x000000078e800000|100%| O|  |TAMS 0x000000078e800000| PB 0x000000078e800000| Untracked |  0
| 594|0x000000078e800000, 0x000000078ea00000, 0x000000078ea00000|100%| O|  |TAMS 0x000000078ea00000| PB 0x000000078ea00000| Untracked |  0
| 595|0x000000078ea00000, 0x000000078ec00000, 0x000000078ec00000|100%| O|  |TAMS 0x000000078ec00000| PB 0x000000078ec00000| Untracked |  0
| 596|0x000000078ec00000, 0x000000078ee00000, 0x000000078ee00000|100%| O|  |TAMS 0x000000078ee00000| PB 0x000000078ee00000| Updating |  0
| 597|0x000000078ee00000, 0x000000078f000000, 0x000000078f000000|100%| O|  |TAMS 0x000000078f000000| PB 0x000000078f000000| Updating |  0
| 598|0x000000078f000000, 0x000000078f200000, 0x000000078f200000|100%| O|  |TAMS 0x000000078f200000| PB 0x000000078f200000| Updating |  0
| 599|0x000000078f200000, 0x000000078f400000, 0x000000078f400000|100%| O|  |TAMS 0x000000078f400000| PB 0x000000078f400000| Updating |  0
| 600|0x000000078f400000, 0x000000078f600000, 0x000000078f600000|100%| O|  |TAMS 0x000000078f600000| PB 0x000000078f600000| Updating |  0
| 601|0x000000078f600000, 0x000000078f800000, 0x000000078f800000|100%| O|  |TAMS 0x000000078f800000| PB 0x000000078f800000| Updating |  0
| 602|0x000000078f800000, 0x000000078fa00000, 0x000000078fa00000|100%| O|  |TAMS 0x000000078fa00000| PB 0x000000078fa00000| Untracked |  0
| 603|0x000000078fa00000, 0x000000078fc00000, 0x000000078fc00000|100%| O|  |TAMS 0x000000078fc00000| PB 0x000000078fc00000| Updating |  0
| 604|0x000000078fc00000, 0x000000078fe00000, 0x000000078fe00000|100%| O|  |TAMS 0x000000078fe00000| PB 0x000000078fe00000| Untracked |  0
| 605|0x000000078fe00000, 0x0000000790000000, 0x0000000790000000|100%| O|  |TAMS 0x0000000790000000| PB 0x0000000790000000| Updating |  0
| 606|0x0000000790000000, 0x0000000790200000, 0x0000000790200000|100%| O|  |TAMS 0x0000000790200000| PB 0x0000000790200000| Untracked |  0
| 607|0x0000000790200000, 0x0000000790400000, 0x0000000790400000|100%| O|  |TAMS 0x0000000790400000| PB 0x0000000790400000| Untracked |  0
| 608|0x0000000790400000, 0x0000000790600000, 0x0000000790600000|100%| O|  |TAMS 0x0000000790600000| PB 0x0000000790600000| Untracked |  0
| 609|0x0000000790600000, 0x0000000790800000, 0x0000000790800000|100%| O|  |TAMS 0x0000000790800000| PB 0x0000000790800000| Untracked |  0
| 610|0x0000000790800000, 0x0000000790a00000, 0x0000000790a00000|100%| O|  |TAMS 0x0000000790a00000| PB 0x0000000790a00000| Untracked |  0
| 611|0x0000000790a00000, 0x0000000790c00000, 0x0000000790c00000|100%| O|  |TAMS 0x0000000790c00000| PB 0x0000000790c00000| Untracked |  0
| 612|0x0000000790c00000, 0x0000000790e00000, 0x0000000790e00000|100%| O|  |TAMS 0x0000000790e00000| PB 0x0000000790e00000| Untracked |  0
| 613|0x0000000790e00000, 0x0000000791000000, 0x0000000791000000|100%| O|  |TAMS 0x0000000791000000| PB 0x0000000791000000| Untracked |  0
| 614|0x0000000791000000, 0x0000000791200000, 0x0000000791200000|100%| O|  |TAMS 0x0000000791200000| PB 0x0000000791200000| Untracked |  0
| 615|0x0000000791200000, 0x0000000791400000, 0x0000000791400000|100%| O|  |TAMS 0x0000000791400000| PB 0x0000000791400000| Untracked |  0
| 616|0x0000000791400000, 0x0000000791600000, 0x0000000791600000|100%| O|  |TAMS 0x0000000791600000| PB 0x0000000791600000| Untracked |  0
| 617|0x0000000791600000, 0x0000000791800000, 0x0000000791800000|100%| O|  |TAMS 0x0000000791800000| PB 0x0000000791800000| Untracked |  0
| 618|0x0000000791800000, 0x0000000791a00000, 0x0000000791a00000|100%| O|  |TAMS 0x0000000791a00000| PB 0x0000000791a00000| Untracked |  0
| 619|0x0000000791a00000, 0x0000000791c00000, 0x0000000791c00000|100%| O|  |TAMS 0x0000000791c00000| PB 0x0000000791c00000| Updating |  0
| 620|0x0000000791c00000, 0x0000000791e00000, 0x0000000791e00000|100%| O|  |TAMS 0x0000000791e00000| PB 0x0000000791e00000| Updating |  0
| 621|0x0000000791e00000, 0x0000000792000000, 0x0000000792000000|100%| O|  |TAMS 0x0000000791f00000| PB 0x0000000791f00000| Updating |  0
| 622|0x0000000792000000, 0x0000000792200000, 0x0000000792200000|100%| O|  |TAMS 0x0000000792000000| PB 0x0000000792000000| Untracked |  0
| 623|0x0000000792200000, 0x0000000792400000, 0x0000000792400000|100%| O|  |TAMS 0x0000000792200000| PB 0x0000000792200000| Untracked |  0
| 624|0x0000000792400000, 0x0000000792600000, 0x0000000792600000|100%| O|  |TAMS 0x0000000792400000| PB 0x0000000792400000| Untracked |  0
| 625|0x0000000792600000, 0x0000000792800000, 0x0000000792800000|100%| O|  |TAMS 0x0000000792600000| PB 0x0000000792600000| Untracked |  0
| 626|0x0000000792800000, 0x0000000792a00000, 0x0000000792a00000|100%| O|  |TAMS 0x0000000792800000| PB 0x0000000792800000| Untracked |  0
| 627|0x0000000792a00000, 0x0000000792c00000, 0x0000000792c00000|100%| O|  |TAMS 0x0000000792a00000| PB 0x0000000792a00000| Untracked |  0
| 628|0x0000000792c00000, 0x0000000792e00000, 0x0000000792e00000|100%| O|  |TAMS 0x0000000792c00000| PB 0x0000000792c00000| Untracked |  0
| 629|0x0000000792e00000, 0x0000000793000000, 0x0000000793000000|100%| O|  |TAMS 0x0000000792e00000| PB 0x0000000792e00000| Untracked |  0
| 630|0x0000000793000000, 0x0000000793200000, 0x0000000793200000|100%| O|  |TAMS 0x0000000793000000| PB 0x0000000793000000| Untracked |  0
| 631|0x0000000793200000, 0x0000000793400000, 0x0000000793400000|100%| O|  |TAMS 0x0000000793200000| PB 0x0000000793200000| Untracked |  0
| 632|0x0000000793400000, 0x0000000793600000, 0x0000000793600000|100%| O|  |TAMS 0x0000000793400000| PB 0x0000000793400000| Untracked |  0
| 633|0x0000000793600000, 0x0000000793800000, 0x0000000793800000|100%| O|  |TAMS 0x0000000793600000| PB 0x0000000793600000| Untracked |  0
| 634|0x0000000793800000, 0x0000000793a00000, 0x0000000793a00000|100%| O|  |TAMS 0x0000000793800000| PB 0x0000000793800000| Untracked |  0
| 635|0x0000000793a00000, 0x0000000793c00000, 0x0000000793c00000|100%| O|  |TAMS 0x0000000793a00000| PB 0x0000000793a00000| Untracked |  0
| 636|0x0000000793c00000, 0x0000000793e00000, 0x0000000793e00000|100%| O|  |TAMS 0x0000000793c00000| PB 0x0000000793c00000| Untracked |  0
| 637|0x0000000793e00000, 0x0000000794000000, 0x0000000794000000|100%| O|  |TAMS 0x0000000793e00000| PB 0x0000000793e00000| Untracked |  0
| 638|0x0000000794000000, 0x0000000794200000, 0x0000000794200000|100%| O|  |TAMS 0x0000000794000000| PB 0x0000000794000000| Untracked |  0
| 639|0x0000000794200000, 0x0000000794400000, 0x0000000794400000|100%| O|  |TAMS 0x0000000794200000| PB 0x0000000794200000| Untracked |  0
| 640|0x0000000794400000, 0x0000000794600000, 0x0000000794600000|100%| O|  |TAMS 0x0000000794400000| PB 0x0000000794400000| Untracked |  0
| 641|0x0000000794600000, 0x0000000794800000, 0x0000000794800000|100%| O|  |TAMS 0x0000000794600000| PB 0x0000000794600000| Untracked |  0
| 642|0x0000000794800000, 0x0000000794a00000, 0x0000000794a00000|100%| O|  |TAMS 0x0000000794800000| PB 0x0000000794800000| Untracked |  0
| 643|0x0000000794a00000, 0x0000000794c00000, 0x0000000794c00000|100%| O|  |TAMS 0x0000000794a00000| PB 0x0000000794a00000| Untracked |  0
| 644|0x0000000794c00000, 0x0000000794e00000, 0x0000000794e00000|100%| O|  |TAMS 0x0000000794c00000| PB 0x0000000794c00000| Untracked |  0
| 645|0x0000000794e00000, 0x0000000795000000, 0x0000000795000000|100%| O|  |TAMS 0x0000000794e00000| PB 0x0000000794e00000| Untracked |  0
| 646|0x0000000795000000, 0x0000000795200000, 0x0000000795200000|100%| O|  |TAMS 0x0000000795000000| PB 0x0000000795000000| Untracked |  0
| 647|0x0000000795200000, 0x0000000795400000, 0x0000000795400000|100%| O|  |TAMS 0x0000000795200000| PB 0x0000000795200000| Untracked |  0
| 648|0x0000000795400000, 0x0000000795600000, 0x0000000795600000|100%| O|  |TAMS 0x0000000795400000| PB 0x0000000795400000| Untracked |  0
| 649|0x0000000795600000, 0x0000000795800000, 0x0000000795800000|100%| O|  |TAMS 0x0000000795600000| PB 0x0000000795600000| Untracked |  0
| 650|0x0000000795800000, 0x0000000795a00000, 0x0000000795a00000|100%| O|  |TAMS 0x0000000795800000| PB 0x0000000795800000| Untracked |  0
| 651|0x0000000795a00000, 0x0000000795c00000, 0x0000000795c00000|100%| O|  |TAMS 0x0000000795a00000| PB 0x0000000795a00000| Untracked |  0
| 652|0x0000000795c00000, 0x0000000795e00000, 0x0000000795e00000|100%| O|  |TAMS 0x0000000795c00000| PB 0x0000000795c00000| Untracked |  0
| 653|0x0000000795e00000, 0x0000000796000000, 0x0000000796000000|100%| O|  |TAMS 0x0000000795e00000| PB 0x0000000795e00000| Untracked |  0
| 654|0x0000000796000000, 0x0000000796200000, 0x0000000796200000|100%| O|  |TAMS 0x0000000796000000| PB 0x0000000796000000| Untracked |  0
| 655|0x0000000796200000, 0x0000000796400000, 0x0000000796400000|100%|HS|  |TAMS 0x0000000796200000| PB 0x0000000796200000| Complete |  0
| 656|0x0000000796400000, 0x0000000796600000, 0x0000000796600000|100%|HS|  |TAMS 0x0000000796400000| PB 0x0000000796400000| Complete |  0
| 657|0x0000000796600000, 0x0000000796800000, 0x0000000796800000|100%|HS|  |TAMS 0x0000000796600000| PB 0x0000000796600000| Complete |  0
| 658|0x0000000796800000, 0x0000000796a00000, 0x0000000796a00000|100%|HC|  |TAMS 0x0000000796800000| PB 0x0000000796800000| Complete |  0
| 659|0x0000000796a00000, 0x0000000796c00000, 0x0000000796c00000|100%|HS|  |TAMS 0x0000000796a00000| PB 0x0000000796a00000| Complete |  0
| 660|0x0000000796c00000, 0x0000000796e00000, 0x0000000796e00000|100%|HC|  |TAMS 0x0000000796c00000| PB 0x0000000796c00000| Complete |  0
| 661|0x0000000796e00000, 0x0000000797000000, 0x0000000797000000|100%|HS|  |TAMS 0x0000000796e00000| PB 0x0000000796e00000| Complete |  0
| 662|0x0000000797000000, 0x0000000797200000, 0x0000000797200000|100%|HS|  |TAMS 0x0000000797000000| PB 0x0000000797000000| Complete |  0
| 663|0x0000000797200000, 0x0000000797400000, 0x0000000797400000|100%|HC|  |TAMS 0x0000000797200000| PB 0x0000000797200000| Complete |  0
| 664|0x0000000797400000, 0x0000000797600000, 0x0000000797600000|100%|HS|  |TAMS 0x0000000797400000| PB 0x0000000797400000| Complete |  0
| 665|0x0000000797600000, 0x0000000797600000, 0x0000000797800000|  0%| F|  |TAMS 0x0000000797600000| PB 0x0000000797600000| Untracked |  0
| 666|0x0000000797800000, 0x0000000797800000, 0x0000000797a00000|  0%| F|  |TAMS 0x0000000797800000| PB 0x0000000797800000| Untracked |  0
| 667|0x0000000797a00000, 0x0000000797a00000, 0x0000000797c00000|  0%| F|  |TAMS 0x0000000797a00000| PB 0x0000000797a00000| Untracked |  0
| 668|0x0000000797c00000, 0x0000000797c00000, 0x0000000797e00000|  0%| F|  |TAMS 0x0000000797c00000| PB 0x0000000797c00000| Untracked |  0
| 669|0x0000000797e00000, 0x0000000797e00000, 0x0000000798000000|  0%| F|  |TAMS 0x0000000797e00000| PB 0x0000000797e00000| Untracked |  0
| 670|0x0000000798000000, 0x0000000798000000, 0x0000000798200000|  0%| F|  |TAMS 0x0000000798000000| PB 0x0000000798000000| Untracked |  0
| 671|0x0000000798200000, 0x0000000798200000, 0x0000000798400000|  0%| F|  |TAMS 0x0000000798200000| PB 0x0000000798200000| Untracked |  0
| 672|0x0000000798400000, 0x0000000798400000, 0x0000000798600000|  0%| F|  |TAMS 0x0000000798400000| PB 0x0000000798400000| Untracked |  0
| 673|0x0000000798600000, 0x0000000798600000, 0x0000000798800000|  0%| F|  |TAMS 0x0000000798600000| PB 0x0000000798600000| Untracked |  0
| 674|0x0000000798800000, 0x0000000798800000, 0x0000000798a00000|  0%| F|  |TAMS 0x0000000798800000| PB 0x0000000798800000| Untracked |  0
| 675|0x0000000798a00000, 0x0000000798a00000, 0x0000000798c00000|  0%| F|  |TAMS 0x0000000798a00000| PB 0x0000000798a00000| Untracked |  0
| 676|0x0000000798c00000, 0x0000000798c00000, 0x0000000798e00000|  0%| F|  |TAMS 0x0000000798c00000| PB 0x0000000798c00000| Untracked |  0
| 677|0x0000000798e00000, 0x0000000798e00000, 0x0000000799000000|  0%| F|  |TAMS 0x0000000798e00000| PB 0x0000000798e00000| Untracked |  0
| 678|0x0000000799000000, 0x0000000799000000, 0x0000000799200000|  0%| F|  |TAMS 0x0000000799000000| PB 0x0000000799000000| Untracked |  0
| 679|0x0000000799200000, 0x0000000799200000, 0x0000000799400000|  0%| F|  |TAMS 0x0000000799200000| PB 0x0000000799200000| Untracked |  0
| 680|0x0000000799400000, 0x0000000799400000, 0x0000000799600000|  0%| F|  |TAMS 0x0000000799400000| PB 0x0000000799400000| Untracked |  0
| 681|0x0000000799600000, 0x0000000799600000, 0x0000000799800000|  0%| F|  |TAMS 0x0000000799600000| PB 0x0000000799600000| Untracked |  0
| 682|0x0000000799800000, 0x0000000799800000, 0x0000000799a00000|  0%| F|  |TAMS 0x0000000799800000| PB 0x0000000799800000| Untracked |  0
| 683|0x0000000799a00000, 0x0000000799a00000, 0x0000000799c00000|  0%| F|  |TAMS 0x0000000799a00000| PB 0x0000000799a00000| Untracked |  0
| 684|0x0000000799c00000, 0x0000000799c00000, 0x0000000799e00000|  0%| F|  |TAMS 0x0000000799c00000| PB 0x0000000799c00000| Untracked |  0
| 685|0x0000000799e00000, 0x0000000799e00000, 0x000000079a000000|  0%| F|  |TAMS 0x0000000799e00000| PB 0x0000000799e00000| Untracked |  0
| 686|0x000000079a000000, 0x000000079a000000, 0x000000079a200000|  0%| F|  |TAMS 0x000000079a000000| PB 0x000000079a000000| Untracked |  0
| 687|0x000000079a200000, 0x000000079a200000, 0x000000079a400000|  0%| F|  |TAMS 0x000000079a200000| PB 0x000000079a200000| Untracked |  0
| 688|0x000000079a400000, 0x000000079a400000, 0x000000079a600000|  0%| F|  |TAMS 0x000000079a400000| PB 0x000000079a400000| Untracked |  0
| 689|0x000000079a600000, 0x000000079a600000, 0x000000079a800000|  0%| F|  |TAMS 0x000000079a600000| PB 0x000000079a600000| Untracked |  0
| 690|0x000000079a800000, 0x000000079a800000, 0x000000079aa00000|  0%| F|  |TAMS 0x000000079a800000| PB 0x000000079a800000| Untracked |  0
| 691|0x000000079aa00000, 0x000000079aa00000, 0x000000079ac00000|  0%| F|  |TAMS 0x000000079aa00000| PB 0x000000079aa00000| Untracked |  0
| 692|0x000000079ac00000, 0x000000079ac00000, 0x000000079ae00000|  0%| F|  |TAMS 0x000000079ac00000| PB 0x000000079ac00000| Untracked |  0
| 693|0x000000079ae00000, 0x000000079ae00000, 0x000000079b000000|  0%| F|  |TAMS 0x000000079ae00000| PB 0x000000079ae00000| Untracked |  0
| 694|0x000000079b000000, 0x000000079b000000, 0x000000079b200000|  0%| F|  |TAMS 0x000000079b000000| PB 0x000000079b000000| Untracked |  0
| 695|0x000000079b200000, 0x000000079b200000, 0x000000079b400000|  0%| F|  |TAMS 0x000000079b200000| PB 0x000000079b200000| Untracked |  0
| 696|0x000000079b400000, 0x000000079b400000, 0x000000079b600000|  0%| F|  |TAMS 0x000000079b400000| PB 0x000000079b400000| Untracked |  0
| 697|0x000000079b600000, 0x000000079b600000, 0x000000079b800000|  0%| F|  |TAMS 0x000000079b600000| PB 0x000000079b600000| Untracked |  0
| 698|0x000000079b800000, 0x000000079ba00000, 0x000000079ba00000|100%| O|  |TAMS 0x000000079b800000| PB 0x000000079b800000| Untracked |  0
| 699|0x000000079ba00000, 0x000000079bc00000, 0x000000079bc00000|100%| O|  |TAMS 0x000000079ba00000| PB 0x000000079ba00000| Untracked |  0
| 700|0x000000079bc00000, 0x000000079bc00000, 0x000000079be00000|  0%| F|  |TAMS 0x000000079bc00000| PB 0x000000079bc00000| Untracked |  0
| 701|0x000000079be00000, 0x000000079be00000, 0x000000079c000000|  0%| F|  |TAMS 0x000000079be00000| PB 0x000000079be00000| Untracked |  0
| 702|0x000000079c000000, 0x000000079c000000, 0x000000079c200000|  0%| F|  |TAMS 0x000000079c000000| PB 0x000000079c000000| Untracked |  0
| 703|0x000000079c200000, 0x000000079c200000, 0x000000079c400000|  0%| F|  |TAMS 0x000000079c200000| PB 0x000000079c200000| Untracked |  0
| 704|0x000000079c400000, 0x000000079c400000, 0x000000079c600000|  0%| F|  |TAMS 0x000000079c400000| PB 0x000000079c400000| Untracked |  0
| 705|0x000000079c600000, 0x000000079c600000, 0x000000079c800000|  0%| F|  |TAMS 0x000000079c600000| PB 0x000000079c600000| Untracked |  0
| 706|0x000000079c800000, 0x000000079c800000, 0x000000079ca00000|  0%| F|  |TAMS 0x000000079c800000| PB 0x000000079c800000| Untracked |  0
| 707|0x000000079ca00000, 0x000000079ca00000, 0x000000079cc00000|  0%| F|  |TAMS 0x000000079ca00000| PB 0x000000079ca00000| Untracked |  0
| 708|0x000000079cc00000, 0x000000079cc00000, 0x000000079ce00000|  0%| F|  |TAMS 0x000000079cc00000| PB 0x000000079cc00000| Untracked |  0
| 709|0x000000079ce00000, 0x000000079ce00000, 0x000000079d000000|  0%| F|  |TAMS 0x000000079ce00000| PB 0x000000079ce00000| Untracked |  0
| 710|0x000000079d000000, 0x000000079d000000, 0x000000079d200000|  0%| F|  |TAMS 0x000000079d000000| PB 0x000000079d000000| Untracked |  0
| 711|0x000000079d200000, 0x000000079d200000, 0x000000079d400000|  0%| F|  |TAMS 0x000000079d200000| PB 0x000000079d200000| Untracked |  0
| 712|0x000000079d400000, 0x000000079d400000, 0x000000079d600000|  0%| F|  |TAMS 0x000000079d400000| PB 0x000000079d400000| Untracked |  0
| 713|0x000000079d600000, 0x000000079d600000, 0x000000079d800000|  0%| F|  |TAMS 0x000000079d600000| PB 0x000000079d600000| Untracked |  0
| 714|0x000000079d800000, 0x000000079d800000, 0x000000079da00000|  0%| F|  |TAMS 0x000000079d800000| PB 0x000000079d800000| Untracked |  0
| 715|0x000000079da00000, 0x000000079da00000, 0x000000079dc00000|  0%| F|  |TAMS 0x000000079da00000| PB 0x000000079da00000| Untracked |  0
| 716|0x000000079dc00000, 0x000000079dc00000, 0x000000079de00000|  0%| F|  |TAMS 0x000000079dc00000| PB 0x000000079dc00000| Untracked |  0
| 717|0x000000079de00000, 0x000000079de00000, 0x000000079e000000|  0%| F|  |TAMS 0x000000079de00000| PB 0x000000079de00000| Untracked |  0
| 718|0x000000079e000000, 0x000000079e000000, 0x000000079e200000|  0%| F|  |TAMS 0x000000079e000000| PB 0x000000079e000000| Untracked |  0
| 719|0x000000079e200000, 0x000000079e200000, 0x000000079e400000|  0%| F|  |TAMS 0x000000079e200000| PB 0x000000079e200000| Untracked |  0
| 720|0x000000079e400000, 0x000000079e400000, 0x000000079e600000|  0%| F|  |TAMS 0x000000079e400000| PB 0x000000079e400000| Untracked |  0
| 721|0x000000079e600000, 0x000000079e600000, 0x000000079e800000|  0%| F|  |TAMS 0x000000079e600000| PB 0x000000079e600000| Untracked |  0
| 722|0x000000079e800000, 0x000000079e800000, 0x000000079ea00000|  0%| F|  |TAMS 0x000000079e800000| PB 0x000000079e800000| Untracked |  0
| 723|0x000000079ea00000, 0x000000079ea00000, 0x000000079ec00000|  0%| F|  |TAMS 0x000000079ea00000| PB 0x000000079ea00000| Untracked |  0
| 724|0x000000079ec00000, 0x000000079ec00000, 0x000000079ee00000|  0%| F|  |TAMS 0x000000079ec00000| PB 0x000000079ec00000| Untracked |  0
| 725|0x000000079ee00000, 0x000000079ee00000, 0x000000079f000000|  0%| F|  |TAMS 0x000000079ee00000| PB 0x000000079ee00000| Untracked |  0
| 726|0x000000079f000000, 0x000000079f000000, 0x000000079f200000|  0%| F|  |TAMS 0x000000079f000000| PB 0x000000079f000000| Untracked |  0
| 727|0x000000079f200000, 0x000000079f200000, 0x000000079f400000|  0%| F|  |TAMS 0x000000079f200000| PB 0x000000079f200000| Untracked |  0
| 728|0x000000079f400000, 0x000000079f400000, 0x000000079f600000|  0%| F|  |TAMS 0x000000079f400000| PB 0x000000079f400000| Untracked |  0
| 729|0x000000079f600000, 0x000000079f600000, 0x000000079f800000|  0%| F|  |TAMS 0x000000079f600000| PB 0x000000079f600000| Untracked |  0
| 730|0x000000079f800000, 0x000000079f800000, 0x000000079fa00000|  0%| F|  |TAMS 0x000000079f800000| PB 0x000000079f800000| Untracked |  0
| 731|0x000000079fa00000, 0x000000079fa00000, 0x000000079fc00000|  0%| F|  |TAMS 0x000000079fa00000| PB 0x000000079fa00000| Untracked |  0
| 732|0x000000079fc00000, 0x000000079fc00000, 0x000000079fe00000|  0%| F|  |TAMS 0x000000079fc00000| PB 0x000000079fc00000| Untracked |  0
| 733|0x000000079fe00000, 0x000000079fe00000, 0x00000007a0000000|  0%| F|  |TAMS 0x000000079fe00000| PB 0x000000079fe00000| Untracked |  0
| 734|0x00000007a0000000, 0x00000007a0000000, 0x00000007a0200000|  0%| F|  |TAMS 0x00000007a0000000| PB 0x00000007a0000000| Untracked |  0
| 735|0x00000007a0200000, 0x00000007a0200000, 0x00000007a0400000|  0%| F|  |TAMS 0x00000007a0200000| PB 0x00000007a0200000| Untracked |  0
| 736|0x00000007a0400000, 0x00000007a0400000, 0x00000007a0600000|  0%| F|  |TAMS 0x00000007a0400000| PB 0x00000007a0400000| Untracked |  0
| 737|0x00000007a0600000, 0x00000007a0600000, 0x00000007a0800000|  0%| F|  |TAMS 0x00000007a0600000| PB 0x00000007a0600000| Untracked |  0
| 738|0x00000007a0800000, 0x00000007a0800000, 0x00000007a0a00000|  0%| F|  |TAMS 0x00000007a0800000| PB 0x00000007a0800000| Untracked |  0
| 739|0x00000007a0a00000, 0x00000007a0a00000, 0x00000007a0c00000|  0%| F|  |TAMS 0x00000007a0a00000| PB 0x00000007a0a00000| Untracked |  0
| 740|0x00000007a0c00000, 0x00000007a0c00000, 0x00000007a0e00000|  0%| F|  |TAMS 0x00000007a0c00000| PB 0x00000007a0c00000| Untracked |  0
| 741|0x00000007a0e00000, 0x00000007a0e00000, 0x00000007a1000000|  0%| F|  |TAMS 0x00000007a0e00000| PB 0x00000007a0e00000| Untracked |  0
| 742|0x00000007a1000000, 0x00000007a1000000, 0x00000007a1200000|  0%| F|  |TAMS 0x00000007a1000000| PB 0x00000007a1000000| Untracked |  0
| 743|0x00000007a1200000, 0x00000007a1200000, 0x00000007a1400000|  0%| F|  |TAMS 0x00000007a1200000| PB 0x00000007a1200000| Untracked |  0
| 744|0x00000007a1400000, 0x00000007a1400000, 0x00000007a1600000|  0%| F|  |TAMS 0x00000007a1400000| PB 0x00000007a1400000| Untracked |  0
| 745|0x00000007a1600000, 0x00000007a1600000, 0x00000007a1800000|  0%| F|  |TAMS 0x00000007a1600000| PB 0x00000007a1600000| Untracked |  0
| 746|0x00000007a1800000, 0x00000007a1800000, 0x00000007a1a00000|  0%| F|  |TAMS 0x00000007a1800000| PB 0x00000007a1800000| Untracked |  0
| 747|0x00000007a1a00000, 0x00000007a1a00000, 0x00000007a1c00000|  0%| F|  |TAMS 0x00000007a1a00000| PB 0x00000007a1a00000| Untracked |  0
| 748|0x00000007a1c00000, 0x00000007a1c00000, 0x00000007a1e00000|  0%| F|  |TAMS 0x00000007a1c00000| PB 0x00000007a1c00000| Untracked |  0
| 749|0x00000007a1e00000, 0x00000007a1e00000, 0x00000007a2000000|  0%| F|  |TAMS 0x00000007a1e00000| PB 0x00000007a1e00000| Untracked |  0
| 750|0x00000007a2000000, 0x00000007a2000000, 0x00000007a2200000|  0%| F|  |TAMS 0x00000007a2000000| PB 0x00000007a2000000| Untracked |  0
| 751|0x00000007a2200000, 0x00000007a2200000, 0x00000007a2400000|  0%| F|  |TAMS 0x00000007a2200000| PB 0x00000007a2200000| Untracked |  0
| 752|0x00000007a2400000, 0x00000007a2400000, 0x00000007a2600000|  0%| F|  |TAMS 0x00000007a2400000| PB 0x00000007a2400000| Untracked |  0
| 753|0x00000007a2600000, 0x00000007a2600000, 0x00000007a2800000|  0%| F|  |TAMS 0x00000007a2600000| PB 0x00000007a2600000| Untracked |  0
| 754|0x00000007a2800000, 0x00000007a2800000, 0x00000007a2a00000|  0%| F|  |TAMS 0x00000007a2800000| PB 0x00000007a2800000| Untracked |  0
| 755|0x00000007a2a00000, 0x00000007a2a00000, 0x00000007a2c00000|  0%| F|  |TAMS 0x00000007a2a00000| PB 0x00000007a2a00000| Untracked |  0
| 756|0x00000007a2c00000, 0x00000007a2c00000, 0x00000007a2e00000|  0%| F|  |TAMS 0x00000007a2c00000| PB 0x00000007a2c00000| Untracked |  0
| 757|0x00000007a2e00000, 0x00000007a2e00000, 0x00000007a3000000|  0%| F|  |TAMS 0x00000007a2e00000| PB 0x00000007a2e00000| Untracked |  0
| 758|0x00000007a3000000, 0x00000007a3000000, 0x00000007a3200000|  0%| F|  |TAMS 0x00000007a3000000| PB 0x00000007a3000000| Untracked |  0
| 759|0x00000007a3200000, 0x00000007a3200000, 0x00000007a3400000|  0%| F|  |TAMS 0x00000007a3200000| PB 0x00000007a3200000| Untracked |  0
| 760|0x00000007a3400000, 0x00000007a3400000, 0x00000007a3600000|  0%| F|  |TAMS 0x00000007a3400000| PB 0x00000007a3400000| Untracked |  0
| 761|0x00000007a3600000, 0x00000007a3600000, 0x00000007a3800000|  0%| F|  |TAMS 0x00000007a3600000| PB 0x00000007a3600000| Untracked |  0
| 762|0x00000007a3800000, 0x00000007a3800000, 0x00000007a3a00000|  0%| F|  |TAMS 0x00000007a3800000| PB 0x00000007a3800000| Untracked |  0
| 763|0x00000007a3a00000, 0x00000007a3a00000, 0x00000007a3c00000|  0%| F|  |TAMS 0x00000007a3a00000| PB 0x00000007a3a00000| Untracked |  0
| 764|0x00000007a3c00000, 0x00000007a3c00000, 0x00000007a3e00000|  0%| F|  |TAMS 0x00000007a3c00000| PB 0x00000007a3c00000| Untracked |  0
| 765|0x00000007a3e00000, 0x00000007a3e00000, 0x00000007a4000000|  0%| F|  |TAMS 0x00000007a3e00000| PB 0x00000007a3e00000| Untracked |  0
| 766|0x00000007a4000000, 0x00000007a4000000, 0x00000007a4200000|  0%| F|  |TAMS 0x00000007a4000000| PB 0x00000007a4000000| Untracked |  0
| 767|0x00000007a4200000, 0x00000007a4200000, 0x00000007a4400000|  0%| F|  |TAMS 0x00000007a4200000| PB 0x00000007a4200000| Untracked |  0
| 768|0x00000007a4400000, 0x00000007a4400000, 0x00000007a4600000|  0%| F|  |TAMS 0x00000007a4400000| PB 0x00000007a4400000| Untracked |  0
| 769|0x00000007a4600000, 0x00000007a4600000, 0x00000007a4800000|  0%| F|  |TAMS 0x00000007a4600000| PB 0x00000007a4600000| Untracked |  0
| 770|0x00000007a4800000, 0x00000007a4800000, 0x00000007a4a00000|  0%| F|  |TAMS 0x00000007a4800000| PB 0x00000007a4800000| Untracked |  0
| 771|0x00000007a4a00000, 0x00000007a4a00000, 0x00000007a4c00000|  0%| F|  |TAMS 0x00000007a4a00000| PB 0x00000007a4a00000| Untracked |  0
| 772|0x00000007a4c00000, 0x00000007a4c00000, 0x00000007a4e00000|  0%| F|  |TAMS 0x00000007a4c00000| PB 0x00000007a4c00000| Untracked |  0
| 773|0x00000007a4e00000, 0x00000007a4e00000, 0x00000007a5000000|  0%| F|  |TAMS 0x00000007a4e00000| PB 0x00000007a4e00000| Untracked |  0
| 774|0x00000007a5000000, 0x00000007a5000000, 0x00000007a5200000|  0%| F|  |TAMS 0x00000007a5000000| PB 0x00000007a5000000| Untracked |  0
| 775|0x00000007a5200000, 0x00000007a5200000, 0x00000007a5400000|  0%| F|  |TAMS 0x00000007a5200000| PB 0x00000007a5200000| Untracked |  0
| 776|0x00000007a5400000, 0x00000007a5400000, 0x00000007a5600000|  0%| F|  |TAMS 0x00000007a5400000| PB 0x00000007a5400000| Untracked |  0
| 777|0x00000007a5600000, 0x00000007a5600000, 0x00000007a5800000|  0%| F|  |TAMS 0x00000007a5600000| PB 0x00000007a5600000| Untracked |  0
| 778|0x00000007a5800000, 0x00000007a5800000, 0x00000007a5a00000|  0%| F|  |TAMS 0x00000007a5800000| PB 0x00000007a5800000| Untracked |  0
| 779|0x00000007a5a00000, 0x00000007a5a00000, 0x00000007a5c00000|  0%| F|  |TAMS 0x00000007a5a00000| PB 0x00000007a5a00000| Untracked |  0
| 780|0x00000007a5c00000, 0x00000007a5c00000, 0x00000007a5e00000|  0%| F|  |TAMS 0x00000007a5c00000| PB 0x00000007a5c00000| Untracked |  0
| 781|0x00000007a5e00000, 0x00000007a5e00000, 0x00000007a6000000|  0%| F|  |TAMS 0x00000007a5e00000| PB 0x00000007a5e00000| Untracked |  0
| 782|0x00000007a6000000, 0x00000007a6000000, 0x00000007a6200000|  0%| F|  |TAMS 0x00000007a6000000| PB 0x00000007a6000000| Untracked |  0
| 783|0x00000007a6200000, 0x00000007a6200000, 0x00000007a6400000|  0%| F|  |TAMS 0x00000007a6200000| PB 0x00000007a6200000| Untracked |  0
| 784|0x00000007a6400000, 0x00000007a6400000, 0x00000007a6600000|  0%| F|  |TAMS 0x00000007a6400000| PB 0x00000007a6400000| Untracked |  0
| 785|0x00000007a6600000, 0x00000007a6600000, 0x00000007a6800000|  0%| F|  |TAMS 0x00000007a6600000| PB 0x00000007a6600000| Untracked |  0
| 786|0x00000007a6800000, 0x00000007a6800000, 0x00000007a6a00000|  0%| F|  |TAMS 0x00000007a6800000| PB 0x00000007a6800000| Untracked |  0
| 787|0x00000007a6a00000, 0x00000007a6a00000, 0x00000007a6c00000|  0%| F|  |TAMS 0x00000007a6a00000| PB 0x00000007a6a00000| Untracked |  0
| 788|0x00000007a6c00000, 0x00000007a6c00000, 0x00000007a6e00000|  0%| F|  |TAMS 0x00000007a6c00000| PB 0x00000007a6c00000| Untracked |  0
| 789|0x00000007a6e00000, 0x00000007a6e00000, 0x00000007a7000000|  0%| F|  |TAMS 0x00000007a6e00000| PB 0x00000007a6e00000| Untracked |  0
| 790|0x00000007a7000000, 0x00000007a7000000, 0x00000007a7200000|  0%| F|  |TAMS 0x00000007a7000000| PB 0x00000007a7000000| Untracked |  0
| 791|0x00000007a7200000, 0x00000007a7200000, 0x00000007a7400000|  0%| F|  |TAMS 0x00000007a7200000| PB 0x00000007a7200000| Untracked |  0
| 792|0x00000007a7400000, 0x00000007a7400000, 0x00000007a7600000|  0%| F|  |TAMS 0x00000007a7400000| PB 0x00000007a7400000| Untracked |  0
| 793|0x00000007a7600000, 0x00000007a7600000, 0x00000007a7800000|  0%| F|  |TAMS 0x00000007a7600000| PB 0x00000007a7600000| Untracked |  0
| 794|0x00000007a7800000, 0x00000007a7800000, 0x00000007a7a00000|  0%| F|  |TAMS 0x00000007a7800000| PB 0x00000007a7800000| Untracked |  0
| 795|0x00000007a7a00000, 0x00000007a7a00000, 0x00000007a7c00000|  0%| F|  |TAMS 0x00000007a7a00000| PB 0x00000007a7a00000| Untracked |  0
| 796|0x00000007a7c00000, 0x00000007a7c00000, 0x00000007a7e00000|  0%| F|  |TAMS 0x00000007a7c00000| PB 0x00000007a7c00000| Untracked |  0
| 797|0x00000007a7e00000, 0x00000007a7e00000, 0x00000007a8000000|  0%| F|  |TAMS 0x00000007a7e00000| PB 0x00000007a7e00000| Untracked |  0
| 798|0x00000007a8000000, 0x00000007a8000000, 0x00000007a8200000|  0%| F|  |TAMS 0x00000007a8000000| PB 0x00000007a8000000| Untracked |  0
| 799|0x00000007a8200000, 0x00000007a8200000, 0x00000007a8400000|  0%| F|  |TAMS 0x00000007a8200000| PB 0x00000007a8200000| Untracked |  0
| 800|0x00000007a8400000, 0x00000007a8400000, 0x00000007a8600000|  0%| F|  |TAMS 0x00000007a8400000| PB 0x00000007a8400000| Untracked |  0
| 801|0x00000007a8600000, 0x00000007a8600000, 0x00000007a8800000|  0%| F|  |TAMS 0x00000007a8600000| PB 0x00000007a8600000| Untracked |  0
| 802|0x00000007a8800000, 0x00000007a8800000, 0x00000007a8a00000|  0%| F|  |TAMS 0x00000007a8800000| PB 0x00000007a8800000| Untracked |  0
| 803|0x00000007a8a00000, 0x00000007a8a00000, 0x00000007a8c00000|  0%| F|  |TAMS 0x00000007a8a00000| PB 0x00000007a8a00000| Untracked |  0
| 804|0x00000007a8c00000, 0x00000007a8c00000, 0x00000007a8e00000|  0%| F|  |TAMS 0x00000007a8c00000| PB 0x00000007a8c00000| Untracked |  0
| 805|0x00000007a8e00000, 0x00000007a8e00000, 0x00000007a9000000|  0%| F|  |TAMS 0x00000007a8e00000| PB 0x00000007a8e00000| Untracked |  0
| 806|0x00000007a9000000, 0x00000007a9000000, 0x00000007a9200000|  0%| F|  |TAMS 0x00000007a9000000| PB 0x00000007a9000000| Untracked |  0
| 807|0x00000007a9200000, 0x00000007a9200000, 0x00000007a9400000|  0%| F|  |TAMS 0x00000007a9200000| PB 0x00000007a9200000| Untracked |  0
| 808|0x00000007a9400000, 0x00000007a9400000, 0x00000007a9600000|  0%| F|  |TAMS 0x00000007a9400000| PB 0x00000007a9400000| Untracked |  0
| 809|0x00000007a9600000, 0x00000007a9600000, 0x00000007a9800000|  0%| F|  |TAMS 0x00000007a9600000| PB 0x00000007a9600000| Untracked |  0
| 810|0x00000007a9800000, 0x00000007a9800000, 0x00000007a9a00000|  0%| F|  |TAMS 0x00000007a9800000| PB 0x00000007a9800000| Untracked |  0
| 811|0x00000007a9a00000, 0x00000007a9a00000, 0x00000007a9c00000|  0%| F|  |TAMS 0x00000007a9a00000| PB 0x00000007a9a00000| Untracked |  0
| 812|0x00000007a9c00000, 0x00000007a9c00000, 0x00000007a9e00000|  0%| F|  |TAMS 0x00000007a9c00000| PB 0x00000007a9c00000| Untracked |  0
| 813|0x00000007a9e00000, 0x00000007a9e00000, 0x00000007aa000000|  0%| F|  |TAMS 0x00000007a9e00000| PB 0x00000007a9e00000| Untracked |  0
| 814|0x00000007aa000000, 0x00000007aa000000, 0x00000007aa200000|  0%| F|  |TAMS 0x00000007aa000000| PB 0x00000007aa000000| Untracked |  0
| 815|0x00000007aa200000, 0x00000007aa200000, 0x00000007aa400000|  0%| F|  |TAMS 0x00000007aa200000| PB 0x00000007aa200000| Untracked |  0
| 816|0x00000007aa400000, 0x00000007aa400000, 0x00000007aa600000|  0%| F|  |TAMS 0x00000007aa400000| PB 0x00000007aa400000| Untracked |  0
| 817|0x00000007aa600000, 0x00000007aa600000, 0x00000007aa800000|  0%| F|  |TAMS 0x00000007aa600000| PB 0x00000007aa600000| Untracked |  0
| 818|0x00000007aa800000, 0x00000007aa800000, 0x00000007aaa00000|  0%| F|  |TAMS 0x00000007aa800000| PB 0x00000007aa800000| Untracked |  0
| 819|0x00000007aaa00000, 0x00000007aaa00000, 0x00000007aac00000|  0%| F|  |TAMS 0x00000007aaa00000| PB 0x00000007aaa00000| Untracked |  0
| 820|0x00000007aac00000, 0x00000007aac00000, 0x00000007aae00000|  0%| F|  |TAMS 0x00000007aac00000| PB 0x00000007aac00000| Untracked |  0
| 821|0x00000007aae00000, 0x00000007aae00000, 0x00000007ab000000|  0%| F|  |TAMS 0x00000007aae00000| PB 0x00000007aae00000| Untracked |  0
| 822|0x00000007ab000000, 0x00000007ab000000, 0x00000007ab200000|  0%| F|  |TAMS 0x00000007ab000000| PB 0x00000007ab000000| Untracked |  0
| 823|0x00000007ab200000, 0x00000007ab200000, 0x00000007ab400000|  0%| F|  |TAMS 0x00000007ab200000| PB 0x00000007ab200000| Untracked |  0
| 824|0x00000007ab400000, 0x00000007ab400000, 0x00000007ab600000|  0%| F|  |TAMS 0x00000007ab400000| PB 0x00000007ab400000| Untracked |  0
| 825|0x00000007ab600000, 0x00000007ab600000, 0x00000007ab800000|  0%| F|  |TAMS 0x00000007ab600000| PB 0x00000007ab600000| Untracked |  0
| 826|0x00000007ab800000, 0x00000007ab800000, 0x00000007aba00000|  0%| F|  |TAMS 0x00000007ab800000| PB 0x00000007ab800000| Untracked |  0
| 827|0x00000007aba00000, 0x00000007aba00000, 0x00000007abc00000|  0%| F|  |TAMS 0x00000007aba00000| PB 0x00000007aba00000| Untracked |  0
| 828|0x00000007abc00000, 0x00000007abc00000, 0x00000007abe00000|  0%| F|  |TAMS 0x00000007abc00000| PB 0x00000007abc00000| Untracked |  0
| 829|0x00000007abe00000, 0x00000007abe00000, 0x00000007ac000000|  0%| F|  |TAMS 0x00000007abe00000| PB 0x00000007abe00000| Untracked |  0
| 830|0x00000007ac000000, 0x00000007ac000000, 0x00000007ac200000|  0%| F|  |TAMS 0x00000007ac000000| PB 0x00000007ac000000| Untracked |  0
| 831|0x00000007ac200000, 0x00000007ac200000, 0x00000007ac400000|  0%| F|  |TAMS 0x00000007ac200000| PB 0x00000007ac200000| Untracked |  0
| 832|0x00000007ac400000, 0x00000007ac400000, 0x00000007ac600000|  0%| F|  |TAMS 0x00000007ac400000| PB 0x00000007ac400000| Untracked |  0
| 833|0x00000007ac600000, 0x00000007ac600000, 0x00000007ac800000|  0%| F|  |TAMS 0x00000007ac600000| PB 0x00000007ac600000| Untracked |  0
| 834|0x00000007ac800000, 0x00000007ac800000, 0x00000007aca00000|  0%| F|  |TAMS 0x00000007ac800000| PB 0x00000007ac800000| Untracked |  0
| 835|0x00000007aca00000, 0x00000007aca00000, 0x00000007acc00000|  0%| F|  |TAMS 0x00000007aca00000| PB 0x00000007aca00000| Untracked |  0
| 836|0x00000007acc00000, 0x00000007acc00000, 0x00000007ace00000|  0%| F|  |TAMS 0x00000007acc00000| PB 0x00000007acc00000| Untracked |  0
| 837|0x00000007ace00000, 0x00000007ace00000, 0x00000007ad000000|  0%| F|  |TAMS 0x00000007ace00000| PB 0x00000007ace00000| Untracked |  0
| 838|0x00000007ad000000, 0x00000007ad000000, 0x00000007ad200000|  0%| F|  |TAMS 0x00000007ad000000| PB 0x00000007ad000000| Untracked |  0
| 839|0x00000007ad200000, 0x00000007ad200000, 0x00000007ad400000|  0%| F|  |TAMS 0x00000007ad200000| PB 0x00000007ad200000| Untracked |  0
| 840|0x00000007ad400000, 0x00000007ad400000, 0x00000007ad600000|  0%| F|  |TAMS 0x00000007ad400000| PB 0x00000007ad400000| Untracked |  0
| 841|0x00000007ad600000, 0x00000007ad600000, 0x00000007ad800000|  0%| F|  |TAMS 0x00000007ad600000| PB 0x00000007ad600000| Untracked |  0
| 842|0x00000007ad800000, 0x00000007ad800000, 0x00000007ada00000|  0%| F|  |TAMS 0x00000007ad800000| PB 0x00000007ad800000| Untracked |  0
| 843|0x00000007ada00000, 0x00000007ada00000, 0x00000007adc00000|  0%| F|  |TAMS 0x00000007ada00000| PB 0x00000007ada00000| Untracked |  0
| 844|0x00000007adc00000, 0x00000007adc00000, 0x00000007ade00000|  0%| F|  |TAMS 0x00000007adc00000| PB 0x00000007adc00000| Untracked |  0
| 845|0x00000007ade00000, 0x00000007ade00000, 0x00000007ae000000|  0%| F|  |TAMS 0x00000007ade00000| PB 0x00000007ade00000| Untracked |  0
| 846|0x00000007ae000000, 0x00000007ae000000, 0x00000007ae200000|  0%| F|  |TAMS 0x00000007ae000000| PB 0x00000007ae000000| Untracked |  0
| 847|0x00000007ae200000, 0x00000007ae200000, 0x00000007ae400000|  0%| F|  |TAMS 0x00000007ae200000| PB 0x00000007ae200000| Untracked |  0
| 848|0x00000007ae400000, 0x00000007ae400000, 0x00000007ae600000|  0%| F|  |TAMS 0x00000007ae400000| PB 0x00000007ae400000| Untracked |  0
| 849|0x00000007ae600000, 0x00000007ae600000, 0x00000007ae800000|  0%| F|  |TAMS 0x00000007ae600000| PB 0x00000007ae600000| Untracked |  0
| 850|0x00000007ae800000, 0x00000007ae800000, 0x00000007aea00000|  0%| F|  |TAMS 0x00000007ae800000| PB 0x00000007ae800000| Untracked |  0
| 851|0x00000007aea00000, 0x00000007aea00000, 0x00000007aec00000|  0%| F|  |TAMS 0x00000007aea00000| PB 0x00000007aea00000| Untracked |  0
| 852|0x00000007aec00000, 0x00000007aec00000, 0x00000007aee00000|  0%| F|  |TAMS 0x00000007aec00000| PB 0x00000007aec00000| Untracked |  0
| 853|0x00000007aee00000, 0x00000007aee00000, 0x00000007af000000|  0%| F|  |TAMS 0x00000007aee00000| PB 0x00000007aee00000| Untracked |  0
| 854|0x00000007af000000, 0x00000007af000000, 0x00000007af200000|  0%| F|  |TAMS 0x00000007af000000| PB 0x00000007af000000| Untracked |  0
| 855|0x00000007af200000, 0x00000007af200000, 0x00000007af400000|  0%| F|  |TAMS 0x00000007af200000| PB 0x00000007af200000| Untracked |  0
| 856|0x00000007af400000, 0x00000007af400000, 0x00000007af600000|  0%| F|  |TAMS 0x00000007af400000| PB 0x00000007af400000| Untracked |  0
| 857|0x00000007af600000, 0x00000007af600000, 0x00000007af800000|  0%| F|  |TAMS 0x00000007af600000| PB 0x00000007af600000| Untracked |  0
| 858|0x00000007af800000, 0x00000007af800000, 0x00000007afa00000|  0%| F|  |TAMS 0x00000007af800000| PB 0x00000007af800000| Untracked |  0
| 859|0x00000007afa00000, 0x00000007afa00000, 0x00000007afc00000|  0%| F|  |TAMS 0x00000007afa00000| PB 0x00000007afa00000| Untracked |  0
| 860|0x00000007afc00000, 0x00000007afc00000, 0x00000007afe00000|  0%| F|  |TAMS 0x00000007afc00000| PB 0x00000007afc00000| Untracked |  0
| 861|0x00000007afe00000, 0x00000007afe00000, 0x00000007b0000000|  0%| F|  |TAMS 0x00000007afe00000| PB 0x00000007afe00000| Untracked |  0
| 862|0x00000007b0000000, 0x00000007b0000000, 0x00000007b0200000|  0%| F|  |TAMS 0x00000007b0000000| PB 0x00000007b0000000| Untracked |  0
| 863|0x00000007b0200000, 0x00000007b0200000, 0x00000007b0400000|  0%| F|  |TAMS 0x00000007b0200000| PB 0x00000007b0200000| Untracked |  0
| 864|0x00000007b0400000, 0x00000007b0400000, 0x00000007b0600000|  0%| F|  |TAMS 0x00000007b0400000| PB 0x00000007b0400000| Untracked |  0
| 865|0x00000007b0600000, 0x00000007b0600000, 0x00000007b0800000|  0%| F|  |TAMS 0x00000007b0600000| PB 0x00000007b0600000| Untracked |  0
| 866|0x00000007b0800000, 0x00000007b0800000, 0x00000007b0a00000|  0%| F|  |TAMS 0x00000007b0800000| PB 0x00000007b0800000| Untracked |  0
| 867|0x00000007b0a00000, 0x00000007b0a00000, 0x00000007b0c00000|  0%| F|  |TAMS 0x00000007b0a00000| PB 0x00000007b0a00000| Untracked |  0
| 868|0x00000007b0c00000, 0x00000007b0c00000, 0x00000007b0e00000|  0%| F|  |TAMS 0x00000007b0c00000| PB 0x00000007b0c00000| Untracked |  0
| 869|0x00000007b0e00000, 0x00000007b0e00000, 0x00000007b1000000|  0%| F|  |TAMS 0x00000007b0e00000| PB 0x00000007b0e00000| Untracked |  0
| 870|0x00000007b1000000, 0x00000007b1000000, 0x00000007b1200000|  0%| F|  |TAMS 0x00000007b1000000| PB 0x00000007b1000000| Untracked |  0
| 871|0x00000007b1200000, 0x00000007b1200000, 0x00000007b1400000|  0%| F|  |TAMS 0x00000007b1200000| PB 0x00000007b1200000| Untracked |  0
| 872|0x00000007b1400000, 0x00000007b1400000, 0x00000007b1600000|  0%| F|  |TAMS 0x00000007b1400000| PB 0x00000007b1400000| Untracked |  0
| 873|0x00000007b1600000, 0x00000007b1600000, 0x00000007b1800000|  0%| F|  |TAMS 0x00000007b1600000| PB 0x00000007b1600000| Untracked |  0
| 874|0x00000007b1800000, 0x00000007b1800000, 0x00000007b1a00000|  0%| F|  |TAMS 0x00000007b1800000| PB 0x00000007b1800000| Untracked |  0
| 875|0x00000007b1a00000, 0x00000007b1a00000, 0x00000007b1c00000|  0%| F|  |TAMS 0x00000007b1a00000| PB 0x00000007b1a00000| Untracked |  0
| 876|0x00000007b1c00000, 0x00000007b1c00000, 0x00000007b1e00000|  0%| F|  |TAMS 0x00000007b1c00000| PB 0x00000007b1c00000| Untracked |  0
| 877|0x00000007b1e00000, 0x00000007b1e00000, 0x00000007b2000000|  0%| F|  |TAMS 0x00000007b1e00000| PB 0x00000007b1e00000| Untracked |  0
| 878|0x00000007b2000000, 0x00000007b2000000, 0x00000007b2200000|  0%| F|  |TAMS 0x00000007b2000000| PB 0x00000007b2000000| Untracked |  0
| 879|0x00000007b2200000, 0x00000007b2200000, 0x00000007b2400000|  0%| F|  |TAMS 0x00000007b2200000| PB 0x00000007b2200000| Untracked |  0
| 880|0x00000007b2400000, 0x00000007b2400000, 0x00000007b2600000|  0%| F|  |TAMS 0x00000007b2400000| PB 0x00000007b2400000| Untracked |  0
| 881|0x00000007b2600000, 0x00000007b2600000, 0x00000007b2800000|  0%| F|  |TAMS 0x00000007b2600000| PB 0x00000007b2600000| Untracked |  0
| 882|0x00000007b2800000, 0x00000007b2800000, 0x00000007b2a00000|  0%| F|  |TAMS 0x00000007b2800000| PB 0x00000007b2800000| Untracked |  0
| 883|0x00000007b2a00000, 0x00000007b2a00000, 0x00000007b2c00000|  0%| F|  |TAMS 0x00000007b2a00000| PB 0x00000007b2a00000| Untracked |  0
| 884|0x00000007b2c00000, 0x00000007b2c00000, 0x00000007b2e00000|  0%| F|  |TAMS 0x00000007b2c00000| PB 0x00000007b2c00000| Untracked |  0
| 885|0x00000007b2e00000, 0x00000007b2e00000, 0x00000007b3000000|  0%| F|  |TAMS 0x00000007b2e00000| PB 0x00000007b2e00000| Untracked |  0
| 886|0x00000007b3000000, 0x00000007b3000000, 0x00000007b3200000|  0%| F|  |TAMS 0x00000007b3000000| PB 0x00000007b3000000| Untracked |  0
| 887|0x00000007b3200000, 0x00000007b3200000, 0x00000007b3400000|  0%| F|  |TAMS 0x00000007b3200000| PB 0x00000007b3200000| Untracked |  0
| 888|0x00000007b3400000, 0x00000007b3400000, 0x00000007b3600000|  0%| F|  |TAMS 0x00000007b3400000| PB 0x00000007b3400000| Untracked |  0
| 889|0x00000007b3600000, 0x00000007b3600000, 0x00000007b3800000|  0%| F|  |TAMS 0x00000007b3600000| PB 0x00000007b3600000| Untracked |  0
| 890|0x00000007b3800000, 0x00000007b3800000, 0x00000007b3a00000|  0%| F|  |TAMS 0x00000007b3800000| PB 0x00000007b3800000| Untracked |  0
| 891|0x00000007b3a00000, 0x00000007b3a00000, 0x00000007b3c00000|  0%| F|  |TAMS 0x00000007b3a00000| PB 0x00000007b3a00000| Untracked |  0
| 892|0x00000007b3c00000, 0x00000007b3c00000, 0x00000007b3e00000|  0%| F|  |TAMS 0x00000007b3c00000| PB 0x00000007b3c00000| Untracked |  0
| 893|0x00000007b3e00000, 0x00000007b3e00000, 0x00000007b4000000|  0%| F|  |TAMS 0x00000007b3e00000| PB 0x00000007b3e00000| Untracked |  0
| 894|0x00000007b4000000, 0x00000007b4000000, 0x00000007b4200000|  0%| F|  |TAMS 0x00000007b4000000| PB 0x00000007b4000000| Untracked |  0
| 895|0x00000007b4200000, 0x00000007b4200000, 0x00000007b4400000|  0%| F|  |TAMS 0x00000007b4200000| PB 0x00000007b4200000| Untracked |  0
| 896|0x00000007b4400000, 0x00000007b4400000, 0x00000007b4600000|  0%| F|  |TAMS 0x00000007b4400000| PB 0x00000007b4400000| Untracked |  0
| 897|0x00000007b4600000, 0x00000007b4600000, 0x00000007b4800000|  0%| F|  |TAMS 0x00000007b4600000| PB 0x00000007b4600000| Untracked |  0
| 898|0x00000007b4800000, 0x00000007b4800000, 0x00000007b4a00000|  0%| F|  |TAMS 0x00000007b4800000| PB 0x00000007b4800000| Untracked |  0
| 899|0x00000007b4a00000, 0x00000007b4a00000, 0x00000007b4c00000|  0%| F|  |TAMS 0x00000007b4a00000| PB 0x00000007b4a00000| Untracked |  0
| 900|0x00000007b4c00000, 0x00000007b4c00000, 0x00000007b4e00000|  0%| F|  |TAMS 0x00000007b4c00000| PB 0x00000007b4c00000| Untracked |  0
| 901|0x00000007b4e00000, 0x00000007b4e00000, 0x00000007b5000000|  0%| F|  |TAMS 0x00000007b4e00000| PB 0x00000007b4e00000| Untracked |  0
| 902|0x00000007b5000000, 0x00000007b5000000, 0x00000007b5200000|  0%| F|  |TAMS 0x00000007b5000000| PB 0x00000007b5000000| Untracked |  0
| 903|0x00000007b5200000, 0x00000007b5200000, 0x00000007b5400000|  0%| F|  |TAMS 0x00000007b5200000| PB 0x00000007b5200000| Untracked |  0
| 904|0x00000007b5400000, 0x00000007b5400000, 0x00000007b5600000|  0%| F|  |TAMS 0x00000007b5400000| PB 0x00000007b5400000| Untracked |  0
| 905|0x00000007b5600000, 0x00000007b5600000, 0x00000007b5800000|  0%| F|  |TAMS 0x00000007b5600000| PB 0x00000007b5600000| Untracked |  0
| 906|0x00000007b5800000, 0x00000007b5800000, 0x00000007b5a00000|  0%| F|  |TAMS 0x00000007b5800000| PB 0x00000007b5800000| Untracked |  0
| 907|0x00000007b5a00000, 0x00000007b5a00000, 0x00000007b5c00000|  0%| F|  |TAMS 0x00000007b5a00000| PB 0x00000007b5a00000| Untracked |  0
| 908|0x00000007b5c00000, 0x00000007b5c00000, 0x00000007b5e00000|  0%| F|  |TAMS 0x00000007b5c00000| PB 0x00000007b5c00000| Untracked |  0
| 909|0x00000007b5e00000, 0x00000007b5e00000, 0x00000007b6000000|  0%| F|  |TAMS 0x00000007b5e00000| PB 0x00000007b5e00000| Untracked |  0
| 910|0x00000007b6000000, 0x00000007b6000000, 0x00000007b6200000|  0%| F|  |TAMS 0x00000007b6000000| PB 0x00000007b6000000| Untracked |  0
| 911|0x00000007b6200000, 0x00000007b6200000, 0x00000007b6400000|  0%| F|  |TAMS 0x00000007b6200000| PB 0x00000007b6200000| Untracked |  0
| 912|0x00000007b6400000, 0x00000007b6400000, 0x00000007b6600000|  0%| F|  |TAMS 0x00000007b6400000| PB 0x00000007b6400000| Untracked |  0
| 913|0x00000007b6600000, 0x00000007b6600000, 0x00000007b6800000|  0%| F|  |TAMS 0x00000007b6600000| PB 0x00000007b6600000| Untracked |  0
| 914|0x00000007b6800000, 0x00000007b6800000, 0x00000007b6a00000|  0%| F|  |TAMS 0x00000007b6800000| PB 0x00000007b6800000| Untracked |  0
| 915|0x00000007b6a00000, 0x00000007b6a00000, 0x00000007b6c00000|  0%| F|  |TAMS 0x00000007b6a00000| PB 0x00000007b6a00000| Untracked |  0
| 916|0x00000007b6c00000, 0x00000007b6c00000, 0x00000007b6e00000|  0%| F|  |TAMS 0x00000007b6c00000| PB 0x00000007b6c00000| Untracked |  0
| 917|0x00000007b6e00000, 0x00000007b6e00000, 0x00000007b7000000|  0%| F|  |TAMS 0x00000007b6e00000| PB 0x00000007b6e00000| Untracked |  0
| 918|0x00000007b7000000, 0x00000007b7000000, 0x00000007b7200000|  0%| F|  |TAMS 0x00000007b7000000| PB 0x00000007b7000000| Untracked |  0
| 919|0x00000007b7200000, 0x00000007b7200000, 0x00000007b7400000|  0%| F|  |TAMS 0x00000007b7200000| PB 0x00000007b7200000| Untracked |  0
| 920|0x00000007b7400000, 0x00000007b7400000, 0x00000007b7600000|  0%| F|  |TAMS 0x00000007b7400000| PB 0x00000007b7400000| Untracked |  0
| 921|0x00000007b7600000, 0x00000007b7600000, 0x00000007b7800000|  0%| F|  |TAMS 0x00000007b7600000| PB 0x00000007b7600000| Untracked |  0
| 922|0x00000007b7800000, 0x00000007b7800000, 0x00000007b7a00000|  0%| F|  |TAMS 0x00000007b7800000| PB 0x00000007b7800000| Untracked |  0
| 923|0x00000007b7a00000, 0x00000007b7a00000, 0x00000007b7c00000|  0%| F|  |TAMS 0x00000007b7a00000| PB 0x00000007b7a00000| Untracked |  0
| 924|0x00000007b7c00000, 0x00000007b7c00000, 0x00000007b7e00000|  0%| F|  |TAMS 0x00000007b7c00000| PB 0x00000007b7c00000| Untracked |  0
| 925|0x00000007b7e00000, 0x00000007b7e00000, 0x00000007b8000000|  0%| F|  |TAMS 0x00000007b7e00000| PB 0x00000007b7e00000| Untracked |  0
| 926|0x00000007b8000000, 0x00000007b8000000, 0x00000007b8200000|  0%| F|  |TAMS 0x00000007b8000000| PB 0x00000007b8000000| Untracked |  0
| 927|0x00000007b8200000, 0x00000007b8200000, 0x00000007b8400000|  0%| F|  |TAMS 0x00000007b8200000| PB 0x00000007b8200000| Untracked |  0
| 928|0x00000007b8400000, 0x00000007b8400000, 0x00000007b8600000|  0%| F|  |TAMS 0x00000007b8400000| PB 0x00000007b8400000| Untracked |  0
| 929|0x00000007b8600000, 0x00000007b8600000, 0x00000007b8800000|  0%| F|  |TAMS 0x00000007b8600000| PB 0x00000007b8600000| Untracked |  0
| 930|0x00000007b8800000, 0x00000007b8800000, 0x00000007b8a00000|  0%| F|  |TAMS 0x00000007b8800000| PB 0x00000007b8800000| Untracked |  0
| 931|0x00000007b8a00000, 0x00000007b8a00000, 0x00000007b8c00000|  0%| F|  |TAMS 0x00000007b8a00000| PB 0x00000007b8a00000| Untracked |  0
| 932|0x00000007b8c00000, 0x00000007b8c00000, 0x00000007b8e00000|  0%| F|  |TAMS 0x00000007b8c00000| PB 0x00000007b8c00000| Untracked |  0
| 933|0x00000007b8e00000, 0x00000007b8e00000, 0x00000007b9000000|  0%| F|  |TAMS 0x00000007b8e00000| PB 0x00000007b8e00000| Untracked |  0
| 934|0x00000007b9000000, 0x00000007b9000000, 0x00000007b9200000|  0%| F|  |TAMS 0x00000007b9000000| PB 0x00000007b9000000| Untracked |  0
| 935|0x00000007b9200000, 0x00000007b9200000, 0x00000007b9400000|  0%| F|  |TAMS 0x00000007b9200000| PB 0x00000007b9200000| Untracked |  0
| 936|0x00000007b9400000, 0x00000007b9400000, 0x00000007b9600000|  0%| F|  |TAMS 0x00000007b9400000| PB 0x00000007b9400000| Untracked |  0
| 937|0x00000007b9600000, 0x00000007b9600000, 0x00000007b9800000|  0%| F|  |TAMS 0x00000007b9600000| PB 0x00000007b9600000| Untracked |  0
| 938|0x00000007b9800000, 0x00000007b9800000, 0x00000007b9a00000|  0%| F|  |TAMS 0x00000007b9800000| PB 0x00000007b9800000| Untracked |  0
| 939|0x00000007b9a00000, 0x00000007b9a00000, 0x00000007b9c00000|  0%| F|  |TAMS 0x00000007b9a00000| PB 0x00000007b9a00000| Untracked |  0
| 940|0x00000007b9c00000, 0x00000007b9c00000, 0x00000007b9e00000|  0%| F|  |TAMS 0x00000007b9c00000| PB 0x00000007b9c00000| Untracked |  0
| 941|0x00000007b9e00000, 0x00000007b9e00000, 0x00000007ba000000|  0%| F|  |TAMS 0x00000007b9e00000| PB 0x00000007b9e00000| Untracked |  0
| 942|0x00000007ba000000, 0x00000007ba000000, 0x00000007ba200000|  0%| F|  |TAMS 0x00000007ba000000| PB 0x00000007ba000000| Untracked |  0
| 943|0x00000007ba200000, 0x00000007ba200000, 0x00000007ba400000|  0%| F|  |TAMS 0x00000007ba200000| PB 0x00000007ba200000| Untracked |  0
| 944|0x00000007ba400000, 0x00000007ba400000, 0x00000007ba600000|  0%| F|  |TAMS 0x00000007ba400000| PB 0x00000007ba400000| Untracked |  0
| 945|0x00000007ba600000, 0x00000007ba600000, 0x00000007ba800000|  0%| F|  |TAMS 0x00000007ba600000| PB 0x00000007ba600000| Untracked |  0
| 946|0x00000007ba800000, 0x00000007ba800000, 0x00000007baa00000|  0%| F|  |TAMS 0x00000007ba800000| PB 0x00000007ba800000| Untracked |  0
| 947|0x00000007baa00000, 0x00000007baa00000, 0x00000007bac00000|  0%| F|  |TAMS 0x00000007baa00000| PB 0x00000007baa00000| Untracked |  0
| 948|0x00000007bac00000, 0x00000007bac00000, 0x00000007bae00000|  0%| F|  |TAMS 0x00000007bac00000| PB 0x00000007bac00000| Untracked |  0
| 949|0x00000007bae00000, 0x00000007bae00000, 0x00000007bb000000|  0%| F|  |TAMS 0x00000007bae00000| PB 0x00000007bae00000| Untracked |  0
| 950|0x00000007bb000000, 0x00000007bb000000, 0x00000007bb200000|  0%| F|  |TAMS 0x00000007bb000000| PB 0x00000007bb000000| Untracked |  0
| 951|0x00000007bb200000, 0x00000007bb200000, 0x00000007bb400000|  0%| F|  |TAMS 0x00000007bb200000| PB 0x00000007bb200000| Untracked |  0
| 952|0x00000007bb400000, 0x00000007bb400000, 0x00000007bb600000|  0%| F|  |TAMS 0x00000007bb400000| PB 0x00000007bb400000| Untracked |  0
| 953|0x00000007bb600000, 0x00000007bb600000, 0x00000007bb800000|  0%| F|  |TAMS 0x00000007bb600000| PB 0x00000007bb600000| Untracked |  0
| 954|0x00000007bb800000, 0x00000007bb800000, 0x00000007bba00000|  0%| F|  |TAMS 0x00000007bb800000| PB 0x00000007bb800000| Untracked |  0
| 955|0x00000007bba00000, 0x00000007bba00000, 0x00000007bbc00000|  0%| F|  |TAMS 0x00000007bba00000| PB 0x00000007bba00000| Untracked |  0
| 956|0x00000007bbc00000, 0x00000007bbc00000, 0x00000007bbe00000|  0%| F|  |TAMS 0x00000007bbc00000| PB 0x00000007bbc00000| Untracked |  0
| 957|0x00000007bbe00000, 0x00000007bbe00000, 0x00000007bc000000|  0%| F|  |TAMS 0x00000007bbe00000| PB 0x00000007bbe00000| Untracked |  0
| 958|0x00000007bc000000, 0x00000007bc000000, 0x00000007bc200000|  0%| F|  |TAMS 0x00000007bc000000| PB 0x00000007bc000000| Untracked |  0
| 959|0x00000007bc200000, 0x00000007bc200000, 0x00000007bc400000|  0%| F|  |TAMS 0x00000007bc200000| PB 0x00000007bc200000| Untracked |  0
| 960|0x00000007bc400000, 0x00000007bc400000, 0x00000007bc600000|  0%| F|  |TAMS 0x00000007bc400000| PB 0x00000007bc400000| Untracked |  0
| 961|0x00000007bc600000, 0x00000007bc600000, 0x00000007bc800000|  0%| F|  |TAMS 0x00000007bc600000| PB 0x00000007bc600000| Untracked |  0
| 962|0x00000007bc800000, 0x00000007bc800000, 0x00000007bca00000|  0%| F|  |TAMS 0x00000007bc800000| PB 0x00000007bc800000| Untracked |  0
| 963|0x00000007bca00000, 0x00000007bca00000, 0x00000007bcc00000|  0%| F|  |TAMS 0x00000007bca00000| PB 0x00000007bca00000| Untracked |  0
| 964|0x00000007bcc00000, 0x00000007bcc00000, 0x00000007bce00000|  0%| F|  |TAMS 0x00000007bcc00000| PB 0x00000007bcc00000| Untracked |  0
| 965|0x00000007bce00000, 0x00000007bce00000, 0x00000007bd000000|  0%| F|  |TAMS 0x00000007bce00000| PB 0x00000007bce00000| Untracked |  0
| 966|0x00000007bd000000, 0x00000007bd000000, 0x00000007bd200000|  0%| F|  |TAMS 0x00000007bd000000| PB 0x00000007bd000000| Untracked |  0
| 967|0x00000007bd200000, 0x00000007bd200000, 0x00000007bd400000|  0%| F|  |TAMS 0x00000007bd200000| PB 0x00000007bd200000| Untracked |  0
| 968|0x00000007bd400000, 0x00000007bd400000, 0x00000007bd600000|  0%| F|  |TAMS 0x00000007bd400000| PB 0x00000007bd400000| Untracked |  0
| 969|0x00000007bd600000, 0x00000007bd600000, 0x00000007bd800000|  0%| F|  |TAMS 0x00000007bd600000| PB 0x00000007bd600000| Untracked |  0
| 970|0x00000007bd800000, 0x00000007bd800000, 0x00000007bda00000|  0%| F|  |TAMS 0x00000007bd800000| PB 0x00000007bd800000| Untracked |  0
| 971|0x00000007bda00000, 0x00000007bda00000, 0x00000007bdc00000|  0%| F|  |TAMS 0x00000007bda00000| PB 0x00000007bda00000| Untracked |  0
| 972|0x00000007bdc00000, 0x00000007bdc00000, 0x00000007bde00000|  0%| F|  |TAMS 0x00000007bdc00000| PB 0x00000007bdc00000| Untracked |  0
| 973|0x00000007bde00000, 0x00000007bdf00000, 0x00000007be000000| 50%| E|  |TAMS 0x00000007bde00000| PB 0x00000007bde00000| Complete |  0
| 974|0x00000007be000000, 0x00000007be200000, 0x00000007be200000|100%| E|CS|TAMS 0x00000007be000000| PB 0x00000007be000000| Complete |  0
| 975|0x00000007be200000, 0x00000007be400000, 0x00000007be400000|100%| E|CS|TAMS 0x00000007be200000| PB 0x00000007be200000| Complete |  0
| 976|0x00000007be400000, 0x00000007be600000, 0x00000007be600000|100%| E|CS|TAMS 0x00000007be400000| PB 0x00000007be400000| Complete |  0
| 977|0x00000007be600000, 0x00000007be800000, 0x00000007be800000|100%| E|CS|TAMS 0x00000007be600000| PB 0x00000007be600000| Complete |  0
| 978|0x00000007be800000, 0x00000007bea00000, 0x00000007bea00000|100%| E|CS|TAMS 0x00000007be800000| PB 0x00000007be800000| Complete |  0
| 979|0x00000007bea00000, 0x00000007bec00000, 0x00000007bec00000|100%| E|CS|TAMS 0x00000007bea00000| PB 0x00000007bea00000| Complete |  0
| 980|0x00000007bec00000, 0x00000007bee00000, 0x00000007bee00000|100%| E|CS|TAMS 0x00000007bec00000| PB 0x00000007bec00000| Complete |  0
| 981|0x00000007bee00000, 0x00000007bf000000, 0x00000007bf000000|100%| E|CS|TAMS 0x00000007bee00000| PB 0x00000007bee00000| Complete |  0
| 982|0x00000007bf000000, 0x00000007bf200000, 0x00000007bf200000|100%| E|CS|TAMS 0x00000007bf000000| PB 0x00000007bf000000| Complete |  0
| 983|0x00000007bf200000, 0x00000007bf400000, 0x00000007bf400000|100%| E|CS|TAMS 0x00000007bf200000| PB 0x00000007bf200000| Complete |  0
| 984|0x00000007bf400000, 0x00000007bf600000, 0x00000007bf600000|100%| E|CS|TAMS 0x00000007bf400000| PB 0x00000007bf400000| Complete |  0
| 985|0x00000007bf600000, 0x00000007bf800000, 0x00000007bf800000|100%| E|CS|TAMS 0x00000007bf600000| PB 0x00000007bf600000| Complete |  0
| 986|0x00000007bf800000, 0x00000007bfa00000, 0x00000007bfa00000|100%| E|CS|TAMS 0x00000007bf800000| PB 0x00000007bf800000| Complete |  0
| 987|0x00000007bfa00000, 0x00000007bfc00000, 0x00000007bfc00000|100%| E|CS|TAMS 0x00000007bfa00000| PB 0x00000007bfa00000| Complete |  0
| 988|0x00000007bfc00000, 0x00000007bfe00000, 0x00000007bfe00000|100%| E|CS|TAMS 0x00000007bfc00000| PB 0x00000007bfc00000| Complete |  0
| 989|0x00000007bfe00000, 0x00000007c0000000, 0x00000007c0000000|100%| E|CS|TAMS 0x00000007bfe00000| PB 0x00000007bfe00000| Complete |  0
| 990|0x00000007c0000000, 0x00000007c0200000, 0x00000007c0200000|100%| E|CS|TAMS 0x00000007c0000000| PB 0x00000007c0000000| Complete |  0
| 991|0x00000007c0200000, 0x00000007c0400000, 0x00000007c0400000|100%| E|CS|TAMS 0x00000007c0200000| PB 0x00000007c0200000| Complete |  0
| 992|0x00000007c0400000, 0x00000007c0600000, 0x00000007c0600000|100%| S|CS|TAMS 0x00000007c0400000| PB 0x00000007c0400000| Complete |  0
| 993|0x00000007c0600000, 0x00000007c0800000, 0x00000007c0800000|100%| S|CS|TAMS 0x00000007c0600000| PB 0x00000007c0600000| Complete |  0
| 994|0x00000007c0800000, 0x00000007c0a00000, 0x00000007c0a00000|100%| S|CS|TAMS 0x00000007c0800000| PB 0x00000007c0800000| Complete |  0
| 995|0x00000007c0a00000, 0x00000007c0c00000, 0x00000007c0c00000|100%| S|CS|TAMS 0x00000007c0a00000| PB 0x00000007c0a00000| Complete |  0
| 996|0x00000007c0c00000, 0x00000007c0e00000, 0x00000007c0e00000|100%| E|CS|TAMS 0x00000007c0c00000| PB 0x00000007c0c00000| Complete |  0
| 997|0x00000007c0e00000, 0x00000007c1000000, 0x00000007c1000000|100%| E|CS|TAMS 0x00000007c0e00000| PB 0x00000007c0e00000| Complete |  0
| 998|0x00000007c1000000, 0x00000007c1200000, 0x00000007c1200000|100%| E|CS|TAMS 0x00000007c1000000| PB 0x00000007c1000000| Complete |  0
| 999|0x00000007c1200000, 0x00000007c1400000, 0x00000007c1400000|100%| E|CS|TAMS 0x00000007c1200000| PB 0x00000007c1200000| Complete |  0
|1000|0x00000007c1400000, 0x00000007c1600000, 0x00000007c1600000|100%| E|CS|TAMS 0x00000007c1400000| PB 0x00000007c1400000| Complete |  0
|1001|0x00000007c1600000, 0x00000007c1800000, 0x00000007c1800000|100%| E|CS|TAMS 0x00000007c1600000| PB 0x00000007c1600000| Complete |  0
|1002|0x00000007c1800000, 0x00000007c1a00000, 0x00000007c1a00000|100%| E|CS|TAMS 0x00000007c1800000| PB 0x00000007c1800000| Complete |  0
|1003|0x00000007c1a00000, 0x00000007c1c00000, 0x00000007c1c00000|100%| E|CS|TAMS 0x00000007c1a00000| PB 0x00000007c1a00000| Complete |  0
|1004|0x00000007c1c00000, 0x00000007c1e00000, 0x00000007c1e00000|100%| E|CS|TAMS 0x00000007c1c00000| PB 0x00000007c1c00000| Complete |  0
|1005|0x00000007c1e00000, 0x00000007c2000000, 0x00000007c2000000|100%| E|CS|TAMS 0x00000007c1e00000| PB 0x00000007c1e00000| Complete |  0
|1006|0x00000007c2000000, 0x00000007c2200000, 0x00000007c2200000|100%| E|CS|TAMS 0x00000007c2000000| PB 0x00000007c2000000| Complete |  0
|1007|0x00000007c2200000, 0x00000007c2400000, 0x00000007c2400000|100%| E|CS|TAMS 0x00000007c2200000| PB 0x00000007c2200000| Complete |  0
|1008|0x00000007c2400000, 0x00000007c2600000, 0x00000007c2600000|100%| E|CS|TAMS 0x00000007c2400000| PB 0x00000007c2400000| Complete |  0
|1009|0x00000007c2600000, 0x00000007c2800000, 0x00000007c2800000|100%| E|CS|TAMS 0x00000007c2600000| PB 0x00000007c2600000| Complete |  0
|1010|0x00000007c2800000, 0x00000007c2a00000, 0x00000007c2a00000|100%| E|CS|TAMS 0x00000007c2800000| PB 0x00000007c2800000| Complete |  0
|1011|0x00000007c2a00000, 0x00000007c2c00000, 0x00000007c2c00000|100%| E|CS|TAMS 0x00000007c2a00000| PB 0x00000007c2a00000| Complete |  0
|1012|0x00000007c2c00000, 0x00000007c2e00000, 0x00000007c2e00000|100%| E|CS|TAMS 0x00000007c2c00000| PB 0x00000007c2c00000| Complete |  0
|1013|0x00000007c2e00000, 0x00000007c3000000, 0x00000007c3000000|100%| E|CS|TAMS 0x00000007c2e00000| PB 0x00000007c2e00000| Complete |  0
|1014|0x00000007c3000000, 0x00000007c3200000, 0x00000007c3200000|100%| E|CS|TAMS 0x00000007c3000000| PB 0x00000007c3000000| Complete |  0
|1015|0x00000007c3200000, 0x00000007c3400000, 0x00000007c3400000|100%| E|CS|TAMS 0x00000007c3200000| PB 0x00000007c3200000| Complete |  0
|1016|0x00000007c3400000, 0x00000007c3600000, 0x00000007c3600000|100%| E|CS|TAMS 0x00000007c3400000| PB 0x00000007c3400000| Complete |  0
|1017|0x00000007c3600000, 0x00000007c3800000, 0x00000007c3800000|100%| E|CS|TAMS 0x00000007c3600000| PB 0x00000007c3600000| Complete |  0
|1018|0x00000007c3800000, 0x00000007c3a00000, 0x00000007c3a00000|100%| E|CS|TAMS 0x00000007c3800000| PB 0x00000007c3800000| Complete |  0
|1019|0x00000007c3a00000, 0x00000007c3c00000, 0x00000007c3c00000|100%| E|CS|TAMS 0x00000007c3a00000| PB 0x00000007c3a00000| Complete |  0
|1020|0x00000007c3c00000, 0x00000007c3e00000, 0x00000007c3e00000|100%| E|CS|TAMS 0x00000007c3c00000| PB 0x00000007c3c00000| Complete |  0
|1456|0x00000007fa400000, 0x00000007fa600000, 0x00000007fa600000|100%| O|  |TAMS 0x00000007fa600000| PB 0x00000007fa600000| Updating |  0
|1457|0x00000007fa600000, 0x00000007fa800000, 0x00000007fa800000|100%| O|  |TAMS 0x00000007fa800000| PB 0x00000007fa800000| Untracked |  0
|1458|0x00000007fa800000, 0x00000007faa00000, 0x00000007faa00000|100%| O|  |TAMS 0x00000007faa00000| PB 0x00000007faa00000| Untracked |  0
|1459|0x00000007faa00000, 0x00000007fac00000, 0x00000007fac00000|100%| E|CS|TAMS 0x00000007faa00000| PB 0x00000007faa00000| Complete |  0
|1460|0x00000007fac00000, 0x00000007fae00000, 0x00000007fae00000|100%| O|  |TAMS 0x00000007fae00000| PB 0x00000007fae00000| Updating |  0
|1461|0x00000007fae00000, 0x00000007fb000000, 0x00000007fb000000|100%| O|  |TAMS 0x00000007fb000000| PB 0x00000007fb000000| Untracked |  0
|1462|0x00000007fb000000, 0x00000007fb200000, 0x00000007fb200000|100%| O|  |TAMS 0x00000007fb200000| PB 0x00000007fb200000| Untracked |  0
|1463|0x00000007fb200000, 0x00000007fb400000, 0x00000007fb400000|100%| E|CS|TAMS 0x00000007fb200000| PB 0x00000007fb200000| Complete |  0
|1464|0x00000007fb400000, 0x00000007fb600000, 0x00000007fb600000|100%| E|CS|TAMS 0x00000007fb400000| PB 0x00000007fb400000| Complete |  0
|1465|0x00000007fb600000, 0x00000007fb800000, 0x00000007fb800000|100%| O|  |TAMS 0x00000007fb800000| PB 0x00000007fb800000| Untracked |  0
|1466|0x00000007fb800000, 0x00000007fba00000, 0x00000007fba00000|100%| O|  |TAMS 0x00000007fba00000| PB 0x00000007fba00000| Untracked |  0
|1467|0x00000007fba00000, 0x00000007fbc00000, 0x00000007fbc00000|100%| O|  |TAMS 0x00000007fbc00000| PB 0x00000007fbc00000| Untracked |  0
|1468|0x00000007fbc00000, 0x00000007fbe00000, 0x00000007fbe00000|100%| O|  |TAMS 0x00000007fbe00000| PB 0x00000007fbe00000| Untracked |  0
|1469|0x00000007fbe00000, 0x00000007fc000000, 0x00000007fc000000|100%| O|  |TAMS 0x00000007fc000000| PB 0x00000007fc000000| Untracked |  0
|1470|0x00000007fc000000, 0x00000007fc200000, 0x00000007fc200000|100%| O|  |TAMS 0x00000007fc200000| PB 0x00000007fc200000| Untracked |  0
|1471|0x00000007fc200000, 0x00000007fc400000, 0x00000007fc400000|100%| O|  |TAMS 0x00000007fc400000| PB 0x00000007fc400000| Untracked |  0
|1472|0x00000007fc400000, 0x00000007fc600000, 0x00000007fc600000|100%| O|  |TAMS 0x00000007fc600000| PB 0x00000007fc600000| Untracked |  0
|1473|0x00000007fc600000, 0x00000007fc800000, 0x00000007fc800000|100%| O|  |TAMS 0x00000007fc800000| PB 0x00000007fc800000| Untracked |  0
|1474|0x00000007fc800000, 0x00000007fca00000, 0x00000007fca00000|100%| O|  |TAMS 0x00000007fca00000| PB 0x00000007fca00000| Untracked |  0
|1475|0x00000007fca00000, 0x00000007fcc00000, 0x00000007fcc00000|100%| O|  |TAMS 0x00000007fcc00000| PB 0x00000007fcc00000| Untracked |  0
|1476|0x00000007fcc00000, 0x00000007fce00000, 0x00000007fce00000|100%| O|  |TAMS 0x00000007fce00000| PB 0x00000007fce00000| Untracked |  0
|1477|0x00000007fce00000, 0x00000007fd000000, 0x00000007fd000000|100%| O|  |TAMS 0x00000007fd000000| PB 0x00000007fd000000| Untracked |  0
|1478|0x00000007fd000000, 0x00000007fd200000, 0x00000007fd200000|100%| O|  |TAMS 0x00000007fd200000| PB 0x00000007fd200000| Untracked |  0
|1479|0x00000007fd200000, 0x00000007fd400000, 0x00000007fd400000|100%| O|  |TAMS 0x00000007fd400000| PB 0x00000007fd400000| Untracked |  0
|1480|0x00000007fd400000, 0x00000007fd600000, 0x00000007fd600000|100%| E|CS|TAMS 0x00000007fd400000| PB 0x00000007fd400000| Complete |  0
|1481|0x00000007fd600000, 0x00000007fd800000, 0x00000007fd800000|100%| O|  |TAMS 0x00000007fd800000| PB 0x00000007fd800000| Untracked |  0
|1482|0x00000007fd800000, 0x00000007fda00000, 0x00000007fda00000|100%| O|  |TAMS 0x00000007fda00000| PB 0x00000007fda00000| Untracked |  0
|1483|0x00000007fda00000, 0x00000007fdc00000, 0x00000007fdc00000|100%| O|  |TAMS 0x00000007fdc00000| PB 0x00000007fdc00000| Untracked |  0
|1484|0x00000007fdc00000, 0x00000007fde00000, 0x00000007fde00000|100%| O|  |TAMS 0x00000007fde00000| PB 0x00000007fde00000| Untracked |  0
|1485|0x00000007fde00000, 0x00000007fe000000, 0x00000007fe000000|100%| E|CS|TAMS 0x00000007fde00000| PB 0x00000007fde00000| Complete |  0
|1486|0x00000007fe000000, 0x00000007fe200000, 0x00000007fe200000|100%| E|CS|TAMS 0x00000007fe000000| PB 0x00000007fe000000| Complete |  0
|1487|0x00000007fe200000, 0x00000007fe400000, 0x00000007fe400000|100%| O|  |TAMS 0x00000007fe400000| PB 0x00000007fe400000| Untracked |  0
|1488|0x00000007fe400000, 0x00000007fe600000, 0x00000007fe600000|100%| E|CS|TAMS 0x00000007fe400000| PB 0x00000007fe400000| Complete |  0
|1489|0x00000007fe600000, 0x00000007fe800000, 0x00000007fe800000|100%| O|  |TAMS 0x00000007fe800000| PB 0x00000007fe800000| Untracked |  0
|1490|0x00000007fe800000, 0x00000007fea00000, 0x00000007fea00000|100%| O|  |TAMS 0x00000007fea00000| PB 0x00000007fea00000| Untracked |  0
|1491|0x00000007fea00000, 0x00000007fec00000, 0x00000007fec00000|100%| O|  |TAMS 0x00000007fec00000| PB 0x00000007fec00000| Untracked |  0
|1492|0x00000007fec00000, 0x00000007fee00000, 0x00000007fee00000|100%| E|CS|TAMS 0x00000007fec00000| PB 0x00000007fec00000| Complete |  0
|1493|0x00000007fee00000, 0x00000007ff000000, 0x00000007ff000000|100%| E|CS|TAMS 0x00000007fee00000| PB 0x00000007fee00000| Complete |  0
|1494|0x00000007ff000000, 0x00000007ff200000, 0x00000007ff200000|100%| E|CS|TAMS 0x00000007ff000000| PB 0x00000007ff000000| Complete |  0
|1495|0x00000007ff200000, 0x00000007ff400000, 0x00000007ff400000|100%| E|CS|TAMS 0x00000007ff200000| PB 0x00000007ff200000| Complete |  0
|1496|0x00000007ff400000, 0x00000007ff600000, 0x00000007ff600000|100%| E|CS|TAMS 0x00000007ff400000| PB 0x00000007ff400000| Complete |  0
|1497|0x00000007ff600000, 0x00000007ff800000, 0x00000007ff800000|100%| E|CS|TAMS 0x00000007ff600000| PB 0x00000007ff600000| Complete |  0
|1498|0x00000007ff800000, 0x00000007ffa00000, 0x00000007ffa00000|100%| E|CS|TAMS 0x00000007ff800000| PB 0x00000007ff800000| Complete |  0
|1499|0x00000007ffa00000, 0x00000007ffc00000, 0x00000007ffc00000|100%| O|  |TAMS 0x00000007ffc00000| PB 0x00000007ffc00000| Updating |  0
|1500|0x00000007ffc00000, 0x00000007ffe00000, 0x00000007ffe00000|100%| O|  |TAMS 0x00000007ffe00000| PB 0x00000007ffe00000| Untracked |  0
|1501|0x00000007ffe00000, 0x0000000800000000, 0x0000000800000000|100%| O|  |TAMS 0x0000000800000000| PB 0x0000000800000000| Untracked |  0

Card table byte_map: [0x00000257ae470000,0x00000257aea50000] _byte_map_base: 0x00000257aaa4e000

Marking Bits: (CMBitMap*) 0x000002579686f9d0
 Bits: [0x00000257aea50000, 0x00000257b1940000)

Polling page: 0x0000025795fe0000

Metaspace:

Usage:
  Non-class:    108.21 MB used.
      Class:     11.15 MB used.
       Both:    119.35 MB used.

Virtual space:
  Non-class space:      128.00 MB reserved,     108.69 MB ( 85%) committed,  2 nodes.
      Class space:        1.00 GB reserved,      11.56 MB (  1%) committed,  1 nodes.
             Both:        1.12 GB reserved,     120.25 MB ( 10%) committed. 

Chunk freelists:
   Non-Class:  2.95 MB
       Class:  4.30 MB
        Both:  7.25 MB

MaxMetaspaceSize: unlimited
CompressedClassSpaceSize: 1.00 GB
Initial GC threshold: 21.00 MB
Current GC threshold: 200.25 MB
CDS: on
 - commit_granule_bytes: 65536.
 - commit_granule_words: 8192.
 - virtual_space_node_default_size: 8388608.
 - enlarge_chunks_in_place: 1.
 - use_allocation_guard: 0.


Internal statistics:

num_allocs_failed_limit: 18.
num_arena_births: 1368.
num_arena_deaths: 0.
num_vsnodes_births: 3.
num_vsnodes_deaths: 0.
num_space_committed: 1869.
num_space_uncommitted: 0.
num_chunks_returned_to_freelist: 18.
num_chunks_taken_from_freelist: 5100.
num_chunk_merges: 15.
num_chunk_splits: 3989.
num_chunks_enlarged: 3177.
num_inconsistent_stats: 0.

CodeHeap 'non-profiled nmethods': size=120000Kb used=17752Kb max_used=17962Kb free=102247Kb
 bounds [0x00000257a6630000, 0x00000257a77c0000, 0x00000257adb60000]
CodeHeap 'profiled nmethods': size=120000Kb used=27462Kb max_used=31888Kb free=92537Kb
 bounds [0x000002579eb60000, 0x00000257a0a90000, 0x00000257a6090000]
CodeHeap 'non-nmethods': size=5760Kb used=2323Kb max_used=2381Kb free=3436Kb
 bounds [0x00000257a6090000, 0x00000257a6300000, 0x00000257a6630000]
 total_blobs=12492 nmethods=11496 adapters=886
 compilation: enabled
              stopped_count=0, restarted_count=0
 full_count=0

Compilation events (20 events):
Event: 307.573 Thread 0x00000257b43712d0 18307       3       org.sqlite.jdbc3.JDBC3PreparedStatement::execute (65 bytes)
Event: 307.582 Thread 0x00000257b43712d0 nmethod 18307 0x000002579f825690 code [0x000002579f825920, 0x000002579f826740]
Event: 307.582 Thread 0x00000257b43712d0 18308       3       org.sqlite.jdbc3.JDBC3PreparedStatement$$Lambda/0x00000257b6966418::run (6 bytes)
Event: 307.583 Thread 0x00000257b43712d0 nmethod 18308 0x000002579fe50510 code [0x000002579fe506c0, 0x000002579fe50820]
Event: 307.583 Thread 0x00000257b43712d0 18309       3       org.sqlite.jdbc3.JDBC3PreparedStatement$$Lambda/0x00000257b6966630::<init> (10 bytes)
Event: 307.583 Thread 0x00000257b43712d0 nmethod 18309 0x00000257a030e190 code [0x00000257a030e320, 0x00000257a030e4e0]
Event: 307.783 Thread 0x00000257b43712d0 18310       3       org.hl7.fhir.igtools.renderers.CrossViewRenderer::findCodeSystems (75 bytes)
Event: 307.785 Thread 0x00000257b43712d0 nmethod 18310 0x00000257a06d8190 code [0x00000257a06d8440, 0x00000257a06d9400]
Event: 307.799 Thread 0x00000257b43712d0 18311       3       org.hl7.fhir.igtools.renderers.CrossViewRenderer::resolveCS (99 bytes)
Event: 307.817 Thread 0x00000257b43712d0 nmethod 18311 0x000002579ed08310 code [0x000002579ed085c0, 0x000002579ed096f8]
Event: 307.825 Thread 0x00000257b43712d0 18312       3       org.hl7.fhir.igtools.renderers.CrossViewRenderer::findCodeSystems (105 bytes)
Event: 307.833 Thread 0x00000257b43712d0 nmethod 18312 0x000002579edcec90 code [0x000002579edcefe0, 0x000002579edd05c8]
Event: 307.833 Thread 0x00000257b43712d0 18313       3       org.hl7.fhir.r5.model.CodeSystem::getExperimental (35 bytes)
Event: 307.841 Thread 0x00000257b43712d0 nmethod 18313 0x000002579f4c1490 code [0x000002579f4c1680, 0x000002579f4c1d00]
Event: 307.841 Thread 0x00000257b43712d0 18314       3       org.hl7.fhir.r5.model.ValueSet::hasTitle (23 bytes)
Event: 307.842 Thread 0x00000257b43712d0 nmethod 18314 0x000002579fa19390 code [0x000002579fa19560, 0x000002579fa19a40]
Event: 307.954 Thread 0x00000257b4370210 18315       4       ch.qos.logback.classic.LoggerContext::getTurboFilterChainDecision_0_3OrMore (31 bytes)
Event: 307.962 Thread 0x00000257b43712d0 18316       3       org.hl7.fhir.r5.model.Enumerations$PublicationStatus::toCode (61 bytes)
Event: 307.966 Thread 0x00000257b4370210 nmethod 18315 0x00000257a77ba510 code [0x00000257a77ba6a0, 0x00000257a77ba7a0]
Event: 307.970 Thread 0x00000257b43712d0 nmethod 18316 0x000002579fcdfa90 code [0x000002579fcdfc60, 0x000002579fcdff68]

GC Heap History (20 events):
Event: 266.988 GC heap before
{Heap before GC invocations=180 (full 0):
 garbage-first heap   total reserved 3076096K, committed 1849344K, used 1704349K [0x0000000744400000, 0x0000000800000000)
  region size 2048K, 335 young (686080K), 24 survivors (49152K)
 Metaspace       used 121599K, committed 122496K, reserved 1179648K
  class space    used 11386K, committed 11776K, reserved 1048576K
}
Event: 267.012 GC heap after
{Heap after GC invocations=181 (full 0):
 garbage-first heap   total reserved 3076096K, committed 1849344K, used 1073474K [0x0000000744400000, 0x0000000800000000)
  region size 2048K, 24 young (49152K), 24 survivors (49152K)
 Metaspace       used 121599K, committed 122496K, reserved 1179648K
  class space    used 11386K, committed 11776K, reserved 1048576K
}
Event: 268.915 GC heap before
{Heap before GC invocations=181 (full 0):
 garbage-first heap   total reserved 3076096K, committed 1849344K, used 1704258K [0x0000000744400000, 0x0000000800000000)
  region size 2048K, 332 young (679936K), 24 survivors (49152K)
 Metaspace       used 121599K, committed 122496K, reserved 1179648K
  class space    used 11386K, committed 11776K, reserved 1048576K
}
Event: 268.943 GC heap after
{Heap after GC invocations=182 (full 0):
 garbage-first heap   total reserved 3076096K, committed 1849344K, used 1070884K [0x0000000744400000, 0x0000000800000000)
  region size 2048K, 15 young (30720K), 15 survivors (30720K)
 Metaspace       used 121599K, committed 122496K, reserved 1179648K
  class space    used 11386K, committed 11776K, reserved 1048576K
}
Event: 269.613 GC heap before
{Heap before GC invocations=182 (full 0):
 garbage-first heap   total reserved 3076096K, committed 1849344K, used 1199908K [0x0000000744400000, 0x0000000800000000)
  region size 2048K, 79 young (161792K), 15 survivors (30720K)
 Metaspace       used 121601K, committed 122496K, reserved 1179648K
  class space    used 11387K, committed 11776K, reserved 1048576K
}
Event: 269.633 GC heap after
{Heap after GC invocations=183 (full 0):
 garbage-first heap   total reserved 3076096K, committed 1849344K, used 1076004K [0x0000000744400000, 0x0000000800000000)
  region size 2048K, 17 young (34816K), 17 survivors (34816K)
 Metaspace       used 121601K, committed 122496K, reserved 1179648K
  class space    used 11387K, committed 11776K, reserved 1048576K
}
Event: 291.793 GC heap before
{Heap before GC invocations=184 (full 0):
 garbage-first heap   total reserved 3076096K, committed 1849344K, used 1729316K [0x0000000744400000, 0x0000000800000000)
  region size 2048K, 331 young (677888K), 17 survivors (34816K)
 Metaspace       used 122093K, committed 123008K, reserved 1179648K
  class space    used 11407K, committed 11840K, reserved 1048576K
}
Event: 291.856 GC heap after
{Heap after GC invocations=185 (full 0):
 garbage-first heap   total reserved 3076096K, committed 1849344K, used 1156276K [0x0000000744400000, 0x0000000800000000)
  region size 2048K, 42 young (86016K), 42 survivors (86016K)
 Metaspace       used 122093K, committed 123008K, reserved 1179648K
  class space    used 11407K, committed 11840K, reserved 1048576K
}
Event: 293.269 GC heap before
{Heap before GC invocations=185 (full 0):
 garbage-first heap   total reserved 3076096K, committed 1849344K, used 1668276K [0x0000000744400000, 0x0000000800000000)
  region size 2048K, 292 young (598016K), 42 survivors (86016K)
 Metaspace       used 122103K, committed 123008K, reserved 1179648K
  class space    used 11409K, committed 11840K, reserved 1048576K
}
Event: 293.343 GC heap after
{Heap after GC invocations=186 (full 0):
 garbage-first heap   total reserved 3076096K, committed 1849344K, used 1227776K [0x0000000744400000, 0x0000000800000000)
  region size 2048K, 35 young (71680K), 35 survivors (71680K)
 Metaspace       used 122103K, committed 123008K, reserved 1179648K
  class space    used 11409K, committed 11840K, reserved 1048576K
}
Event: 294.613 GC heap before
{Heap before GC invocations=186 (full 0):
 garbage-first heap   total reserved 3076096K, committed 1849344K, used 1682432K [0x0000000744400000, 0x0000000800000000)
  region size 2048K, 257 young (526336K), 35 survivors (71680K)
 Metaspace       used 122103K, committed 123008K, reserved 1179648K
  class space    used 11409K, committed 11840K, reserved 1048576K
}
Event: 294.674 GC heap after
{Heap after GC invocations=187 (full 0):
 garbage-first heap   total reserved 3076096K, committed 1849344K, used 1290240K [0x0000000744400000, 0x0000000800000000)
  region size 2048K, 30 young (61440K), 30 survivors (61440K)
 Metaspace       used 122103K, committed 123008K, reserved 1179648K
  class space    used 11409K, committed 11840K, reserved 1048576K
}
Event: 295.583 GC heap before
{Heap before GC invocations=187 (full 0):
 garbage-first heap   total reserved 3076096K, committed 1849344K, used 1691648K [0x0000000744400000, 0x0000000800000000)
  region size 2048K, 226 young (462848K), 30 survivors (61440K)
 Metaspace       used 122103K, committed 123008K, reserved 1179648K
  class space    used 11409K, committed 11840K, reserved 1048576K
}
Event: 295.628 GC heap after
{Heap after GC invocations=188 (full 0):
 garbage-first heap   total reserved 3076096K, committed 1849344K, used 1343488K [0x0000000744400000, 0x0000000800000000)
  region size 2048K, 26 young (53248K), 26 survivors (53248K)
 Metaspace       used 122103K, committed 123008K, reserved 1179648K
  class space    used 11409K, committed 11840K, reserved 1048576K
}
Event: 297.339 GC heap before
{Heap before GC invocations=189 (full 0):
 garbage-first heap   total reserved 3076096K, committed 2185216K, used 1648640K [0x0000000744400000, 0x0000000800000000)
  region size 2048K, 192 young (393216K), 26 survivors (53248K)
 Metaspace       used 122103K, committed 123008K, reserved 1179648K
  class space    used 11409K, committed 11840K, reserved 1048576K
}
Event: 297.416 GC heap after
{Heap after GC invocations=190 (full 0):
 garbage-first heap   total reserved 3076096K, committed 2185216K, used 1349632K [0x0000000744400000, 0x0000000800000000)
  region size 2048K, 21 young (43008K), 21 survivors (43008K)
 Metaspace       used 122103K, committed 123008K, reserved 1179648K
  class space    used 11409K, committed 11840K, reserved 1048576K
}
Event: 299.253 GC heap before
{Heap before GC invocations=190 (full 0):
 garbage-first heap   total reserved 3076096K, committed 2185216K, used 1996800K [0x0000000744400000, 0x0000000800000000)
  region size 2048K, 337 young (690176K), 21 survivors (43008K)
 Metaspace       used 122103K, committed 123008K, reserved 1179648K
  class space    used 11409K, committed 11840K, reserved 1048576K
}
Event: 299.343 GC heap after
{Heap after GC invocations=191 (full 0):
 garbage-first heap   total reserved 3076096K, committed 2185216K, used 1408000K [0x0000000744400000, 0x0000000800000000)
  region size 2048K, 43 young (88064K), 43 survivors (88064K)
 Metaspace       used 122103K, committed 123008K, reserved 1179648K
  class space    used 11409K, committed 11840K, reserved 1048576K
}
Event: 305.069 GC heap before
{Heap before GC invocations=191 (full 0):
 garbage-first heap   total reserved 3076096K, committed 2185216K, used 1485824K [0x0000000744400000, 0x0000000800000000)
  region size 2048K, 82 young (167936K), 43 survivors (88064K)
 Metaspace       used 122188K, committed 123136K, reserved 1179648K
  class space    used 11412K, committed 11840K, reserved 1048576K
}
Event: 305.110 GC heap after
{Heap after GC invocations=192 (full 0):
 garbage-first heap   total reserved 3076096K, committed 2185216K, used 1419264K [0x0000000744400000, 0x0000000800000000)
  region size 2048K, 4 young (8192K), 4 survivors (8192K)
 Metaspace       used 122188K, committed 123136K, reserved 1179648K
  class space    used 11412K, committed 11840K, reserved 1048576K
}

Dll operation events (17 events):
Event: 0.396 Loaded shared library C:\Program Files (x86)\Java\bin\java.dll
Event: 0.503 Loaded shared library C:\Program Files (x86)\Java\bin\jsvml.dll
Event: 0.528 Loaded shared library C:\Program Files (x86)\Java\bin\net.dll
Event: 0.559 Loaded shared library C:\Program Files (x86)\Java\bin\nio.dll
Event: 0.635 Loaded shared library C:\Program Files (x86)\Java\bin\zip.dll
Event: 0.762 Loaded shared library C:\Program Files (x86)\Java\bin\jimage.dll
Event: 1.457 Loaded shared library C:\Program Files (x86)\Java\bin\verify.dll
Event: 27.304 Loaded shared library C:\Program Files (x86)\Java\bin\sunmscapi.dll
Event: 27.757 Loaded shared library C:\Program Files (x86)\Java\bin\extnet.dll
Event: 107.887 Loaded shared library C:\Users\Lucía\AppData\Local\Temp\sqlite-3.50.3.0-5160c574-3a69-4612-9832-385764ae8c0c-sqlitejdbc.dll
Event: 108.566 Loaded shared library C:\Program Files (x86)\Java\bin\management.dll
Event: 108.597 Loaded shared library C:\Program Files (x86)\Java\bin\management_ext.dll
Event: 117.468 Loaded shared library C:\Program Files (x86)\Java\bin\awt.dll
Event: 252.774 Loaded shared library C:\Program Files (x86)\Java\bin\freetype.dll
Event: 252.856 Loaded shared library C:\Program Files (x86)\Java\bin\fontmanager.dll
Event: 253.387 Loaded shared library C:\Windows\System32\ucrtbase.dll
Event: 253.403 Loaded shared library C:\Program Files (x86)\Java\bin\syslookup.dll

Deoptimization events (20 events):
Event: 305.003 Thread 0x000002579475d740 Uncommon trap: trap_request=0xffffff45 fr.pc=0x00000257a6e53984 relative=0x0000000000004ec4
Event: 305.003 Thread 0x000002579475d740 Uncommon trap: reason=unstable_if action=reinterpret pc=0x00000257a6e53984 method=org.hl7.fhir.r5.model.InstantType.isPrecisionAllowed(Lca/uhn/fhir/model/api/TemporalPrecisionEnum;)Z @ 8 c2
Event: 305.003 Thread 0x000002579475d740 DEOPT PACKING pc=0x00000257a6e53984 sp=0x000000dee80fedc0
Event: 305.003 Thread 0x000002579475d740 DEOPT UNPACKING pc=0x00000257a60e7da2 sp=0x000000dee80feb00 mode 2
Event: 305.282 Thread 0x000002579475d740 Uncommon trap: trap_request=0xffffff45 fr.pc=0x00000257a6e9ef78 relative=0x0000000000000998
Event: 305.283 Thread 0x000002579475d740 Uncommon trap: reason=unstable_if action=reinterpret pc=0x00000257a6e9ef78 method=org.hl7.fhir.r4.model.CodeSystem$ConceptPropertyComponent.setValue(Lorg/hl7/fhir/r4/model/Type;)Lorg/hl7/fhir/r4/model/CodeSystem$ConceptPropertyComponent; @ 15 c2
Event: 305.283 Thread 0x000002579475d740 DEOPT PACKING pc=0x00000257a6e9ef78 sp=0x000000dee80fed10
Event: 305.283 Thread 0x000002579475d740 DEOPT UNPACKING pc=0x00000257a60e7da2 sp=0x000000dee80fec80 mode 2
Event: 305.283 Thread 0x000002579475d740 Uncommon trap: trap_request=0xffffff45 fr.pc=0x00000257a6ea1214 relative=0x00000000000001d4
Event: 305.283 Thread 0x000002579475d740 Uncommon trap: reason=unstable_if action=reinterpret pc=0x00000257a6ea1214 method=org.hl7.fhir.r4.model.CodeSystem$ConceptPropertyComponent.setValue(Lorg/hl7/fhir/r4/model/Type;)Lorg/hl7/fhir/r4/model/CodeSystem$ConceptPropertyComponent; @ 15 c2
Event: 305.283 Thread 0x000002579475d740 DEOPT PACKING pc=0x00000257a6ea1214 sp=0x000000dee80fecc0
Event: 305.283 Thread 0x000002579475d740 DEOPT UNPACKING pc=0x00000257a60e7da2 sp=0x000000dee80fec80 mode 2
Event: 305.404 Thread 0x000002579475d740 Uncommon trap: trap_request=0xffffff45 fr.pc=0x00000257a6fc0c48 relative=0x00000000000000a8
Event: 305.404 Thread 0x000002579475d740 Uncommon trap: reason=unstable_if action=reinterpret pc=0x00000257a6fc0c48 method=org.hl7.fhir.r5.model.CodeSystem$ConceptDefinitionComponent.hasConcept()Z @ 25 c2
Event: 305.404 Thread 0x000002579475d740 DEOPT PACKING pc=0x00000257a6fc0c48 sp=0x000000dee80fee20
Event: 305.404 Thread 0x000002579475d740 DEOPT UNPACKING pc=0x00000257a60e7da2 sp=0x000000dee80fedb0 mode 2
Event: 307.826 Thread 0x000002579475d740 Uncommon trap: trap_request=0xffffff45 fr.pc=0x00000257a6fbdd68 relative=0x00000000000000c8
Event: 307.826 Thread 0x000002579475d740 Uncommon trap: reason=unstable_if action=reinterpret pc=0x00000257a6fbdd68 method=org.hl7.fhir.r5.model.ValueSet$ConceptSetComponent.getSystem()Ljava/lang/String; @ 4 c2
Event: 307.826 Thread 0x000002579475d740 DEOPT PACKING pc=0x00000257a6fbdd68 sp=0x000000dee80fef60
Event: 307.826 Thread 0x000002579475d740 DEOPT UNPACKING pc=0x00000257a60e7da2 sp=0x000000dee80feef0 mode 2

Classes loaded (20 events):
Event: 253.794 Loading class java/lang/invoke/VarHandleSegmentAsLongs
Event: 253.795 Loading class java/lang/invoke/VarHandleSegmentAsLongs done
Event: 253.796 Loading class java/lang/invoke/BoundMethodHandle$Species_LJJ
Event: 253.796 Loading class java/lang/invoke/BoundMethodHandle$Species_LJJ done
Event: 253.801 Loading class java/lang/invoke/VarHandles$2
Event: 253.801 Loading class java/lang/invoke/VarHandles$2 done
Event: 253.821 Loading class java/lang/invoke/BoundMethodHandle$Species_LLLLJ
Event: 253.821 Loading class java/lang/invoke/BoundMethodHandle$Species_LLLLJ done
Event: 253.823 Loading class sun/font/StandardGlyphVector
Event: 253.825 Loading class java/awt/font/GlyphVector
Event: 253.826 Loading class java/awt/font/GlyphVector done
Event: 253.826 Loading class sun/font/StandardGlyphVector done
Event: 253.826 Loading class java/awt/font/TextLine$TextLineMetrics
Event: 253.826 Loading class java/awt/font/TextLine$TextLineMetrics done
Event: 253.839 Loading class sun/font/DelegatingShape
Event: 253.839 Loading class sun/font/DelegatingShape done
Event: 253.839 Loading class sun/font/StandardGlyphVector$GlyphStrike
Event: 253.840 Loading class sun/font/StandardGlyphVector$GlyphStrike done
Event: 261.699 Loading class java/awt/font/NumericShaper
Event: 261.705 Loading class java/awt/font/NumericShaper done

Classes unloaded (0 events):
No events

Classes redefined (0 events):
No events

Internal exceptions (20 events):
Event: 253.777 Thread 0x000002579475d740 Exception <a 'java/lang/NoSuchMethodError'{0x0000000785acb878}: 'int java.lang.invoke.DirectMethodHandle$Holder.invokeSpecial(java.lang.Object, java.lang.Object, java.lang.Object, int, java.lang.Object)'> (0x0000000785acb878) 
thrown [s\open\src\hotspot\share\interpreter\linkResolver.cpp, line 774]
Event: 253.777 Thread 0x000002579475d740 Exception <a 'java/lang/NoSuchMethodError'{0x0000000785aced60}: 'int java.lang.invoke.DelegatingMethodHandle$Holder.reinvoke_L(java.lang.Object, java.lang.Object, int, java.lang.Object)'> (0x0000000785aced60) 
thrown [s\open\src\hotspot\share\interpreter\linkResolver.cpp, line 774]
Event: 253.780 Thread 0x000002579475d740 Exception <a 'java/lang/NoSuchMethodError'{0x0000000785ae75d0}: 'int java.lang.invoke.DelegatingMethodHandle$Holder.reinvoke_L(java.lang.Object, java.lang.Object, int, long)'> (0x0000000785ae75d0) 
thrown [s\open\src\hotspot\share\interpreter\linkResolver.cpp, line 774]
Event: 253.781 Thread 0x000002579475d740 Exception <a 'java/lang/NoSuchMethodError'{0x0000000785aeded0}: 'int java.lang.invoke.DirectMethodHandle$Holder.invokeSpecial(java.lang.Object, java.lang.Object, int, long)'> (0x0000000785aeded0) 
thrown [s\open\src\hotspot\share\interpreter\linkResolver.cpp, line 774]
Event: 253.781 Thread 0x000002579475d740 Exception <a 'java/lang/NoSuchMethodError'{0x0000000785af11e8}: 'int java.lang.invoke.Invokers$Holder.exactInvoker(java.lang.Object, java.lang.Object, int, long)'> (0x0000000785af11e8) 
thrown [s\open\src\hotspot\share\interpreter\linkResolver.cpp, line 774]
Event: 253.781 Thread 0x000002579475d740 Exception <a 'java/lang/NoSuchMethodError'{0x0000000785af4a78}: 'int java.lang.invoke.DelegatingMethodHandle$Holder.delegate(java.lang.Object, java.lang.Object, int, long)'> (0x0000000785af4a78) 
thrown [s\open\src\hotspot\share\interpreter\linkResolver.cpp, line 774]
Event: 253.791 Thread 0x000002579475d740 Exception <a 'java/lang/NoSuchMethodError'{0x0000000785b13bb0}: 'void java.lang.invoke.DirectMethodHandle$Holder.invokeSpecial(java.lang.Object, java.lang.Object, float, java.lang.Object, java.lang.Object, java.lang.Object, int, int, int, int, int, float, float, int, int, java.lang.Object, java.lang.Object)'> (0x0000000785b13bb0) 
thrown [s\open\src\hotspot\share\interpreter\linkResolver.cpp, line 774]
Event: 253.792 Thread 0x000002579475d740 Exception <a 'java/lang/NoSuchMethodError'{0x0000000785b236c0}: 'int java.lang.invoke.DirectMethodHandle$Holder.invokeSpecial(java.lang.Object, java.lang.Object, int, java.lang.Object)'> (0x0000000785b236c0) 
thrown [s\open\src\hotspot\share\interpreter\linkResolver.cpp, line 774]
Event: 253.792 Thread 0x000002579475d740 Exception <a 'java/lang/NoSuchMethodError'{0x0000000785b26a18}: 'int java.lang.invoke.Invokers$Holder.invokeExact_MT(java.lang.Object, int, java.lang.Object, java.lang.Object)'> (0x0000000785b26a18) 
thrown [s\open\src\hotspot\share\interpreter\linkResolver.cpp, line 774]
Event: 253.793 Thread 0x000002579475d740 Exception <a 'java/lang/NoSuchMethodError'{0x0000000785b2a228}: 'java.lang.Object java.lang.invoke.Invokers$Holder.invokeExact_MT(java.lang.Object, long, java.lang.Object)'> (0x0000000785b2a228) 
thrown [s\open\src\hotspot\share\interpreter\linkResolver.cpp, line 774]
Event: 253.796 Thread 0x000002579475d740 Exception <a 'java/lang/NoSuchMethodError'{0x0000000785b3a950}: 'java.lang.Object java.lang.invoke.DelegatingMethodHandle$Holder.reinvoke_L(java.lang.Object, long, long, long)'> (0x0000000785b3a950) 
thrown [s\open\src\hotspot\share\interpreter\linkResolver.cpp, line 774]
Event: 253.797 Thread 0x000002579475d740 Exception <a 'java/lang/NoSuchMethodError'{0x0000000785b4d790}: 'java.lang.Object java.lang.invoke.DirectMethodHandle$Holder.invokeStatic(java.lang.Object, java.lang.Object, java.lang.Object, java.lang.Object, long, long)'> (0x0000000785b4d790) 
thrown [s\open\src\hotspot\share\interpreter\linkResolver.cpp, line 774]
Event: 253.801 Thread 0x000002579475d740 Exception <a 'java/lang/NoSuchMethodError'{0x0000000785b75e48}: 'void java.lang.invoke.DelegatingMethodHandle$Holder.reinvoke_L(java.lang.Object, java.lang.Object, java.lang.Object, long, long)'> (0x0000000785b75e48) 
thrown [s\open\src\hotspot\share\interpreter\linkResolver.cpp, line 774]
Event: 253.816 Thread 0x000002579475d740 Exception <a 'java/lang/NoSuchMethodError'{0x0000000785bf8108}: 'int java.lang.invoke.Invokers$Holder.invokeExact_MT(java.lang.Object, java.lang.Object, java.lang.Object, int, java.lang.Object, java.lang.Object)'> (0x0000000785bf8108) 
thrown [s\open\src\hotspot\share\interpreter\linkResolver.cpp, line 774]
Event: 253.819 Thread 0x000002579475d740 Exception <a 'java/lang/NoSuchMethodError'{0x000000078582eb18}: 'int java.lang.invoke.DelegatingMethodHandle$Holder.reinvoke_L(java.lang.Object, java.lang.Object, java.lang.Object, long)'> (0x000000078582eb18) 
thrown [s\open\src\hotspot\share\interpreter\linkResolver.cpp, line 774]
Event: 253.822 Thread 0x000002579475d740 Exception <a 'java/lang/NoSuchMethodError'{0x000000078585afc0}: 'java.lang.Object java.lang.invoke.DirectMethodHandle$Holder.invokeStatic(java.lang.Object, java.lang.Object, java.lang.Object, java.lang.Object, java.lang.Object, java.lang.Object, java.lang.Object, long)'> (0x000000078585afc0) 
thrown [s\open\src\hotspot\share\interpreter\linkResolver.cpp, line 774]
Event: 254.146 Thread 0x000002579475d740 Exception <a 'java/lang/NoSuchMethodError'{0x00000007853d8bf0}: 'java.lang.Object java.lang.invoke.DirectMethodHandle$Holder.invokeStatic(java.lang.Object, int, java.lang.Object)'> (0x00000007853d8bf0) 
thrown [s\open\src\hotspot\share\interpreter\linkResolver.cpp, line 774]
Event: 256.826 Thread 0x000002579475d740 Implicit null exception at 0x00000257a75dc9f3 to 0x00000257a75dd18c
Event: 256.920 Thread 0x000002579475d740 Implicit null exception at 0x00000257a75d9df4 to 0x00000257a75da588
Event: 307.826 Thread 0x000002579475d740 Implicit null exception at 0x00000257a6fbdcde to 0x00000257a6fbdd58

ZGC Phase Switch (0 events):
No events

VM Operations (20 events):
Event: 296.239 Executing VM operation: G1PauseCleanup done
Event: 297.333 Executing VM operation: G1CollectForAllocation (G1 Evacuation Pause)
Event: 297.417 Executing VM operation: G1CollectForAllocation (G1 Evacuation Pause) done
Event: 299.253 Executing VM operation: G1CollectForAllocation (G1 Evacuation Pause)
Event: 299.343 Executing VM operation: G1CollectForAllocation (G1 Evacuation Pause) done
Event: 300.709 Executing VM operation: HandshakeAllThreads (HandshakeForDeflation)
Event: 300.713 Executing VM operation: HandshakeAllThreads (HandshakeForDeflation) done
Event: 300.714 Executing VM operation: RendezvousGCThreads
Event: 300.714 Executing VM operation: RendezvousGCThreads done
Event: 301.714 Executing VM operation: Cleanup
Event: 301.714 Executing VM operation: Cleanup done
Event: 304.715 Executing VM operation: Cleanup
Event: 304.715 Executing VM operation: Cleanup done
Event: 305.069 Executing VM operation: G1TryInitiateConcMark (G1 Humongous Allocation)
Event: 305.111 Executing VM operation: G1TryInitiateConcMark (G1 Humongous Allocation) done
Event: 307.111 Executing VM operation: Cleanup
Event: 307.111 Executing VM operation: Cleanup done
Event: 308.111 Executing VM operation: Cleanup
Event: 308.134 Executing VM operation: Cleanup done
Event: 308.515 Executing VM operation: G1PauseRemark

Events (20 events):
Event: 308.946 Thread 0x00000257b4348760 flushing nmethod 0x000002579ece9510
Event: 308.946 Thread 0x00000257b4348760 flushing nmethod 0x000002579ed58b90
Event: 308.947 Thread 0x00000257b4348760 flushing nmethod 0x000002579ef92810
Event: 308.948 Thread 0x00000257b4348760 flushing nmethod 0x000002579f070390
Event: 308.948 Thread 0x00000257b4348760 flushing nmethod 0x000002579f08f490
Event: 308.948 Thread 0x00000257b4348760 flushing nmethod 0x000002579f092210
Event: 308.948 Thread 0x00000257b4348760 flushing nmethod 0x000002579f093f10
Event: 308.948 Thread 0x00000257b4348760 flushing nmethod 0x000002579f1f3990
Event: 308.948 Thread 0x00000257b4348760 flushing nmethod 0x000002579f1f4510
Event: 308.948 Thread 0x00000257b4348760 flushing nmethod 0x000002579f3ae690
Event: 308.948 Thread 0x00000257b4348760 flushing nmethod 0x000002579f439910
Event: 308.948 Thread 0x00000257b4348760 flushing nmethod 0x000002579f4b6b10
Event: 308.949 Thread 0x00000257b4348760 flushing nmethod 0x000002579f4bc110
Event: 308.949 Thread 0x00000257b4348760 flushing nmethod 0x000002579f78bc10
Event: 308.949 Thread 0x00000257b4348760 flushing nmethod 0x000002579fdbab90
Event: 308.949 Thread 0x00000257b4348760 flushing nmethod 0x00000257a037f490
Event: 308.949 Thread 0x00000257b4348760 flushing nmethod 0x00000257a05c5790
Event: 308.949 Thread 0x00000257b4348760 flushing nmethod 0x00000257a069e110
Event: 308.950 Thread 0x00000257b4348760 flushing nmethod 0x00000257a06b2290
Event: 308.950 Thread 0x00000257b4348760 flushing nmethod 0x00000257a0787090


Dynamic libraries:
0x00007ff72e4c0000 - 0x00007ff72e4d0000 	C:\Program Files (x86)\Java\bin\java.exe
0x00007ffdcae90000 - 0x00007ffdcb0a8000 	C:\WINDOWS\SYSTEM32\ntdll.dll
0x00007ffdc93e0000 - 0x00007ffdc94a4000 	C:\WINDOWS\System32\KERNEL32.DLL
0x00007ffdc8310000 - 0x00007ffdc86e3000 	C:\WINDOWS\System32\KERNELBASE.dll
0x00007ffdc8910000 - 0x00007ffdc8a21000 	C:\WINDOWS\System32\ucrtbase.dll
0x00007ffdbea30000 - 0x00007ffdbea4b000 	C:\Program Files (x86)\Java\bin\VCRUNTIME140.dll
0x00007ffdbea00000 - 0x00007ffdbea17000 	C:\Program Files (x86)\Java\bin\jli.dll
0x00007ffdc97c0000 - 0x00007ffdc9871000 	C:\WINDOWS\System32\ADVAPI32.dll
0x00007ffdc9690000 - 0x00007ffdc9737000 	C:\WINDOWS\System32\msvcrt.dll
0x00007ffdc9880000 - 0x00007ffdc9928000 	C:\WINDOWS\System32\sechost.dll
0x00007ffdc8ad0000 - 0x00007ffdc8af8000 	C:\WINDOWS\System32\bcrypt.dll
0x00007ffdc8e20000 - 0x00007ffdc8f38000 	C:\WINDOWS\System32\RPCRT4.dll
0x00007ffdc8f60000 - 0x00007ffdc9112000 	C:\WINDOWS\System32\USER32.dll
0x00007ffdc8b00000 - 0x00007ffdc8b26000 	C:\WINDOWS\System32\win32u.dll
0x00007ffdca1f0000 - 0x00007ffdca219000 	C:\WINDOWS\System32\GDI32.dll
0x00007ffdad920000 - 0x00007ffdadbbc000 	C:\WINDOWS\WinSxS\amd64_microsoft.windows.common-controls_6595b64144ccf1df_6.0.22621.6060_none_2712eda17382d24b\COMCTL32.dll
0x00007ffdc86f0000 - 0x00007ffdc880b000 	C:\WINDOWS\System32\gdi32full.dll
0x00007ffdc8a30000 - 0x00007ffdc8aca000 	C:\WINDOWS\System32\msvcp_win.dll
0x00007ffdbb8f0000 - 0x00007ffdbb8fa000 	C:\WINDOWS\SYSTEM32\VERSION.dll
0x00007ffdcae10000 - 0x00007ffdcae41000 	C:\WINDOWS\System32\IMM32.DLL
0x00007ffdc0ab0000 - 0x00007ffdc0abc000 	C:\Program Files (x86)\Java\bin\vcruntime140_1.dll
0x00007ffd9cb10000 - 0x00007ffd9cb9e000 	C:\Program Files (x86)\Java\bin\msvcp140.dll
0x00007ffd714c0000 - 0x00007ffd72207000 	C:\Program Files (x86)\Java\bin\server\jvm.dll
0x00007ffdc9740000 - 0x00007ffdc97b1000 	C:\WINDOWS\System32\WS2_32.dll
0x00007ffdc6db0000 - 0x00007ffdc6dfd000 	C:\WINDOWS\SYSTEM32\POWRPROF.dll
0x00007ffdbfc50000 - 0x00007ffdbfc84000 	C:\WINDOWS\SYSTEM32\WINMM.dll
0x00007ffdc6d90000 - 0x00007ffdc6da3000 	C:\WINDOWS\SYSTEM32\UMPDC.dll
0x00007ffdc7030000 - 0x00007ffdc7048000 	C:\WINDOWS\SYSTEM32\kernel.appcore.dll
0x00007ffdbfd20000 - 0x00007ffdbfd2a000 	C:\Program Files (x86)\Java\bin\jimage.dll
0x00007ffdc5890000 - 0x00007ffdc5ac3000 	C:\WINDOWS\SYSTEM32\DBGHELP.DLL
0x00007ffdca3f0000 - 0x00007ffdca781000 	C:\WINDOWS\System32\combase.dll
0x00007ffdca790000 - 0x00007ffdca868000 	C:\WINDOWS\System32\OLEAUT32.dll
0x00007ffdad8e0000 - 0x00007ffdad912000 	C:\WINDOWS\SYSTEM32\dbgcore.DLL
0x00007ffdc8890000 - 0x00007ffdc890b000 	C:\WINDOWS\System32\bcryptPrimitives.dll
0x00007ffdbd290000 - 0x00007ffdbd2ae000 	C:\Program Files (x86)\Java\bin\java.dll
0x00007ffdc9930000 - 0x00007ffdca1cc000 	C:\WINDOWS\System32\SHELL32.dll
0x00007ffdc8110000 - 0x00007ffdc824f000 	C:\WINDOWS\System32\wintypes.dll
0x00007ffdc9120000 - 0x00007ffdc92c1000 	C:\WINDOWS\System32\ole32.dll
0x00007ffdc5e60000 - 0x00007ffdc677a000 	C:\WINDOWS\SYSTEM32\windows.storage.dll
0x00007ffdc8c90000 - 0x00007ffdc8d94000 	C:\WINDOWS\System32\SHCORE.dll
0x00007ffdca280000 - 0x00007ffdca2e9000 	C:\WINDOWS\System32\shlwapi.dll
0x00007ffdc7ed0000 - 0x00007ffdc7ef5000 	C:\WINDOWS\SYSTEM32\profapi.dll
0x00007ffd90890000 - 0x00007ffd90967000 	C:\Program Files (x86)\Java\bin\jsvml.dll
0x00007ffdbea60000 - 0x00007ffdbea70000 	C:\Program Files (x86)\Java\bin\net.dll
0x00007ffdc7500000 - 0x00007ffdc7569000 	C:\WINDOWS\system32\mswsock.dll
0x00007ffdbd0b0000 - 0x00007ffdbd0c6000 	C:\Program Files (x86)\Java\bin\nio.dll
0x00007ffdafbf0000 - 0x00007ffdafc07000 	C:\Program Files (x86)\Java\bin\zip.dll
0x00007ffdbe9f0000 - 0x00007ffdbea00000 	C:\Program Files (x86)\Java\bin\verify.dll
0x00007ffdc7720000 - 0x00007ffdc773b000 	C:\WINDOWS\SYSTEM32\CRYPTSP.dll
0x00007ffdc6f90000 - 0x00007ffdc6fc7000 	C:\WINDOWS\system32\rsaenh.dll
0x00007ffdc75c0000 - 0x00007ffdc75e8000 	C:\WINDOWS\SYSTEM32\USERENV.dll
0x00007ffdc7740000 - 0x00007ffdc774c000 	C:\WINDOWS\SYSTEM32\CRYPTBASE.dll
0x00007ffdc6a50000 - 0x00007ffdc6a7d000 	C:\WINDOWS\SYSTEM32\IPHLPAPI.DLL
0x00007ffdc94c0000 - 0x00007ffdc94c9000 	C:\WINDOWS\System32\NSI.dll
0x00007ffdbd6e0000 - 0x00007ffdbd6ee000 	C:\Program Files (x86)\Java\bin\sunmscapi.dll
0x00007ffdc7fa0000 - 0x00007ffdc8108000 	C:\WINDOWS\System32\CRYPT32.dll
0x00007ffdc7960000 - 0x00007ffdc798e000 	C:\WINDOWS\SYSTEM32\ncrypt.dll
0x00007ffdc7920000 - 0x00007ffdc7957000 	C:\WINDOWS\SYSTEM32\NTASN1.dll
0x00007ffdc6ac0000 - 0x00007ffdc6bb8000 	C:\WINDOWS\SYSTEM32\DNSAPI.dll
0x00007ffdc10b0000 - 0x00007ffdc10ba000 	C:\Windows\System32\rasadhlp.dll
0x00007ffdbd0d0000 - 0x00007ffdbd154000 	C:\WINDOWS\System32\fwpuclnt.dll
0x00007ffdbd6a0000 - 0x00007ffdbd6a9000 	C:\Program Files (x86)\Java\bin\extnet.dll
0x00007ffd85110000 - 0x00007ffd8520b000 	C:\Users\Lucía\AppData\Local\Temp\sqlite-3.50.3.0-5160c574-3a69-4612-9832-385764ae8c0c-sqlitejdbc.dll
0x00007ffdbd3e0000 - 0x00007ffdbd3ea000 	C:\Program Files (x86)\Java\bin\management.dll
0x00007ffdbd390000 - 0x00007ffdbd39b000 	C:\Program Files (x86)\Java\bin\management_ext.dll
0x00007ffdc8f50000 - 0x00007ffdc8f58000 	C:\WINDOWS\System32\PSAPI.DLL
0x00007ffd7d570000 - 0x00007ffd7d6fe000 	C:\Program Files (x86)\Java\bin\awt.dll
0x00007ffdbf210000 - 0x00007ffdbf2a7000 	C:\WINDOWS\SYSTEM32\apphelp.dll
0x00007ffdc7150000 - 0x00007ffdc7184000 	C:\WINDOWS\SYSTEM32\ntmarta.dll
0x00007ffd874b0000 - 0x00007ffd87537000 	C:\Program Files (x86)\Java\bin\freetype.dll
0x00007ffd85030000 - 0x00007ffd85107000 	C:\Program Files (x86)\Java\bin\fontmanager.dll
0x00007ffdb2fc0000 - 0x00007ffdb2fc9000 	C:\Program Files (x86)\Java\bin\syslookup.dll

dbghelp: loaded successfully - version: 4.0.5 - missing functions: none
symbol engine: initialized successfully - sym options: 0x614 - pdb path: .;C:\Program Files (x86)\Java\bin;C:\WINDOWS\SYSTEM32;C:\WINDOWS\WinSxS\amd64_microsoft.windows.common-controls_6595b64144ccf1df_6.0.22621.6060_none_2712eda17382d24b;C:\Program Files (x86)\Java\bin\server;C:\Users\Lucía\AppData\Local\Temp

VM Arguments:
jvm_args: -Dfile.encoding=UTF-8 
java_command: D:\6.RACSEL\IG\LACPASS_IG\input-cache\publisher.jar -ig .
java_class_path (initial): D:\6.RACSEL\IG\LACPASS_IG\input-cache\publisher.jar
Launcher Type: SUN_STANDARD

[Global flags]
     intx CICompilerCount                          = 4                                         {product} {ergonomic}
     uint ConcGCThreads                            = 2                                         {product} {ergonomic}
     uint G1ConcRefinementThreads                  = 8                                         {product} {ergonomic}
   size_t G1HeapRegionSize                         = 2097152                                   {product} {ergonomic}
   size_t InitialHeapSize                          = 197132288                                 {product} {ergonomic}
   size_t MarkStackSize                            = 4194304                                   {product} {ergonomic}
   size_t MaxHeapSize                              = 3149922304                                {product} {ergonomic}
   size_t MaxNewSize                               = 1889533952                                {product} {ergonomic}
   size_t MinHeapDeltaBytes                        = 2097152                                   {product} {ergonomic}
   size_t MinHeapSize                              = 8388608                                   {product} {ergonomic}
    uintx NonNMethodCodeHeapSize                   = 5839372                                {pd product} {ergonomic}
    uintx NonProfiledCodeHeapSize                  = 122909434                              {pd product} {ergonomic}
    uintx ProfiledCodeHeapSize                     = 122909434                              {pd product} {ergonomic}
    uintx ReservedCodeCacheSize                    = 251658240                              {pd product} {ergonomic}
     bool SegmentedCodeCache                       = true                                      {product} {ergonomic}
   size_t SoftMaxHeapSize                          = 3149922304                             {manageable} {ergonomic}
     bool UseCompressedOops                        = true                           {product lp64_product} {ergonomic}
     bool UseG1GC                                  = true                                      {product} {ergonomic}
     bool UseLargePagesIndividualAllocation        = false                                  {pd product} {ergonomic}

Logging:
Log output configuration:
 #0: stdout all=warning uptime,level,tags foldmultilines=false
 #1: stderr all=off uptime,level,tags foldmultilines=false

Environment Variables:
JAVA_HOME=C:\Program Files (x86)\Java
JAVA_TOOL_OPTIONS=-Dfile.encoding=UTF-8
PATH=D:\6.RACSEL\flutter\bin\cache\dart-sdk\bin\;c:\Users\Lucía\AppData\Roaming\Code\User\globalStorage\github.copilot-chat\debugCommand;c:\Users\Lucía\AppData\Roaming\Code\User\globalStorage\github.copilot-chat\copilotCli;C:\Users\Lucía\AppData\Local\Programs\Microsoft VS Code;C:\Program Files\Common Files\Oracle\Java\javapath;C:\Program Files (x86)\Common Files\Oracle\Java\java8path;C:\Program Files (x86)\Common Files\Oracle\Java\javapath;C:\Ruby32-x64\bin;C:\WINDOWS\system32;C:\WINDOWS;C:\WINDOWS\System32\Wbem;C:\WINDOWS\System32\WindowsPowerShell\v1.0\;C:\WINDOWS\System32\OpenSSH\;C:\Program Files\Git\cmd;C:\Program Files\Docker\Docker\resources\bin;%JAVA_HOME%\bin;C:\Program Files\dotnet\;C:\Program Files\OpenSSL-Win64\bin;C:\Program Files\nodejs\;C:\Users\Lucía\AppData\Local\Programs\Python\Launcher\;C:\Ruby33-x64\bin;C:\Users\Lucía\AppData\Local\Microsoft\WindowsApps;C:\Users\Lucía\AppData\Local\Programs\Microsoft VS Code\bin;C:\Program Files\Java\jdk-11.0.17;C:\Users\Lucía\AppData\Local\GitHubDesktop\bin;D:\6.RACSEL\flutter\bin;C:\flutter\bin;C:\Users\Lucía\.local\bin;C:\Users\Lucía\AppData\Roaming\npm
USERNAME=Lucía
LANG=es_ES.UTF-8
OS=Windows_NT
PROCESSOR_IDENTIFIER=Intel64 Family 6 Model 140 Stepping 1, GenuineIntel
TMP=C:\Users\LUCA~1\AppData\Local\Temp
TEMP=C:\Users\LUCA~1\AppData\Local\Temp




Periodic native trim disabled

---------------  S Y S T E M  ---------------

OS:
 Windows 11 , 64 bit Build 22621 (10.0.22621.5415)
OS uptime: 1 days 1:51 hours
Hyper-V role detected

CPU: total 8 (initial active 8) (4 cores per cpu, 2 threads per core) family 6 model 140 stepping 1 microcode 0xb8, cx8, cmov, fxsr, ht, mmx, 3dnowpref, sse, sse2, sse3, ssse3, sse4.1, sse4.2, popcnt, lzcnt, tsc, tscinvbit, avx, avx2, aes, erms, clmul, bmi1, bmi2, adx, avx512f, avx512dq, avx512cd, avx512bw, avx512vl, sha, fma, vzeroupper, avx512_vpopcntdq, avx512_vpclmulqdq, avx512_vaes, avx512_vnni, clflush, clflushopt, clwb, avx512_vbmi2, avx512_vbmi, hv, rdtscp, rdpid, fsrm, gfni, avx512_bitalg, f16c, cet_ibt, cet_ss, avx512_ifma
Processor Information for all 8 processors :
  Max Mhz: 1690, Current Mhz: 1690, Mhz Limit: 1690

Memory: 4k page, system-wide physical 12014M (655M free)
TotalPageFile size 32870M (AvailPageFile size 216M)
current process WorkingSet (physical memory assigned to process): 1437M, peak: 2119M
current process commit charge ("private bytes"): 2563M, peak: 2773M

vm_info: Java HotSpot(TM) 64-Bit Server VM (22.0.1+8-16) for windows-amd64 JRE (22.0.1+8-16), built on 2024-03-12T10:33:16Z by "mach5one" with MS VC++ 17.6 (VS2022)

END.
