#
# There is insufficient memory for the Java Runtime Environment to continue.
# Native memory allocation (mmap) failed to map 2097152 bytes. Error detail: G1 virtual space
# Possible reasons:
#   The system is out of physical RAM or swap space
#   This process is running with CompressedOops enabled, and the Java Heap may be blocking the growth of the native heap
# Possible solutions:
#   Reduce memory load on the system
#   Increase physical memory or swap space
#   Check if swap backing store is full
#   Decrease Java heap size (-Xmx/-Xms)
#   Decrease number of Java threads
#   Decrease Java thread stack sizes (-Xss)
#   Set larger code cache with -XX:ReservedCodeCacheSize=
#   JVM is running with Zero Based Compressed Oops mode in which the Java heap is
#     placed in the first 32GB address space. The Java Heap base address is the
#     maximum limit for the native heap growth. Please use -XX:HeapBaseMinAddress
#     to set the Java Heap base and to place the Java Heap above 32GB virtual address.
# This output file may be truncated or incomplete.
#
#  Out of Memory Error (os_windows.cpp:3631), pid=8032, tid=28284
#
# JRE version: Java(TM) SE Runtime Environment (22.0.1+8) (build 22.0.1+8-16)
# Java VM: Java HotSpot(TM) 64-Bit Server VM (22.0.1+8-16, mixed mode, sharing, tiered, compressed oops, compressed class ptrs, g1 gc, windows-amd64)
# No core dump will be written. Minidumps are not enabled by default on client versions of Windows
#

---------------  S U M M A R Y ------------

Command Line: -Dfile.encoding=UTF-8 D:\6.RACSEL\IG\LACPASS_IG\input-cache\publisher.jar -ig .

Host: 11th Gen Intel(R) Core(TM) i7-1165G7 @ 2.80GHz, 8 cores, 11G,  Windows 11 , 64 bit Build 22621 (10.0.22621.5415)
Time: Fri Mar 20 16:12:17 2026 Hora estándar de Montevideo elapsed time: 356.773076 seconds (0d 0h 5m 56s)

---------------  T H R E A D  ---------------

Current thread (0x0000024be3c0c050):  JavaThread "main"             [_thread_in_vm, id=28284, stack(0x000000e4cf500000,0x000000e4cf600000) (1024K)]

Stack: [0x000000e4cf500000,0x000000e4cf600000]
Native frames: (J=compiled Java code, j=interpreted, Vv=VM code, C=native code)
V  [jvm.dll+0x6e2279]  (no source info available)
V  [jvm.dll+0x874e33]  (no source info available)
V  [jvm.dll+0x87725e]  (no source info available)
V  [jvm.dll+0x877933]  (no source info available)
V  [jvm.dll+0x27fd76]  (no source info available)
V  [jvm.dll+0x6de915]  (no source info available)
V  [jvm.dll+0x6d341a]  (no source info available)
V  [jvm.dll+0x3589da]  (no source info available)
V  [jvm.dll+0x360f06]  (no source info available)
V  [jvm.dll+0x3b3b2b]  (no source info available)
V  [jvm.dll+0x3b41c4]  (no source info available)
V  [jvm.dll+0x3b3d36]  (no source info available)
V  [jvm.dll+0x32ca1e]  (no source info available)
V  [jvm.dll+0x32ad3f]  (no source info available)
V  [jvm.dll+0x67386b]  (no source info available)
V  [jvm.dll+0x23d7f2]  (no source info available)
V  [jvm.dll+0x8393d7]  (no source info available)
V  [jvm.dll+0x740e44]  (no source info available)
C  0x0000024bf578e2a9  (no source info available)

The last pc belongs to _new_array_Java (printed below).
Java frames: (J=compiled Java code, j=interpreted, Vv=VM code)
v  ~RuntimeStub::_new_array_Java 0x0000024bf578e2a9
J 10725 c2 java.lang.AbstractStringBuilder.inflate()V java.base@22.0.1 (42 bytes) @ 0x0000024bf6704b2c [0x0000024bf67047a0+0x000000000000038c]
J 20030 c2 org.hl7.fhir.utilities.xhtml.XhtmlNode.allText()Ljava/lang/String; (333 bytes) @ 0x0000024bf687ff2c [0x0000024bf687e4e0+0x0000000000001a4c]
J 20030 c2 org.hl7.fhir.utilities.xhtml.XhtmlNode.allText()Ljava/lang/String; (333 bytes) @ 0x0000024bf687eb08 [0x0000024bf687e4e0+0x0000000000000628]
J 20030 c2 org.hl7.fhir.utilities.xhtml.XhtmlNode.allText()Ljava/lang/String; (333 bytes) @ 0x0000024bf687eb08 [0x0000024bf687e4e0+0x0000000000000628]
J 20030 c2 org.hl7.fhir.utilities.xhtml.XhtmlNode.allText()Ljava/lang/String; (333 bytes) @ 0x0000024bf687eb08 [0x0000024bf687e4e0+0x0000000000000628]
J 20030 c2 org.hl7.fhir.utilities.xhtml.XhtmlNode.allText()Ljava/lang/String; (333 bytes) @ 0x0000024bf687eb08 [0x0000024bf687e4e0+0x0000000000000628]
J 20030 c2 org.hl7.fhir.utilities.xhtml.XhtmlNode.allText()Ljava/lang/String; (333 bytes) @ 0x0000024bf687eb08 [0x0000024bf687e4e0+0x0000000000000628]
J 20073 c2 org.hl7.fhir.igtools.publisher.ConformanceStatementHandler.processMarkdownConformanceClauses(Lorg/hl7/fhir/utilities/xhtml/XhtmlNode;Lorg/hl7/fhir/validation/BaseValidator$BooleanHolder;Ljava/util/List;)V (1338 bytes) @ 0x0000024bf5bf9e44 [0x0000024bf5bf9a60+0x00000000000003e4]
J 20073 c2 org.hl7.fhir.igtools.publisher.ConformanceStatementHandler.processMarkdownConformanceClauses(Lorg/hl7/fhir/utilities/xhtml/XhtmlNode;Lorg/hl7/fhir/validation/BaseValidator$BooleanHolder;Ljava/util/List;)V (1338 bytes) @ 0x0000024bf5bfa15c [0x0000024bf5bf9a60+0x00000000000006fc]
J 20073 c2 org.hl7.fhir.igtools.publisher.ConformanceStatementHandler.processMarkdownConformanceClauses(Lorg/hl7/fhir/utilities/xhtml/XhtmlNode;Lorg/hl7/fhir/validation/BaseValidator$BooleanHolder;Ljava/util/List;)V (1338 bytes) @ 0x0000024bf5bfa15c [0x0000024bf5bf9a60+0x00000000000006fc]
j  org.hl7.fhir.igtools.publisher.ConformanceStatementHandler.readConformanceClauses(Lorg/hl7/fhir/igtools/publisher/HTMLInspector$LoadedFile;Lorg/hl7/fhir/utilities/xhtml/XhtmlNode;Lorg/hl7/fhir/validation/BaseValidator$BooleanHolder;Lorg/hl7/fhir/validation/BaseValidator$BooleanHolder;Ljava/util/List;)V+260
j  org.hl7.fhir.igtools.publisher.HTMLInspector.check(Ljava/lang/String;Ljava/util/Map;)Ljava/util/List;+738
j  org.hl7.fhir.igtools.publisher.PublisherGenerator.generate()V+4105
j  org.hl7.fhir.igtools.publisher.Publisher.createIg()V+328
j  org.hl7.fhir.igtools.publisher.Publisher.execute()V+338
j  org.hl7.fhir.igtools.publisher.Publisher.main([Ljava/lang/String;)V+3288
v  ~StubRoutines::call_stub 0x0000024bf565100d
--------------------------------------------------------------------------------
Decoding CodeBlob, name: _new_array_Java, at  [0x0000024bf578e280, 0x0000024bf578e2f0]  112 bytes
[MachCode]
  0x0000024bf578e280: 4881 ec28 | 0000 0048 | 896c 2420 | 4989 a7a0 | 0300 0048 | 8bca 418b | d04d 8bc7 | 49ba 100e 
  0x0000024bf578e2a0: c071 fd7f | 0000 41ff | d20f 1f84 | 0000 0000 | 004d 89a7 | a003 0000 | 4d89 a7a8 | 0300 0049 
  0x0000024bf578e2c0: 8b87 f803 | 0000 4d89 | a7f8 0300 | 004d 3b67 | 0875 0648 | 83c4 205d | c333 db49 | ba00 0f65 
  0x0000024bf578e2e0: f54b 0200 | 0048 83c4 | 205d 41ff | e2f4 f4f4 
[/MachCode]
--------------------------------------------------------------------------------


Compiled method (c2) 357072 10725       4       java.lang.AbstractStringBuilder::inflate (42 bytes)
 total in heap  [0x0000024bf6704610,0x0000024bf6704d48] = 1848
 relocation     [0x0000024bf6704768,0x0000024bf67047a0] = 56
 main code      [0x0000024bf67047a0,0x0000024bf6704c20] = 1152
 stub code      [0x0000024bf6704c20,0x0000024bf6704c38] = 24
 metadata       [0x0000024bf6704c38,0x0000024bf6704c50] = 24
 scopes data    [0x0000024bf6704c50,0x0000024bf6704ca8] = 88
 scopes pcs     [0x0000024bf6704ca8,0x0000024bf6704d18] = 112
 dependencies   [0x0000024bf6704d18,0x0000024bf6704d20] = 8
 handler table  [0x0000024bf6704d20,0x0000024bf6704d38] = 24
 nul chk table  [0x0000024bf6704d38,0x0000024bf6704d48] = 16

[Constant Pool (empty)]

[MachCode]
[Entry Point]
  # {method} {0x0000024b8542a500} 'inflate' '()V' in 'java/lang/AbstractStringBuilder'
  #           [sp+0x60]  (sp of caller)
  0x0000024bf67047a0: 448b 5208 | 49bb 0000 | 0085 4b02 | 0000 4d03 | d349 3bc2 

  0x0000024bf67047b4: ;   {runtime_call ic_miss_stub}
  0x0000024bf67047b4: 0f85 c6a1 | f9fe 6690 | 0f1f 4000 
[Verified Entry Point]
  0x0000024bf67047c0: 8984 2400 | 80ff ff55 | 4883 ec50 | 4181 7f20 | 7000 0000 | 0f85 3804 | 0000 488b | da80 7a10 
  0x0000024bf67047e0: 000f 8585 | 0200 008b | 7214 418b | 6cf4 0c81 | fdff ffff | 3f0f 8fbd | 0300 0044 | 8d1c 6d00 
  0x0000024bf6704800: 0000 0041 | 81fb 0000 | 1000 0f87 | f602 0000 | 4d8b b7b8 | 0100 0045 | 8bd3 4963 | ca48 83c1 
  0x0000024bf6704820: 174c 8bd1 | 4983 e2f8 | 4d8b c64d | 03c2 4d3b | 87c8 0100 | 000f 83cb | 0200 004d | 8987 b801 
  0x0000024bf6704840: 0000 498b | fe48 83c7 | 1049 c706 | 0100 0000 | 410f 0d88 | c000 0000 

  0x0000024bf6704858: ;   {metadata({type array byte})}
  0x0000024bf6704858: 41c7 4608 | c022 0000 | 4589 5e0c | 410f 0d88 | 0001 0000 | 410f 0d88 | 4001 0000 | 410f 0d88 
  0x0000024bf6704878: 8001 0000 | 48c1 e903 | 4883 c1fe | 4833 c048 | 83f9 087f | 1048 ffc9 | 7856 4889 | 04cf 48ff 
  0x0000024bf6704898: c97d f7eb | 4bc5 fdef | c0e9 0d00 | 0000 c5fe | 7f07 c5fe | 7f47 2048 | 83c7 4048 | 83e9 087d 
  0x0000024bf67048b8: ed48 83c1 | 047c 0cc5 | fe7f 0748 | 83c7 2048 | 83e9 0448 | 83c1 047e | 1748 c7c0 | ffff ffff 
  0x0000024bf67048d8: c4e2 f0f5 | c0c4 e1fb | 92f8 62f1 | fe2f 7f07 | 448b 6b0c | 4585 ed0f | 8c55 0200 | 0041 3bed 
  0x0000024bf67048f8: 0f82 4c02 | 0000 468d | 146d 0000 | 0000 4585 | d20f 8c61 | 0200 0045 | 3bda 0f82 | 5802 0000 
  0x0000024bf6704918: 4180 7f38 | 000f 855f | 0100 0049 | 8bfe 4883 | c710 4c8b | d34d 8bde | 4d33 da4d | 8d04 f449 
  0x0000024bf6704938: 8d74 f410 | 49c1 eb15 | 4d8b ce49 | c1e9 0344 | 894b 1441 | 8bd5 8bca | f7c2 f0ff 

  0x0000024bf6704954: ;   {no_reloc}
  0x0000024bf6704954: ffff 0f84 | 8400 0000 | f7c2 00f0 | ffff 0f84 | 5400 0000 | 83e1 1f83 | e2e0 741f | 488d 3416 
  0x0000024bf6704974: 488d 3c57 | 48f7 da62 | f27d 4830 | 0416 62f1 | ff48 7f04 | 5748 83c2 | 2075 ecf7 | c1ff ffff 
  0x0000024bf6704994: ff0f 84b2 | 0000 00ba | ffff ffff | c4e2 71f7 | d2f7 d2c5 | fb92 fa62 | f27d cf30 | 0662 f1ff 
  0x0000024bf67049b4: 4f7f 07e9 | 9100 0000 | 83e1 0f83 | e2f0 741c | 488d 3416 | 488d 3c57 | 48f7 dac4 | e27d 3004 
  0x0000024bf67049d4: 16c5 fe7f | 0457 4883 | c210 75ef | 8bd1 83e1 | 0783 e2f8 | 7427 c4e2 | 7930 06c5 | fa7f 0748 
  0x0000024bf67049f4: 83c6 0848 | 83c7 10e9 | 1100 0000 | c4e2 7930 | 0416 c5fa | 7f04 5748 | 83c2 0875 | ef8b d183 
  0x0000024bf6704a14: fa04 7c19 | c5f9 6e06 | c4e2 7930 | c0c5 f9d6 | 0748 83ea | 0448 83c6 | 0448 83c7 | 0885 d274 
  0x0000024bf6704a34: 1848 8d34 | 1648 8d3c | 5748 f7da | 0fb6 0c16 | 6689 0c57 | 48ff c275 | f34d 85db | 7416 49c1 
  0x0000024bf6704a54: ;   {no_reloc}
  0x0000024bf6704a54: ea09 48b9 | 00e0 00fa | 4b02 0000 | 4903 ca80 | 3902 7551 | c643 1001 | c5f8 7748 | 83c4 505d 
  0x0000024bf6704a74: ;   {poll_return}
  0x0000024bf6704a74: 493b a758 | 0400 000f | 877b 0100 | 00c3 448b | 5b14 4585 | db0f 8494 | feff ff4d | 8b57 2849 
  0x0000024bf6704a94: 8bcb 48c1 | e103 4d85 | d20f 84f5 | 0000 004d | 8b5f 304b | 894c 13f8 | 4983 c2f8 | 4d89 5728 
  0x0000024bf6704ab4: e96a feff | ff4d 8b57 | 404d 8b5f | 48f0 8344 | 24c0 0080 | 3900 749c | 4488 214d | 85d2 7520 
  0x0000024bf6704ad4: 498b d7c5 | f877 49ba | c03e 7e71 | fd7f 0000 

  0x0000024bf6704ae4: ;   {other}
  0x0000024bf6704ae4: 41ff d20f | 1f84 0000 | 0000 00e9 | 74ff ffff | 4b89 4c13 | f849 83c2 | f84d 8957 | 40e9 62ff 
  0x0000024bf6704b04: ffff 4489 | 5c24 2c89 | 7424 2848 | 8954 2420 

  0x0000024bf6704b14: ;   {metadata({type array byte})}
  0x0000024bf6704b14: 48ba c022 | 0085 4b02 | 0000 458b | c366 6690 

  0x0000024bf6704b24: ;   {runtime_call _new_array_Java}
  0x0000024bf6704b24: c5f8 77e8 

  0x0000024bf6704b28: ; ImmutableOopMap {[32]=Oop [40]=NarrowOop }
                      ;*newarray {reexecute=0 rethrow=0 return_oop=1}
                      ; - java.lang.StringUTF16::newBytesFor@58 (line 53)
                      ; - java.lang.AbstractStringBuilder::inflate@13 (line 281)
  0x0000024bf6704b28: 5497 08ff 

  0x0000024bf6704b2c: ;   {other}
  0x0000024bf6704b2c: 0f1f 8400 | 1c05 0000 | 488b 5c24 | 208b 7424 | 2844 8b5c | 242c 4c8b | f0e9 9efd | ffff bace 
  0x0000024bf6704b4c: ffff ff48 | 8beb 8974 | 2428 4c89 | 7424 3044 | 896c 242c 

  0x0000024bf6704b60: ;   {runtime_call UncommonTrapBlob}
  0x0000024bf6704b60: c5f8 77e8 

  0x0000024bf6704b64: ; ImmutableOopMap {rbp=Oop [40]=NarrowOop [48]=Oop }
                      ;*invokestatic inflate {reexecute=0 rethrow=0 return_oop=0}
                      ; - java.lang.AbstractStringBuilder::inflate@28 (line 282)
  0x0000024bf6704b64: 9831 fafe 

  0x0000024bf6704b68: ;   {other}
  0x0000024bf6704b68: 0f1f 8400 | 5805 0001 | bace ffff | ff48 8beb | 8974 2428 | 4c89 7424 | 3044 896c | 242c 6690 
  0x0000024bf6704b88: ;   {runtime_call UncommonTrapBlob}
  0x0000024bf6704b88: c5f8 77e8 

  0x0000024bf6704b8c: ; ImmutableOopMap {rbp=Oop [40]=NarrowOop [48]=Oop }
                      ;*invokestatic inflate {reexecute=0 rethrow=0 return_oop=0}
                      ; - java.lang.AbstractStringBuilder::inflate@28 (line 282)
  0x0000024bf6704b8c: 7031 fafe 

  0x0000024bf6704b90: ;   {other}
  0x0000024bf6704b90: 0f1f 8400 | 8005 0002 | 498b d7c5 | f877 49ba | e03e 7e71 | fd7f 0000 

  0x0000024bf6704ba8: ;   {other}
  0x0000024bf6704ba8: 41ff d20f | 1f84 0000 | 0000 00e9 | 6bfd ffff | ba45 ffff | ff48 895c | 2420 6690 

  0x0000024bf6704bc4: ;   {runtime_call UncommonTrapBlob}
  0x0000024bf6704bc4: c5f8 77e8 

  0x0000024bf6704bc8: ; ImmutableOopMap {[32]=Oop }
                      ;*if_icmple {reexecute=1 rethrow=0 return_oop=0}
                      ; - (reexecute) java.lang.StringUTF16::newBytesFor@15 (line 49)
                      ; - java.lang.AbstractStringBuilder::inflate@13 (line 281)
  0x0000024bf6704bc8: 3431 fafe 

  0x0000024bf6704bcc: ;   {other}
  0x0000024bf6704bcc: 0f1f 8400 | bc05 0003 | baf6 ffff | ff66 6690 

  0x0000024bf6704bdc: ;   {runtime_call UncommonTrapBlob}
  0x0000024bf6704bdc: c5f8 77e8 

  0x0000024bf6704be0: ; ImmutableOopMap {}
                      ;*arraylength {reexecute=0 rethrow=0 return_oop=0}
                      ; - java.lang.AbstractStringBuilder::inflate@12 (line 281)
  0x0000024bf6704be0: 1c31 fafe 

  0x0000024bf6704be4: ;   {other}
  0x0000024bf6704be4: 0f1f 8400 | d405 0004 | 488b d0c5 | f877 4883 

  0x0000024bf6704bf4: ;   {runtime_call _rethrow_Java}
  0x0000024bf6704bf4: c450 5de9 | 84f9 08ff 

  0x0000024bf6704bfc: ;   {internal_word}
  0x0000024bf6704bfc: 49ba 744a | 70f6 4b02 | 0000 4d89 | 9770 0400 

  0x0000024bf6704c0c: ;   {runtime_call SafepointBlob}
  0x0000024bf6704c0c: 00e9 6e1f 

  0x0000024bf6704c10: ;   {runtime_call StubRoutines (final stubs)}
  0x0000024bf6704c10: fafe e8a9 | 23f8 fee9 | befb ffff | f4f4 f4f4 
[Exception Handler]
  0x0000024bf6704c20: ;   {no_reloc}
  0x0000024bf6704c20: e95b 9c08 | ffe8 0000 | 0000 4883 

  0x0000024bf6704c2c: ;   {runtime_call DeoptimizationBlob}
  0x0000024bf6704c2c: 2c24 05e9 | ec33 fafe | f4f4 f4f4 
[/MachCode]


Compiled method (c2) 357110 20030       4       org.hl7.fhir.utilities.xhtml.XhtmlNode::allText (333 bytes)
 total in heap  [0x0000024bf687e110,0x0000024bf6881990] = 14464
 relocation     [0x0000024bf687e268,0x0000024bf687e4e0] = 632
 main code      [0x0000024bf687e4e0,0x0000024bf6880768] = 8840
 stub code      [0x0000024bf6880768,0x0000024bf6880818] = 176
 oops           [0x0000024bf6880818,0x0000024bf68808b0] = 152
 metadata       [0x0000024bf68808b0,0x0000024bf68809e0] = 304
 scopes data    [0x0000024bf68809e0,0x0000024bf6881320] = 2368
 scopes pcs     [0x0000024bf6881320,0x0000024bf68816c0] = 928
 dependencies   [0x0000024bf68816c0,0x0000024bf68816f8] = 56
 handler table  [0x0000024bf68816f8,0x0000024bf6881908] = 528
 nul chk table  [0x0000024bf6881908,0x0000024bf6881990] = 136

[Constant Pool (empty)]

[MachCode]
[Entry Point]
  # {method} {0x0000024bc689a250} 'allText' '()Ljava/lang/String;' in 'org/hl7/fhir/utilities/xhtml/XhtmlNode'
  #           [sp+0xc0]  (sp of caller)
  0x0000024bf687e4e0: 448b 5208 | 49bb 0000 | 0085 4b02 | 0000 4d03 | d349 3bc2 

  0x0000024bf687e4f4: ;   {runtime_call ic_miss_stub}
  0x0000024bf687e4f4: 0f85 8604 | e2fe 6690 | 0f1f 4000 
[Verified Entry Point]
  0x0000024bf687e500: 8984 2400 | 80ff ff55 | 4881 ecb0 | 0000 0090 | 4181 7f20 | 7000 0000 | 0f85 3c22 | 0000 4889 
  0x0000024bf687e520: 5424 4844 | 8b5a 2044 | 895c 2438 | 4585 db0f | 84a2 0300 | 0043 8b6c | dc10 458b 

  0x0000024bf687e53c: ;   {metadata('java/util/ArrayList')}
  0x0000024bf687e53c: 5cec 0841 | 81fb 28e3 | 0900 0f85 | cc1b 0000 | 4d8d 14ec | 458b 5210 | 4585 d20f | 847a 0300 
  0x0000024bf687e55c: 0049 8b87 | b801 0000 | 4c8b d049 | 83c2 184d | 3b97 c801 | 0000 0f83 | 8d17 0000 | 4d89 97b8 
  0x0000024bf687e57c: 0100 0041 | 0f0d 8ac0 | 0000 0048 | c700 0100 | 0000 4c8b | d049 83c2 

  0x0000024bf687e594: ;   {metadata('java/lang/StringBuilder')}
  0x0000024bf687e594: 10c7 4008 | b07c 0000 | 4489 600c | c5fd efc0 | c4c1 79d6 | 0248 8944 | 2440 498b | 87b8 0100 
  0x0000024bf687e5b4: 004c 8bd0 | 4983 c220 | 4d3b 97c8 | 0100 000f | 8360 1700 | 004d 8997 | b801 0000 | 410f 0d8a 
  0x0000024bf687e5d4: c000 0000 | 48c7 0001 | 0000 0041 | 0f0d 8a00 

  0x0000024bf687e5e4: ;   {metadata({type array byte})}
  0x0000024bf687e5e4: 0100 00c7 | 4008 c022 | 0000 410f | 0d8a 4001 | 0000 c740 | 0c10 0000 | 0041 0f0d | 8a80 0100 
  0x0000024bf687e604: 004c 8bd0 | 4983 c210 | c5fd efc0 | 62d1 fe08 | 7f02 4c8b | 5424 404c | 8bd8 49c1 | eb03 4c8b 
  0x0000024bf687e624: 4424 4045 | 8958 144c | 8bd8 4d33 | da49 c1eb | 154d 85db | 741a 49c1 | ea09 48b9 | 00e0 00fa 
  0x0000024bf687e644: 4b02 0000 | 4903 ca80 | 3902 0f85 | 2312 0000 | 448b 5424 | 3843 8b6c | d410 458b 

  0x0000024bf687e660: ;   {metadata('java/util/ArrayList')}
  0x0000024bf687e660: 54ec 0841 | 81fa 28e3 | 0900 0f85 | c01a 0000 | 4d8d 1cec | 458b 4310 | 4585 c00f | 858d 0200 
  0x0000024bf687e680: 0049 ba00 | e000 fa4b | 0200 004c | 8954 2420 | 4d8b 9fb8 | 0100 004d | 8bd3 4983 | c218 4d3b 
  0x0000024bf687e6a0: 97c8 0100 | 000f 83ba | 1600 004d | 8997 b801 | 0000 410f | 0d8a c000 | 0000 49c7 | 0301 0000 
  0x0000024bf687e6c0: 004d 8bd3 | 4983 c210 

  0x0000024bf687e6c8: ;   {metadata('java/lang/String')}
  0x0000024bf687e6c8: 41c7 4308 | 60e4 0000 | 4589 630c | c5fd efc0 | c4c1 79d6 | 024c 895c | 2428 4c8b | 5424 4045 
  0x0000024bf687e6e8: 8b52 0c4c | 8b5c 2440 | 418b 4b14 | 4180 7b10 | 000f 854a | 1200 0045 | 8b5c cc0c | 4d8d 04cc 
  0x0000024bf687e708: 4c89 4424 | 584d 8d4c | cc10 453b | d30f 859d | 0000 0049 | 63fb 4181 | fb00 0010 | 000f 87a5 
  0x0000024bf687e728: 1800 0049 | 8b9f b801 | 0000 4c8d | 5717 4983 | e2f8 4c8b | c34d 03c2 | 4d3b 87c8 | 0100 000f 
  0x0000024bf687e748: 8383 1800 | 004d 8987 | b801 0000 | 410f 0d88 | c000 0000 | 48c7 0301 | 0000 0041 | 0f0d 8800 
  0x0000024bf687e768: ;   {metadata({type array byte})}
  0x0000024bf687e768: 0100 00c7 | 4308 c022 | 0000 4489 | 5b0c 410f | 0d88 4001 | 0000 410f | 0d88 8001 | 0000 488b 
  0x0000024bf687e788: d348 83c2 | 1048 83c7 | 0748 c1ef | 0349 8bc9 | 4c8b c7c5 | f877 49ba | a025 68f5 | 4b02 0000 
  0x0000024bf687e7a8: ;   {other}
  0x0000024bf687e7a8: 41ff d20f | 1f84 0000 | 0000 00e9 | d800 0000 | 4585 d20f | 8c43 1b00 | 0045 3bda | 418b eb41 
  0x0000024bf687e7c8: 0f4f ea44 | 3bdd 0f82 | a01a 0000 | 443b d50f | 8297 1a00 | 0045 8bda | 4d63 db49 | 83c3 1749 
  0x0000024bf687e7e8: 8bfb 4883 | e7f8 4181 | fa00 0010 | 000f 87a5 | 1600 0049 | 8b9f b801 | 0000 4c8b | c34c 03c7 
  0x0000024bf687e808: 4d3b 87c8 | 0100 000f | 838b 1600 | 004d 8987 | b801 0000 | 410f 0d88 | c000 0000 | 48c7 0301 
  0x0000024bf687e828: 0000 0041 | 0f0d 8800 

  0x0000024bf687e830: ;   {metadata({type array byte})}
  0x0000024bf687e830: 0100 00c7 | 4308 c022 | 0000 4489 | 530c 410f | 0d88 4001 | 0000 410f | 0d88 8001 | 0000 488b 
  0x0000024bf687e850: d348 83c2 | 1049 c1eb | 0385 ed0f | 84a0 1900 | 0041 3bea | 0f8c 8911 | 0000 4883 | c7f0 48c1 
  0x0000024bf687e870: ef03 498b | c94c 8bc7 | c5f8 7749 | baa0 2568 | f54b 0200 | 0041 ffd2 

  0x0000024bf687e888: ;   {other}
  0x0000024bf687e888: 0f1f 8400 | 0000 0000 | 4180 7f38 | 000f 85a0 | 0f00 004c | 8b54 2428 | 4c8b db49 | c1eb 034c 
  0x0000024bf687e8a8: 8b44 2428 | 4589 5814 | 4c8b db4d | 33da 49c1 | eb15 4d85 | db74 1649 | c1ea 094c | 8b44 2420 
  0x0000024bf687e8c8: 4d03 c241 | 8038 020f | 851f 1000 | 00eb 1944 | 8b5a 2445 | 85db 0f84 | 290d 0000 | 4d8b d349 
  0x0000024bf687e8e8: c1e2 034c | 8954 2428 | 488b 4424 | 28c5 f877 | 4881 c4b0 | 0000 005d 

  0x0000024bf687e900: ;   {poll_return}
  0x0000024bf687e900: 493b a758 | 0400 000f | 8737 1e00 | 00c3 458b | 4b0c bbff 

  0x0000024bf687e914: ;   {oop([B{0x0000000747254a28})}
  0x0000024bf687e914: ffff ff49 | ba28 4a25 | 4707 0000 

  0x0000024bf687e920: ;   {oop([B{0x0000000747254a28})}
  0x0000024bf687e920: 0049 be28 | 4a25 4707 | 0000 0049 

  0x0000024bf687e92c: ;   {oop([B{0x0000000747254788})}
  0x0000024bf687e92c: 83c6 1049 | ba88 4725 | 4707 0000 

  0x0000024bf687e938: ;   {oop([B{0x0000000747254788})}
  0x0000024bf687e938: 0049 bd88 | 4725 4707 | 0000 0049 | 83c5 1045 | 33d2 49b8 | 00e0 00fa | 4b02 0000 | 4c89 4424 
  0x0000024bf687e958: 20e9 bc08 | 0000 49ba | ffff ffff | ffff ffff | c442 b8f5 | d2c4 c1fb | 92fa 62f1 | 7faf 6f01 
  0x0000024bf687e978: 62f1 7f2f | 7f02 448b | 5424 644c | 8b5c 2440 | 4501 530c | 488b 6c24 | 588b 5514 | 4c8b 5c24 
  0x0000024bf687e998: 3044 8b4c | 2428 4c8b | 7424 384c | 8b6c 2448 | 448b 5424 | 2c44 8b44 

  0x0000024bf687e9b0: ;   {oop(a 'org/hl7/fhir/utilities/xhtml/NodeType'{0x000000074722ec08})}
  0x0000024bf687e9b0: 2450 81fa | 815d e4e8 | 0f85 2c08 | 0000 8b4d | 1885 c90f | 84f5 0000 

  0x0000024bf687e9c8: ;   {oop("img"{0x0000000747254770})}
  0x0000024bf687e9c8: 0081 f9ee | a8e4 e80f | 846a 0200 | 0041 807c | cc10 000f | 85dd 0000 | 0041 8b7c | cc14 418b 
  0x0000024bf687e9e8: 4cfc 0c83 | f903 0f85 | ca00 0000 | 498d 1cfc | 498d 7cfc | 1049 8bf5 | 85c9 0f84 | 9d00 0000 
  0x0000024bf687ea08: 8bc1 83e0 | 1f83 e1e0 | 0f84 4b00 | 0000 488d | 3c0f 488d | 340e 48f7 | d9c5 fe6f | 0c0f c5fe 
  0x0000024bf687ea28: 6f04 0ec5 | f5ef c8c4 | e27d 17c9 | 0f85 7200 | 0000 4883 | c120 75e1 | 85c0 0f84 | 5d00 0000 
  0x0000024bf687ea48: c5fe 6f4c | 07e0 c5fe | 6f44 06e0 | c5f5 efc8 | c4e2 7d17 | c975 4deb | 448b c883 | e1fc 7419 
  0x0000024bf687ea68: 488d 3c0f | 488d 340e | 48f7 d98b | 1c0f 3b1c | 0e75 3148 | 83c1 0475 | f2a8 0274 | 120f b71f 
  0x0000024bf687ea88: 0fb7 0e3b | d975 1d48 | 8d7f 0248 | 8d76 02a8 | 0174 0a0f | b61f 0fb6 | 0e3b d975 | 07b8 0100 
  0x0000024bf687eaa8: 0000 eb02 | 33c0 c5f5 | efc9 c5fd | efc0 85c0 | 0f85 8101 | 0000 4889 | 6c24 5844 | 8944 2450 
  0x0000024bf687eac8: ;   {no_reloc}
  0x0000024bf687eac8: 4489 5424 | 2c4c 896c | 2448 4c89 | 7424 3844 | 894c 2428 | 4c89 5c24 | 3048 8bd5 

  0x0000024bf687eae4: ;   {oop([B{0x0000000747254788})}
  0x0000024bf687eae4: 48bd 8847 | 2547 0700 

  0x0000024bf687eaec: ;   {oop([B{0x0000000747254a28})}
  0x0000024bf687eaec: 0000 49ba | 284a 2547 | 0700 0000 | 4c89 5424 | 6866 6690 

  0x0000024bf687eb00: ;   {optimized virtual_call}
  0x0000024bf687eb00: c5f8 77e8 

  0x0000024bf687eb04: ; ImmutableOopMap {rbp=Oop [72]=Derived_oop_rbp [48]=Oop [64]=Oop [88]=Oop [104]=Oop [56]=Derived_oop_[104] }
                      ;*invokevirtual allText {reexecute=0 rethrow=0 return_oop=1}
                      ; - org.hl7.fhir.utilities.xhtml.XhtmlNode::allText@152 (line 399)
  0x0000024bf687eb04: f8f9 ffff 

  0x0000024bf687eb08: ;   {other}
  0x0000024bf687eb08: 0f1f 8400 | f809 0000 | 4885 c00f | 84d1 1100 | 0044 8b50 | 1447 8b44 | d40c 4c8b | 5424 4041 
  0x0000024bf687eb28: 8b6a 1445 | 8b5c ec0c | 896c 2454 | 4889 4424 | 600f be48 | 1045 8b52 | 0c41 8bd2 | c442 72f7 
  0x0000024bf687eb48: d044 8954 | 2468 4c8b | 5424 4045 | 0fbe 4a10 | 448b 4424 | 6844 03c2 | c442 32f7 | d341 8bd8 
  0x0000024bf687eb68: 412b da85 | db0f 8fae | 0a00 0048 | 8b6c 2440 | 4c8b d844 | 8bd2 443b | c90f 856c | 1300 004c 
  0x0000024bf687eb88: 895c 2460 | 4489 5424 | 5444 8b55 | 1441 8bca | 4889 6c24 | 404c 8b54 | 2460 458b | 5214 458b 
  0x0000024bf687eba8: da4c 8b54 | 2460 450f | be52 1045 | 3bd1 0f85 | 070f 0000 | 458b d347 | 8b44 d40c | c4e2 31f7 
  0x0000024bf687ebc8: 6c24 5444 | 8bd1 478b | 54d4 0c85 | ed0f 8cdd | 1600 0041 | 8d1c 2844 | 3bd3 0f82 | d016 0000 
  0x0000024bf687ebe8: 4585 c076 | 3f4d 8d14 | cc49 8d54 | 2a10 4d63 | c04f 8d14 | dc4b 8d4c | dc10 4983 

  0x0000024bf687ec04: ;   {no_reloc}
  0x0000024bf687ec04: f820 0f87 | 6905 0000 | 49ba ffff | ffff ffff | ffff c442 | b8f5 d2c4 | c1fb 92fa | 62f1 7faf 
  0x0000024bf687ec24: 6f01 62f1 | 7f2f 7f02 | 448b 5424 | 684c 8b5c | 2440 4501 | 530c e9a9 | 0000 0048 | 896c 2458 
  0x0000024bf687ec44: 4489 4424 | 5044 8954 | 242c 4c89 | 6c24 484c | 8974 2438 | 4489 4c24 | 284c 895c | 2430 488b 
  0x0000024bf687ec64: ;   {oop("alt"{0x0000000747253d30})}
  0x0000024bf687ec64: d549 b830 | 3d25 4707 

  0x0000024bf687ec6c: ;   {oop([B{0x0000000747254788})}
  0x0000024bf687ec6c: 0000 0048 | bd88 4725 | 4707 0000 

  0x0000024bf687ec78: ;   {oop([B{0x0000000747254a28})}
  0x0000024bf687ec78: 0049 ba28 | 4a25 4707 | 0000 004c | 8954 2460 

  0x0000024bf687ec88: ;   {optimized virtual_call}
  0x0000024bf687ec88: c5f8 77e8 

  0x0000024bf687ec8c: ; ImmutableOopMap {rbp=Oop [72]=Derived_oop_rbp [48]=Oop [64]=Oop [88]=Oop [96]=Oop [56]=Derived_oop_[96] }
                      ;*invokevirtual hasAttribute {reexecute=0 rethrow=0 return_oop=0}
                      ; - org.hl7.fhir.utilities.xhtml.XhtmlNode::allText@166 (line 400)
  0x0000024bf687ec8c: b0f2 6800 

  0x0000024bf687ec90: ;   {other}
  0x0000024bf687ec90: 0f1f 8400 | 800b 0001 | 85c0 0f84 | 8416 0000 | 488b 5424 

  0x0000024bf687eca4: ;   {oop("alt"{0x0000000747253d30})}
  0x0000024bf687eca4: 5849 b830 | 3d25 4707 

  0x0000024bf687ecac: ;   {oop([B{0x0000000747254a28})}
  0x0000024bf687ecac: 0000 0049 | ba28 4a25 | 4707 0000 | 004c 8954 | 2468 6690 

  0x0000024bf687ecc0: ;   {optimized virtual_call}
  0x0000024bf687ecc0: c5f8 77e8 

  0x0000024bf687ecc4: ; ImmutableOopMap {rbp=Oop [72]=Derived_oop_rbp [48]=Oop [64]=Oop [88]=Oop [104]=Oop [56]=Derived_oop_[104] }
                      ;*invokevirtual getAttribute {reexecute=0 rethrow=0 return_oop=1}
                      ; - org.hl7.fhir.utilities.xhtml.XhtmlNode::allText@177 (line 401)
  0x0000024bf687ecc4: 78de 6800 

  0x0000024bf687ecc8: ;   {other}
  0x0000024bf687ecc8: 0f1f 8400 | b80b 0002 | 488b 5424 | 404c 8bc0 

  0x0000024bf687ecd8: ;   {optimized virtual_call}
  0x0000024bf687ecd8: c5f8 77e8 

  0x0000024bf687ecdc: ; ImmutableOopMap {rbp=Oop [72]=Derived_oop_rbp [48]=Oop [64]=Oop [88]=Oop [104]=Oop [56]=Derived_oop_[104] }
                      ;*invokevirtual append {reexecute=0 rethrow=0 return_oop=1}
                      ; - org.hl7.fhir.utilities.xhtml.XhtmlNode::allText@180 (line 401)
  0x0000024bf687ecdc: a09c 8fff 

  0x0000024bf687ece0: ;   {other}
  0x0000024bf687ece0: 0f1f 8400 | d00b 0003 | 4d8b 87b8 | 0100 004c | 8b5c 2458 | 458b 4b18 | 4489 4c24 | 544d 8bd0 
  0x0000024bf687ed00: 4983 c248 | 4d3b 97c8 | 0100 000f | 8377 1000 | 004d 8997 | b801 0000 | 410f 0d8a | c000 0000 
  0x0000024bf687ed20: 49c7 0001 | 0000 0041 | 0f0d 8a00 

  0x0000024bf687ed2c: ;   {metadata('java/lang/String'[])}
  0x0000024bf687ed2c: 0100 0041 | c740 0800 | e800 0041 | 0f0d 8a40 | 0100 0041 | c740 0c0d | 0000 0041 | 0f0d 8a80 
  0x0000024bf687ed4c: 0100 0045 

  0x0000024bf687ed50: ;   {oop("p"{0x0000000744aeaca0})}
  0x0000024bf687ed50: 8960 4441 | c740 1094 

  0x0000024bf687ed58: ;   {oop("div"{0x0000000758aa01c8})}
  0x0000024bf687ed58: d595 e841 | c740 1439 

  0x0000024bf687ed60: ;   {oop("tr"{0x0000000744af8968})}
  0x0000024bf687ed60: 4015 eb41 | c740 182d 

  0x0000024bf687ed68: ;   {oop("th"{0x0000000744b6a5c0})}
  0x0000024bf687ed68: f195 e841 | c740 1cb8 

  0x0000024bf687ed70: ;   {oop("ul"{0x0000000747254a70})}
  0x0000024bf687ed70: d496 e841 | c740 204e 

  0x0000024bf687ed78: ;   {oop("ol"{0x0000000747254a40})}
  0x0000024bf687ed78: a9e4 e841 | c740 2448 

  0x0000024bf687ed80: ;   {oop("li"{0x0000000747254a10})}
  0x0000024bf687ed80: a9e4 e841 | c740 2842 

  0x0000024bf687ed88: ;   {oop("h1"{0x0000000747254e98})}
  0x0000024bf687ed88: a9e4 e841 | c740 2cd3 

  0x0000024bf687ed90: ;   {oop("h2"{0x00000007447af4b8})}
  0x0000024bf687ed90: a9e4 e841 | c740 3097 

  0x0000024bf687ed98: ;   {oop("h3"{0x0000000747254e68})}
  0x0000024bf687ed98: 5e8f e841 | c740 34cd 

  0x0000024bf687eda0: ;   {oop("h4"{0x0000000747254e38})}
  0x0000024bf687eda0: a9e4 e841 | c740 38c7 

  0x0000024bf687eda8: ;   {oop("h5"{0x0000000747254e08})}
  0x0000024bf687eda8: a9e4 e841 | c740 3cc1 

  0x0000024bf687edb0: ;   {oop("h6"{0x0000000747254dd8})}
  0x0000024bf687edb0: a9e4 e841 | c740 40bb | a9e4 e844 | 8b54 2454 | 4585 d20f | 848c 0300 | 004d 8bd8 | 470f be54 
  0x0000024bf687edd0: d410 448b | 4424 5447 | 8b44 c414 | 4f8d 0cc4 | 4f8d 4cc4 | 1033 d266 | 0f1f 8400 | 0000 0000 
  0x0000024bf687edf0: 418b 7c93 | 108b 5c24 | 543b df0f | 8491 0300 | 0085 ff0f | 84f0 0000 | 0041 0fbe | 4cfc 1044 
  0x0000024bf687ee10: 3bd1 0f85 | e100 0000 | 438b 4cc4 | 0c41 8b7c | fc14 418b | 5cfc 0c3b | cb0f 85ca | 0000 0049 
  0x0000024bf687ee30: 8d1c fc49 | 8d74 fc10 | 498b f985 | c90f 849d | 0000 008b | c183 e01f | 83e1 e00f | 844b 0000 
  0x0000024bf687ee50: 0048 8d3c | 0f48 8d34 | 0e48 f7d9 | c5fe 6f04 | 0fc5 fe6f | 0c0e c5fd | efc1 c4e2 | 7d17 c00f 
  0x0000024bf687ee70: 8572 0000 | 0048 83c1 | 2075 e185 | c00f 845d | 0000 00c5 | fe6f 4407 | e0c5 fe6f | 4c06 e0c5 
  0x0000024bf687ee90: fdef c1c4 | e27d 17c0 | 754d eb44 | 8bc8 83e1 | fc74 1948 | 8d3c 0f48 | 8d34 0e48 | f7d9 8b1c 
  0x0000024bf687eeb0: ;   {no_reloc}
  0x0000024bf687eeb0: 0f3b 1c0e | 7531 4883 | c104 75f2 | a802 7412 | 0fb7 1f0f | b70e 3bd9 | 751d 488d | 7f02 488d 
  0x0000024bf687eed0: 7602 a801 | 740a 0fb6 | 1f0f b60e | 3bd9 7507 | b801 0000 | 00eb 0233 | c0c5 fdef | c0c5 f5ef 
  0x0000024bf687eef0: c985 c00f | 8599 0200 | 00ff c283 | fa0d 0f8c | ecfe ffff | 448b 5c24 

  0x0000024bf687ef08: ;   {oop("th"{0x0000000744b6a5c0})}
  0x0000024bf687ef08: 5441 81fb | b8d4 96e8 | 0f84 e800 | 0000 4585 | d20f 853c | 0100 0043 | 8b4c c40c | 83f9 020f 
  0x0000024bf687ef28: 852e 0100 | 004f 8d1c | c44b 8d7c 

  0x0000024bf687ef34: ;   {oop([B{0x0000000744b6a5d8})}
  0x0000024bf687ef34: c410 48be | d8a5 b644 | 0700 0000 | 4883 c610 | 85c9 0f84 | 9d00 0000 | 8bc1 83e0 | 1f83 e1e0 
  0x0000024bf687ef54: 0f84 4b00 | 0000 488d | 3c0f 488d | 340e 48f7 | d9c5 fe6f | 040f c5fe | 6f0c 0ec5 | fdef c1c4 
  0x0000024bf687ef74: e27d 17c0 | 0f85 7200 | 0000 4883 | c120 75e1 | 85c0 0f84 | 5d00 0000 | c5fe 6f44 | 07e0 c5fe 
  0x0000024bf687ef94: 6f4c 06e0 | c5fd efc1 | c4e2 7d17 | c075 4deb | 448b c883 | e1fc 7419 | 488d 3c0f | 488d 340e 
  0x0000024bf687efb4: 48f7 d98b | 1c0f 3b1c | 0e75 3148 | 83c1 0475 | f2a8 0274 | 120f b71f | 0fb7 0e3b | d975 1d48 
  0x0000024bf687efd4: 8d7f 0248 | 8d76 02a8 | 0174 0a0f | b61f 0fb6 | 0e3b d975 | 07b8 0100 | 0000 eb02 | 33c0 c5fd 
  0x0000024bf687eff4: efc0 c5f5 | efc9 85c0 

  0x0000024bf687effc: ;   {oop(" "{0x0000000744abd2f0})}
  0x0000024bf687effc: 745d 49b8 | f0d2 ab44 | 0700 0000 | 488b 5424 

  0x0000024bf687f00c: ;   {oop([B{0x0000000747254788})}
  0x0000024bf687f00c: 4048 bd88 | 4725 4707 

  0x0000024bf687f014: ;   {oop([B{0x0000000747254a28})}
  0x0000024bf687f014: 0000 0049 | ba28 4a25 | 4707 0000 | 004c 8954 | 2458 6690 

  0x0000024bf687f028: ;   {optimized virtual_call}
  0x0000024bf687f028: c5f8 77e8 

  0x0000024bf687f02c: ; ImmutableOopMap {rbp=Oop [72]=Derived_oop_rbp [48]=Oop [64]=Oop [88]=Oop [56]=Derived_oop_[88] }
                      ;*invokevirtual append {reexecute=0 rethrow=0 return_oop=1}
                      ; - org.hl7.fhir.utilities.xhtml.XhtmlNode::allText@321 (line 408)
  0x0000024bf687f02c: 5099 8fff 

  0x0000024bf687f030: ;   {other}
  0x0000024bf687f030: 0f1f 8400 | 200f 0004 | 4c8b 5c24 | 3044 8b4c | 2428 4c8b | 7424 384c | 8b6c 2448 | 448b 5424 
  0x0000024bf687f050: 2c44 8b44 | 2450 e98f | 0100 0044 | 8b4c 2454 

  0x0000024bf687f060: ;   {oop("td"{0x00000007472547d0})}
  0x0000024bf687f060: 4181 f9fa | a8e4 e874 | 9545 85d2 | 0f85 e300 | 0000 438b | 4cc4 0c83 | f902 0f85 | d500 0000 
  0x0000024bf687f080: 4f8d 14c4 | 4b8d 7cc4 

  0x0000024bf687f088: ;   {oop([B{0x00000007472547e8})}
  0x0000024bf687f088: 1048 bee8 | 4725 4707 | 0000 0048 | 83c6 1085 | c90f 849d | 0000 008b | c183 e01f | 83e1 e00f 
  0x0000024bf687f0a8: 844b 0000 | 0048 8d3c | 0f48 8d34 | 0e48 f7d9 | c5fe 6f04 | 0fc5 fe6f | 0c0e c5fd | efc1 c4e2 
  0x0000024bf687f0c8: 7d17 c00f | 8572 0000 | 0048 83c1 | 2075 e185 | c00f 845d | 0000 00c5 | fe6f 4407 | e0c5 fe6f 
  0x0000024bf687f0e8: 4c06 e0c5 | fdef c1c4 | e27d 17c0 | 754d eb44 | 8bc8 83e1 | fc74 1948 | 8d3c 0f48 | 8d34 0e48 
  0x0000024bf687f108: f7d9 8b1c | 0f3b 1c0e | 7531 4883 | c104 75f2 | a802 7412 | 0fb7 1f0f | b70e 3bd9 | 751d 488d 
  0x0000024bf687f128: 7f02 488d | 7602 a801 | 740a 0fb6 | 1f0f b60e | 3bd9 7507 | b801 0000 | 00eb 0233 | c0c5 fdef 
  0x0000024bf687f148: c0c5 f5ef | c985 c00f | 85a9 feff | ff4c 8b5c | 2430 448b | 4c24 284c | 8b74 2438 | 4c8b 6c24 
  0x0000024bf687f168: 4844 8b54 | 242c 448b | 4424 50eb | 75c5 f877 | 49ba 8002 | 68f5 4b02 | 0000 41ff 

  0x0000024bf687f184: ;   {other}
  0x0000024bf687f184: d20f 1f84 | 0000 0000 | 00e9 9afa 

  0x0000024bf687f190: ;   {oop("\x0D\x0A"{0x00000007445529f0})}
  0x0000024bf687f190: ffff 49b8 | f029 5544 | 0700 0000 | 488b 5424 

  0x0000024bf687f1a0: ;   {oop([B{0x0000000747254788})}
  0x0000024bf687f1a0: 4048 bd88 | 4725 4707 

  0x0000024bf687f1a8: ;   {oop([B{0x0000000747254a28})}
  0x0000024bf687f1a8: 0000 0049 | ba28 4a25 | 4707 0000 | 004c 8954 | 2458 6690 

  0x0000024bf687f1bc: ;   {optimized virtual_call}
  0x0000024bf687f1bc: c5f8 77e8 

  0x0000024bf687f1c0: ; ImmutableOopMap {rbp=Oop [72]=Derived_oop_rbp [48]=Oop [64]=Oop [88]=Oop [56]=Derived_oop_[88] }
                      ;*invokevirtual append {reexecute=0 rethrow=0 return_oop=1}
                      ; - org.hl7.fhir.utilities.xhtml.XhtmlNode::allText@286 (line 406)
  0x0000024bf687f1c0: bc97 8fff 

  0x0000024bf687f1c4: ;   {other}
  0x0000024bf687f1c4: 0f1f 8400 | b410 0005 | 4c8b 5c24 | 3044 8b4c | 2428 4c8b | 7424 384c | 8b6c 2448 | 448b 5424 
  0x0000024bf687f1e4: 2c44 8b44 | 2450 498b | 8f60 0400 

  0x0000024bf687f1f0: ;   {oop([B{0x0000000747254a28})}
  0x0000024bf687f1f0: 0048 bb28 | 4a25 4707 

  0x0000024bf687f1f8: ;   {oop([B{0x0000000747254788})}
  0x0000024bf687f1f8: 0000 0048 | bf88 4725 | 4707 0000 

  0x0000024bf687f204: ; ImmutableOopMap {r11=Oop rbx=Oop r14=Derived_oop_rbx rdi=Oop r13=Derived_oop_rdi [64]=Oop }
                      ;*goto {reexecute=1 rethrow=0 return_oop=0}
                      ; - (reexecute) org.hl7.fhir.utilities.xhtml.XhtmlNode::allText@325 (line 411)
                      ;   {poll}
  0x0000024bf687f204: 0085 0141 | 8b5b 1044 | 3bc3 0f84 | 7cf4 ffff | 418b da45 | 8bd0 418b | 4b0c 413b | c90f 8569 
  0x0000024bf687f224: 0e00 0041 | 8b6b 1044 | 3bd5 0f8d | 880e 0000 | 418b 4b14 

  0x0000024bf687f238: ; implicit exception: dispatches to 0x0000024bf6880510
  0x0000024bf687f238: 418b 7ccc | 0c44 3bd7 | 0f8d a60e | 0000 458d | 4201 443b | d70f 83c4 | 0d00 0048 | c1e1 0342 
  0x0000024bf687f258: 8b6c 9110 

  0x0000024bf687f25c: ; implicit exception: dispatches to 0x0000024bf6880528
  0x0000024bf687f25c: 418b 5cec 

  0x0000024bf687f260: ;   {metadata('org/hl7/fhir/utilities/xhtml/XhtmlNode')}
  0x0000024bf687f260: 0881 fbe0 | c50e 010f | 8577 1200 | 0048 c1e5 | 038b 5514 

  0x0000024bf687f274: ;   {oop(a 'org/hl7/fhir/utilities/xhtml/NodeType'{0x000000074722ec08})}
  0x0000024bf687f274: 81fa 815d | e4e8 0f85 | 8201 0000 | 8b4d 1885 | c90f 8477 

  0x0000024bf687f288: ;   {oop("li"{0x0000000747254a10})}
  0x0000024bf687f288: 0100 0081 | f942 a9e4 | e80f 84e9 | 0000 0041 | 807c cc10 | 000f 855f | 0100 0041 | 8b5c cc14 
  0x0000024bf687f2a8: 418b 4cdc | 0c83 f902 | 0f85 4c01 | 0000 498d | 3cdc 498d | 7cdc 1049 | 8bf6 85c9 | 0f84 9d00 
  0x0000024bf687f2c8: 0000 8bc1 | 83e0 1f83 | e1e0 0f84 | 4b00 0000 | 488d 3c0f | 488d 340e | 48f7 d9c5 | fe6f 040f 
  0x0000024bf687f2e8: c5fe 6f0c | 0ec5 fdef | c1c4 e27d | 17c0 0f85 | 7200 0000 | 4883 c120 | 75e1 85c0 | 0f84 5d00 
  0x0000024bf687f308: 0000 c5fe | 6f44 07e0 | c5fe 6f4c | 06e0 c5fd | efc1 c4e2 | 7d17 c075 | 4deb 448b | c883 e1fc 
  0x0000024bf687f328: 7419 488d | 3c0f 488d | 340e 48f7 | d98b 1c0f | 3b1c 0e75 | 3148 83c1 | 0475 f2a8 | 0274 120f 
  0x0000024bf687f348: b71f 0fb7 | 0e3b d975 | 1d48 8d7f | 0248 8d76 | 02a8 0174 | 0a0f b61f | 0fb6 0e3b | d975 07b8 
  0x0000024bf687f368: 0100 0000 | eb02 33c0 | c5fd efc0 | c5f5 efc9 | 85c0 0f84 | 8200 0000 | 4889 6c24 | 5844 8944 
  0x0000024bf687f388: ;   {no_reloc}
  0x0000024bf687f388: 2450 4489 | 5424 344c | 896c 2448 | 4c89 7424 | 3844 894c | 2430 4c89 

  0x0000024bf687f3a0: ;   {oop("* "{0x0000000747253d60})}
  0x0000024bf687f3a0: 5c24 2849 | b860 3d25 | 4707 0000 | 0048 8b54 

  0x0000024bf687f3b0: ;   {oop([B{0x0000000747254788})}
  0x0000024bf687f3b0: 2440 48bd | 8847 2547 | 0700 0000 

  0x0000024bf687f3bc: ;   {oop([B{0x0000000747254a28})}
  0x0000024bf687f3bc: 49ba 284a | 2547 0700 | 0000 4c89 | 5424 6090 

  0x0000024bf687f3cc: ;   {optimized virtual_call}
  0x0000024bf687f3cc: c5f8 77e8 

  0x0000024bf687f3d0: ; ImmutableOopMap {rbp=Oop [72]=Derived_oop_rbp [40]=Oop [64]=Oop [88]=Oop [96]=Oop [56]=Derived_oop_[96] }
                      ;*invokevirtual append {reexecute=0 rethrow=0 return_oop=1}
                      ; - org.hl7.fhir.utilities.xhtml.XhtmlNode::allText@91 (line 390)
  0x0000024bf687f3d0: ac95 8fff 

  0x0000024bf687f3d4: ;   {other}
  0x0000024bf687f3d4: 0f1f 8400 | c412 0007 | 488b 6c24 | 588b 5514 | 4c8b 5c24 | 2844 8b4c | 2430 4c8b | 7424 384c 
  0x0000024bf687f3f4: 8b6c 2448 | 448b 5424 | 3444 8b44 

  0x0000024bf687f400: ;   {oop(a 'org/hl7/fhir/utilities/xhtml/NodeType'{0x000000074722ec20})}
  0x0000024bf687f400: 2450 81fa | 845d e4e8 | 0f85 a4f5 | ffff 8b7d | 2441 8b5c | fc14 418b | 5cdc 0c48 | 8b4c 2440 
  0x0000024bf687f420: 8b49 1441 | 8b54 cc0c | 894c 2460 | 4889 6c24 | 5844 8944 | 2450 4489 | 5424 2c4c | 896c 2448 
  0x0000024bf687f440: 4c89 7424 | 3844 894c | 2428 4c89 | 5c24 3045 | 0fbe 54fc | 1089 7c24 | 544c 8b5c | 2440 450f 
  0x0000024bf687f460: be4b 10c4 | 622a f7c3 | 4489 4424 | 64c4 e232 | f7ca 418b | 6b0c 896c | 2468 4403 | c545 8bd8 
  0x0000024bf687f480: 442b d949 | 8d2c fc48 | 896c 2470 | 4585 db0f | 8fa2 0000 | 0045 3bca | 0f85 7607 | 0000 4c8b 
  0x0000024bf687f4a0: 5c24 4045 | 8b53 1441 | 8bfa 4c89 | 5c24 4044 | 8b5c 2454 | 470f be5c | dc10 8b6c | 2454 458b 
  0x0000024bf687f4c0: 54ec 1445 | 3bd9 0f85 | 1e02 0000 

  0x0000024bf687f4cc: ; implicit exception: dispatches to 0x0000024bf6880580
  0x0000024bf687f4cc: 478b 44d4 | 0cc4 e231 | f76c 2468 

  0x0000024bf687f4d8: ; implicit exception: dispatches to 0x0000024bf6880598
  0x0000024bf687f4d8: 458b 5cfc | 0c85 ed0f | 8c5f 0b00 | 0041 8d0c | 2844 3bd9 | 0f82 520b | 0000 4585 | c00f 8683 
  0x0000024bf687f4f8: f4ff ff4d | 63c0 4f8d 

  0x0000024bf687f500: ;   {no_reloc}
  0x0000024bf687f500: 1cd4 4b8d | 4cd4 104d | 8d14 fc49 | 8d54 2a10 | 4983 f820 | 0f86 44f4 | ffff c5f8 | 7749 ba80 
  0x0000024bf687f520: 0268 f54b | 0200 0041 

  0x0000024bf687f528: ;   {other}
  0x0000024bf687f528: ffd2 0f1f | 8400 0000 | 0000 e947 | f4ff ff48 | 8b54 2440 

  0x0000024bf687f53c: ;   {oop([B{0x0000000747254788})}
  0x0000024bf687f53c: 48bd 8847 | 2547 0700 

  0x0000024bf687f544: ;   {oop([B{0x0000000747254a28})}
  0x0000024bf687f544: 0000 49ba | 284a 2547 | 0700 0000 | 4c89 9424 | 9000 0000 

  0x0000024bf687f558: ;   {optimized virtual_call}
  0x0000024bf687f558: c5f8 77e8 

  0x0000024bf687f55c: ; ImmutableOopMap {rbp=Oop [72]=Derived_oop_rbp [48]=Oop [64]=Oop [84]=NarrowOop [88]=Oop [96]=NarrowOop [112]=Oop [144]=Oop [56]=Derived_oop_[144] }
                      ;*invokevirtual newCapacity {reexecute=0 rethrow=0 return_oop=0}
                      ; - java.lang.AbstractStringBuilder::ensureCapacityInternal@24 (line 246)
                      ; - java.lang.AbstractStringBuilder::append@21 (line 590)
                      ; - java.lang.StringBuilder::append@2 (line 179)
                      ; - org.hl7.fhir.utilities.xhtml.XhtmlNode::allText@117 (line 394)
  0x0000024bf687f55c: e056 3eff 

  0x0000024bf687f560: ;   {other}
  0x0000024bf687f560: 0f1f 8400 | 5014 0008 | 4c8b 5424 | 4045 0fbe | 5210 c462 | 29f7 c08b | 6c24 6048 | 8bd5 48c1 
  0x0000024bf687f580: ;   {oop([B{0x0000000747254788})}
  0x0000024bf687f580: e203 48bd | 8847 2547 | 0700 0000 

  0x0000024bf687f58c: ;   {static_call}
  0x0000024bf687f58c: c5f8 77e8 

  0x0000024bf687f590: ; ImmutableOopMap {rbp=Oop [72]=Derived_oop_rbp [48]=Oop [64]=Oop [84]=NarrowOop [88]=Oop [112]=Oop [144]=Oop [56]=Derived_oop_[144] }
                      ;*invokestatic copyOf {reexecute=0 rethrow=0 return_oop=1}
                      ; - java.lang.AbstractStringBuilder::ensureCapacityInternal@32 (line 245)
                      ; - java.lang.AbstractStringBuilder::append@21 (line 590)
                      ; - java.lang.StringBuilder::append@2 (line 179)
                      ; - org.hl7.fhir.utilities.xhtml.XhtmlNode::allText@117 (line 394)
  0x0000024bf687f590: 8cb6 3eff 

  0x0000024bf687f594: ;   {other}
  0x0000024bf687f594: 0f1f 8400 | 8414 0009 | 488b d841 | 807f 3800 | 0f85 ad06 | 0000 4c8b | db4c 8bd3 | 49c1 ea03 
  0x0000024bf687f5b4: 4c8b 4424 | 4045 8950 | 144d 8bd0 | 4d33 da49 | c1eb 154d | 85db 741f | 4885 db74 | 1a49 c1ea 
  0x0000024bf687f5d4: 0948 b900 | e000 fa4b | 0200 0049 | 03ca 8039 | 020f 85ae | 0600 0044 | 8b54 2454 | 470f be54 
  0x0000024bf687f5f4: d410 4c8b | 5c24 4041 | 8b6b 0c89 | 6c24 6845 | 0fbe 4b10 | e988 feff 

  0x0000024bf687f60c: ;   {oop(""{0x0000000744aa3e58})}
  0x0000024bf687f60c: ff49 ba58 | 3eaa 4407 | 0000 004c | 8954 2428 | e9cf f2ff | ff48 8b54 

  0x0000024bf687f624: ;   {oop([B{0x0000000747254788})}
  0x0000024bf687f624: 2440 48bd | 8847 2547 | 0700 0000 

  0x0000024bf687f630: ;   {oop([B{0x0000000747254a28})}
  0x0000024bf687f630: 49ba 284a | 2547 0700 | 0000 4c89 | 9424 9000 | 0000 6690 

  0x0000024bf687f644: ;   {optimized virtual_call}
  0x0000024bf687f644: c5f8 77e8 

  0x0000024bf687f648: ; ImmutableOopMap {rbp=Oop [72]=Derived_oop_rbp [48]=Oop [64]=Oop [84]=NarrowOop [88]=Oop [96]=Oop [144]=Oop [56]=Derived_oop_[144] }
                      ;*invokevirtual newCapacity {reexecute=0 rethrow=0 return_oop=0}
                      ; - java.lang.AbstractStringBuilder::ensureCapacityInternal@24 (line 246)
                      ; - java.lang.AbstractStringBuilder::append@21 (line 590)
                      ; - java.lang.StringBuilder::append@2 (line 179)
                      ; - org.hl7.fhir.utilities.xhtml.XhtmlNode::allText@155 (line 399)
  0x0000024bf687f648: f455 3eff 

  0x0000024bf687f64c: ;   {other}
  0x0000024bf687f64c: 0f1f 8400 | 3c15 000a | 4c8b 5424 | 4045 0fbe | 5210 c462 | 29f7 c044 | 8b5c 2454 | 498b d348 
  0x0000024bf687f66c: c1e2 0390 

  0x0000024bf687f670: ;   {static_call}
  0x0000024bf687f670: c5f8 77e8 

  0x0000024bf687f674: ; ImmutableOopMap {rbp=Oop [72]=Derived_oop_rbp [48]=Oop [64]=Oop [88]=Oop [96]=Oop [144]=Oop [56]=Derived_oop_[144] }
                      ;*invokestatic copyOf {reexecute=0 rethrow=0 return_oop=1}
                      ; - java.lang.AbstractStringBuilder::ensureCapacityInternal@32 (line 245)
                      ; - java.lang.AbstractStringBuilder::append@21 (line 590)
                      ; - java.lang.StringBuilder::append@2 (line 179)
                      ; - org.hl7.fhir.utilities.xhtml.XhtmlNode::allText@155 (line 399)
  0x0000024bf687f674: a8b5 3eff 

  0x0000024bf687f678: ;   {other}
  0x0000024bf687f678: 0f1f 8400 | 6815 000b | 488b d841 | 807f 3800 | 0f85 b508 | 0000 488b | 6c24 404c | 8bdb 4d8b 
  0x0000024bf687f698: d349 c1ea | 0344 8955 | 144c 8bd5 | 4d8b c34d | 33c2 49c1 | e815 4d85 | c074 1f4d | 85db 741a 
  0x0000024bf687f6b8: 49c1 ea09 | 48b9 00e0 | 00fa 4b02 | 0000 4903 | ca80 3902 | 0f85 ad08 | 0000 440f | be4d 104c 
  0x0000024bf687f6d8: 8b5c 2460 | 410f be4b | 1044 8b55 | 0ce9 94f4 | ffff 478b | 4cd4 0c8b | 5c24 68d1 | e385 db0f 
  0x0000024bf687f6f8: 8cf1 0c00 | 0045 8bc1 | 458b da47 | 8d14 0945 | 85d2 0f8c | d30c 0000 | 428d 0c13 | 458b 4cfc 
  0x0000024bf687f718: 0c44 3bc9 | 0f82 c60c | 0000 4d8d | 14fc 498d | 7c1a 104f | 8d14 dc4b | 8d74 dc10 | 418b d08b 
  0x0000024bf687f738: caf7 c2f0 | ffff ff0f | 8484 0000 | 00f7 c200 | f0ff ff0f | 8454 0000 | 0083 e11f | 83e2 e074 
  0x0000024bf687f758: 1f48 8d34 | 1648 8d3c | 5748 f7da | 62f2 7d48 | 3004 1662 | f1ff 487f | 0457 4883 

  0x0000024bf687f774: ;   {no_reloc}
  0x0000024bf687f774: c220 75ec | f7c1 ffff | ffff 0f84 | b200 0000 | baff ffff | ffc4 e271 | f7d2 f7d2 | c5fb 92fa 
  0x0000024bf687f794: 62f2 7dcf | 3006 62f1 | ff4f 7f07 | e991 0000 | 0083 e10f | 83e2 f074 | 1c48 8d34 | 1648 8d3c 
  0x0000024bf687f7b4: 5748 f7da | c4e2 7d30 | 0416 c5fe | 7f04 5748 | 83c2 1075 | ef8b d183 | e107 83e2 | f874 27c4 
  0x0000024bf687f7d4: e279 3006 | c5fa 7f07 | 4883 c608 | 4883 c710 | e911 0000 | 00c4 e279 | 3004 16c5 | fa7f 0457 
  0x0000024bf687f7f4: 4883 c208 | 75ef 8bd1 | 83fa 047c | 19c5 f96e | 06c4 e279 | 30c0 c5f9 | d607 4883 | ea04 4883 
  0x0000024bf687f814: c604 4883 | c708 85d2 | 7418 488d | 3416 488d | 3c57 48f7 | da0f b60c | 1666 890c | 5748 ffc2 
  0x0000024bf687f834: 75f3 e943 | f1ff ff4c | 8b54 2428 | 458b 5a14 | 4585 db0f | 844e f0ff | ff4d 8b57 | 2849 8bcb 
  0x0000024bf687f854: 48c1 e103 | 4d85 d20f | 8437 0a00 | 004d 8b5f | 304b 894c | 13f8 4983 | c2f8 4d89 | 5728 e924 
  0x0000024bf687f874: ;   {no_reloc}
  0x0000024bf687f874: f0ff ff4d | 8b57 404d | 8b5f 48f0 | 8344 24c0 | 0080 3900 | 7432 4488 | 214d 85d2 | 740f 4b89 
  0x0000024bf687f894: 4c13 f849 | 83c2 f84d | 8957 40eb | 1b49 8bd7 | c5f8 7749 | bac0 3e7e | 71fd 7f00 | 0041 ffd2 
  0x0000024bf687f8b4: ;   {other}
  0x0000024bf687f8b4: 0f1f 8400 | 0000 0000 | 4c8b 5424 | 4045 8862 | 104c 8b54 | 2448 458b | 5220 4489 | 5424 3845 
  0x0000024bf687f8d4: 85d2 0f85 | 78ed ffff | baf6 ffff | ff66 6690 

  0x0000024bf687f8e4: ;   {runtime_call UncommonTrapBlob}
  0x0000024bf687f8e4: c5f8 77e8 

  0x0000024bf687f8e8: ; ImmutableOopMap {}
                      ;*invokevirtual iterator {reexecute=0 rethrow=0 return_oop=0}
                      ; - org.hl7.fhir.utilities.xhtml.XhtmlNode::allText@35 (line 388)
  0x0000024bf687f8e8: 1484 e2fe 

  0x0000024bf687f8ec: ;   {other}
  0x0000024bf687f8ec: 0f1f 8400 | dc17 000c | 4d8b 5740 | 4d8b 5f48 | f083 4424 | c000 4180 | 3800 0f84 | c9ef ffff 
  0x0000024bf687f90c: 4588 204d | 85d2 7523 | 498b c849 | 8bd7 c5f8 | 7749 bac0 | 3e7e 71fd | 7f00 0041 

  0x0000024bf687f928: ;   {other}
  0x0000024bf687f928: ffd2 0f1f | 8400 0000 | 0000 e99e | efff ff4f | 8944 13f8 | 4983 c2f8 | 4d89 5740 | e98c efff 
  0x0000024bf687f948: ff45 0fb6 | 4311 488b | d148 c1e2 | 0345 85c0 | 0f84 6e04 | 0000 4533 | c045 8bca | 488b 6c24 
  0x0000024bf687f968: 2844 8954 | 2434 6690 

  0x0000024bf687f970: ;   {static_call}
  0x0000024bf687f970: c5f8 77e8 

  0x0000024bf687f974: ; ImmutableOopMap {rbp=Oop [40]=Oop }
                      ;*invokestatic compress {reexecute=0 rethrow=0 return_oop=1}
                      ; - java.lang.String::<init>@59 (line 4844)
                      ; - java.lang.String::<init>@3 (line 1534)
                      ; - java.lang.StringBuilder::toString@5 (line 475)
                      ; - org.hl7.fhir.utilities.xhtml.XhtmlNode::allText@329 (line 412)
  0x0000024bf687f974: 08ff e1fe 

  0x0000024bf687f978: ;   {other}
  0x0000024bf687f978: 0f1f 8400 | 6818 000d | 488b d841 | 807f 3800 | 0f85 da07 | 0000 4c8b | c34d 8bd0 | 49c1 ea03 
  0x0000024bf687f998: 4c8b dd45 | 8953 144d | 8bd3 4d8b | d84d 33da | 49c1 eb15 | 4d85 db0f | 8493 0700 | 004d 85c0 
  0x0000024bf687f9b8: 0f84 9307 | 0000 49c1 | ea09 4c8b | 5c24 204d | 03da 4d8b | d341 803b | 020f 85c8 | 0700 0045 
  0x0000024bf687f9d8: 8b58 0c44 | 8b54 2434 | 452b d341 | c1ea 1f4c | 8bdd 4588 | 5310 e9e2 | eeff ff4c | 63c5 4d8d 
  0x0000024bf687f9f8: 5010 498b | ca48 83e1 | f848 8bfb | 4803 f949 | c1ea 034d | 2bda 498b | cb48 33c0 | 4883 f908 
  0x0000024bf687fa18: 7f10 48ff | c978 5648 | 8904 cf48 | ffc9 7df7 | eb4b c5fd | efc0 e90d | 0000 00c5 | fe7f 07c5 
  0x0000024bf687fa38: fe7f 4720 | 4883 c740 | 4883 e908 | 7ded 4883 | c104 7c0c | c5fe 7f07 | 4883 c720 | 4883 e904 
  0x0000024bf687fa58: 4883 c104 | 7e17 48c7 | c0ff ffff | ffc4 e2f0 | f5c0 c4e1 | fb92 f862 | f1fe 2f7f 

  0x0000024bf687fa74: ;   {no_reloc}
  0x0000024bf687fa74: 0749 83f8 | 2077 284c | 63d5 49bb | ffff ffff | ffff ffff | c442 a8f5 | dbc4 c1fb | 92fb 62d1 
  0x0000024bf687fa94: 7faf 6f01 | 62f1 7f2f | 7f02 e9ed | edff ff49 | 8bc9 c5f8 | 7749 ba40 | fa67 f54b | 0200 0041 
  0x0000024bf687fab4: ;   {other}
  0x0000024bf687fab4: ffd2 0f1f | 8400 0000 | 0000 e9cd | edff ff45 | 8bd3 478b | 5cd4 0c8b | 5c24 54d1 | e385 db0f 
  0x0000024bf687fad4: 8c8f 0900 | 0047 8d0c | 1b45 85c9 | 0f8c 8209 | 0000 458b | 44cc 0c42 | 8d3c 0b44 | 3bc7 0f82 
  0x0000024bf687faf4: 7009 0000 | 4d8d 04cc | 498d 7c18 | 1045 8bc2 | 49c1 e203 | 4b8d 74c4 | 1041 8bd3 | 8bca f7c2 
  0x0000024bf687fb14: f0ff ffff | 0f84 8400 | 0000 f7c2 | 00f0 ffff | 0f84 5400 | 0000 83e1 | 1f83 e2e0 | 741f 488d 
  0x0000024bf687fb34: 3416 488d | 3c57 48f7 | da62 f27d | 4830 0416 | 62f1 ff48 | 7f04 5748 | 83c2 2075 | ecf7 c1ff 
  0x0000024bf687fb54: ffff ff0f | 84b2 0000 | 00ba ffff | ffff c4e2 | 71f7 d2f7 | d2c5 fb92 | fa62 f27d | cf30 0662 
  0x0000024bf687fb74: f1ff 4f7f | 07e9 9100 | 0000 83e1 | 0f83 e2f0 | 741c 488d | 3416 488d | 3c57 48f7 | dac4 e27d 
  0x0000024bf687fb94: 3004 16c5 | fe7f 0457 | 4883 c210 | 75ef 8bd1 | 83e1 0783 | e2f8 7427 | c4e2 7930 | 06c5 fa7f 
  0x0000024bf687fbb4: ;   {no_reloc}
  0x0000024bf687fbb4: 0748 83c6 | 0848 83c7 | 10e9 1100 | 0000 c4e2 | 7930 0416 | c5fa 7f04 | 5748 83c2 | 0875 ef8b 
  0x0000024bf687fbd4: d183 fa04 | 7c19 c5f9 | 6e06 c4e2 | 7930 c0c5 | f9d6 0748 | 83ea 0448 | 83c6 0448 | 83c7 0885 
  0x0000024bf687fbf4: d274 1848 | 8d34 1648 | 8d3c 5748 | f7da 0fb6 | 0c16 6689 | 0c57 48ff | c275 f3e9 | 18f0 ffff 
  0x0000024bf687fc14: 488b 5424 

  0x0000024bf687fc18: ;   {oop([B{0x0000000747254788})}
  0x0000024bf687fc18: 4048 bd88 | 4725 4707 

  0x0000024bf687fc20: ;   {oop([B{0x0000000747254a28})}
  0x0000024bf687fc20: 0000 0049 | ba28 4a25 | 4707 0000 | 004c 8994 | 2490 0000 | 0066 6690 

  0x0000024bf687fc38: ;   {optimized virtual_call}
  0x0000024bf687fc38: c5f8 77e8 

  0x0000024bf687fc3c: ; ImmutableOopMap {rbp=Oop [72]=Derived_oop_rbp [48]=Oop [64]=Oop [84]=NarrowOop [88]=Oop [112]=Oop [144]=Oop [56]=Derived_oop_[144] }
                      ;*invokevirtual inflate {reexecute=0 rethrow=0 return_oop=0}
                      ; - java.lang.AbstractStringBuilder::inflateIfNeededFor@18 (line 1751)
                      ; - java.lang.AbstractStringBuilder::putStringAt@2 (line 1767)
                      ; - java.lang.AbstractStringBuilder::append@30 (line 591)
                      ; - java.lang.StringBuilder::append@2 (line 179)
                      ; - org.hl7.fhir.utilities.xhtml.XhtmlNode::allText@117 (line 394)
  0x0000024bf687fc3c: 804b e8ff 

  0x0000024bf687fc40: ;   {other}
  0x0000024bf687fc40: 0f1f 8400 | 301b 000e | 4c8b 5c24 | 4045 0fbe | 4b10 e94c | f8ff ff4c | 8b54 2440 | 458b 5a14 
  0x0000024bf687fc60: 4585 db74 | 2a4d 8b57 | 2849 8bcb | 48c1 e103 | 4d85 d20f | 842a 0700 | 004d 8b5f | 304b 894c 
  0x0000024bf687fc80: 13f8 4983 | c2f8 4d89 | 5728 4c8b | 5424 404c | 8954 2440 | e911 f9ff | ff4d 8b57 | 484d 8b5f 
  0x0000024bf687fca0: 40f0 8344 | 24c0 0080 | 3900 0f84 | 3bf9 ffff | 4488 214d | 85db 7520 | 498b d7c5 | f877 49ba 
  0x0000024bf687fcc0: c03e 7e71 | fd7f 0000 

  0x0000024bf687fcc8: ;   {other}
  0x0000024bf687fcc8: 41ff d20f | 1f84 0000 | 0000 00e9 | 13f9 ffff | 4b89 4c1a | f849 83c3 | f84d 895f | 40e9 01f9 
  0x0000024bf687fce8: ffff 488b | 5424 4090 

  0x0000024bf687fcf0: ;   {optimized virtual_call}
  0x0000024bf687fcf0: c5f8 77e8 

  0x0000024bf687fcf4: ; ImmutableOopMap {rbp=Oop [72]=Derived_oop_rbp [48]=Oop [64]=Oop [88]=Oop [104]=Oop [56]=Derived_oop_[104] }
                      ;*invokevirtual appendNull {reexecute=0 rethrow=0 return_oop=1}
                      ; - java.lang.AbstractStringBuilder::append@5 (line 587)
                      ; - java.lang.StringBuilder::append@2 (line 179)
                      ; - org.hl7.fhir.utilities.xhtml.XhtmlNode::allText@155 (line 399)
  0x0000024bf687fcf4: 88f1 e1fe 

  0x0000024bf687fcf8: ;   {other}
  0x0000024bf687fcf8: 0f1f 8400 | e81b 000f | e9e3 efff 

  0x0000024bf687fd04: ;   {metadata('java/lang/StringBuilder')}
  0x0000024bf687fd04: ff48 bab0 | 7c00 854b | 0200 0048 | 8b6c 2448 

  0x0000024bf687fd14: ;   {runtime_call _new_instance_Java}
  0x0000024bf687fd14: c5f8 77e8 

  0x0000024bf687fd18: ; ImmutableOopMap {rbp=Oop [56]=NarrowOop [72]=Oop }
                      ;*new {reexecute=0 rethrow=0 return_oop=1}
                      ; - org.hl7.fhir.utilities.xhtml.XhtmlNode::allText@23 (line 387)
  0x0000024bf687fd18: 64e8 f0fe 

  0x0000024bf687fd1c: ;   {other}
  0x0000024bf687fd1c: 0f1f 8400 | 0c1c 0010 | e980 e8ff | ff41 b810 

  0x0000024bf687fd2c: ;   {metadata({type array byte})}
  0x0000024bf687fd2c: 0000 0048 | bac0 2200 | 854b 0200 | 0048 8b6c | 2448 4c8b | 5424 404c | 8954 2428 | 4c89 5424 
  0x0000024bf687fd4c: 3066 6690 

  0x0000024bf687fd50: ;   {runtime_call _new_array_Java}
  0x0000024bf687fd50: c5f8 77e8 

  0x0000024bf687fd54: ; ImmutableOopMap {rbp=Oop [40]=Oop [48]=Oop [56]=NarrowOop [64]=Oop [72]=Oop }
                      ;*newarray {reexecute=0 rethrow=0 return_oop=1}
                      ; - java.lang.AbstractStringBuilder::<init>@12 (line 101)
                      ; - java.lang.StringBuilder::<init>@3 (line 106)
                      ; - org.hl7.fhir.utilities.xhtml.XhtmlNode::allText@27 (line 387)
  0x0000024bf687fd54: 28e5 f0fe 

  0x0000024bf687fd58: ;   {other}
  0x0000024bf687fd58: 0f1f 8400 | 481c 0011 | e9b1 e8ff 

  0x0000024bf687fd64: ;   {metadata('java/lang/String')}
  0x0000024bf687fd64: ff48 ba60 | e400 854b | 0200 0090 

  0x0000024bf687fd70: ;   {runtime_call _new_instance_Java}
  0x0000024bf687fd70: c5f8 77e8 

  0x0000024bf687fd74: ; ImmutableOopMap {[64]=Oop }
                      ;*new {reexecute=0 rethrow=0 return_oop=1}
                      ; - java.lang.StringBuilder::toString@0 (line 475)
                      ; - org.hl7.fhir.utilities.xhtml.XhtmlNode::allText@329 (line 412)
  0x0000024bf687fd74: 08e8 f0fe 

  0x0000024bf687fd78: ;   {other}
  0x0000024bf687fd78: 0f1f 8400 | 681c 0012 | 4c8b d8e9 | 55e9 ffff | 41b8 0d00 

  0x0000024bf687fd8c: ;   {metadata('java/lang/String'[])}
  0x0000024bf687fd8c: 0000 48ba | 00e8 0085 | 4b02 0000 

  0x0000024bf687fd98: ;   {oop([B{0x0000000747254788})}
  0x0000024bf687fd98: 48bd 8847 | 2547 0700 

  0x0000024bf687fda0: ;   {oop([B{0x0000000747254a28})}
  0x0000024bf687fda0: 0000 49ba | 284a 2547 | 0700 0000 | 4c89 5424 | 6066 6690 

  0x0000024bf687fdb4: ;   {runtime_call _new_array_Java}
  0x0000024bf687fdb4: c5f8 77e8 

  0x0000024bf687fdb8: ; ImmutableOopMap {rbp=Oop [72]=Derived_oop_rbp [48]=Oop [64]=Oop [84]=NarrowOop [88]=Oop [96]=Oop [56]=Derived_oop_[96] }
                      ;*anewarray {reexecute=0 rethrow=0 return_oop=1}
                      ; - org.hl7.fhir.utilities.xhtml.XhtmlNode::allText@201 (line 405)
  0x0000024bf687fdb8: c4e4 f0fe 

  0x0000024bf687fdbc: ;   {other}
  0x0000024bf687fdbc: 0f1f 8400 | ac1c 0013 | 4c8b c0e9 | 87ef ffff | 4c8b 5c24 | 2841 c643 | 1001 41d1 | e245 33c0 
  0x0000024bf687fddc: 458b ca49 | 8beb 6690 

  0x0000024bf687fde4: ;   {static_call}
  0x0000024bf687fde4: c5f8 77e8 

  0x0000024bf687fde8: ; ImmutableOopMap {rbp=Oop [40]=Oop }
                      ;*invokestatic copyOfRange {reexecute=0 rethrow=0 return_oop=1}
                      ; - java.lang.String::<init>@91 (line 4849)
                      ; - java.lang.String::<init>@3 (line 1534)
                      ; - java.lang.StringBuilder::toString@5 (line 475)
                      ; - org.hl7.fhir.utilities.xhtml.XhtmlNode::allText@329 (line 412)
  0x0000024bf687fde8: d4c8 3aff 

  0x0000024bf687fdec: ;   {other}
  0x0000024bf687fdec: 0f1f 8400 | dc1c 0014 | 488b d841 | 807f 3800 | 0f85 6a05 | 0000 4c8b | c34d 8bd0 | 49c1 ea03 
  0x0000024bf687fe0c: 4c8b dd45 | 8953 144d | 8bd3 4d8b | d84d 33da | 49c1 eb15 | 4d85 db0f | 84ac eaff | ff4d 85c0 
  0x0000024bf687fe2c: 0f84 a3ea | ffff 49c1 | ea09 4c8b | 5c24 204d | 03da 4d8b | d341 803b | 020f 848a | eaff ff4d 
  0x0000024bf687fe4c: 8b5f 484d | 8b47 40f0 | 8344 24c0 | 0041 803a | 000f 8472 | eaff ff45 | 8822 4d85 | c075 2349 
  0x0000024bf687fe6c: 8bca 498b | d7c5 f877 | 49ba c03e | 7e71 fd7f | 0000 41ff 

  0x0000024bf687fe80: ;   {other}
  0x0000024bf687fe80: d20f 1f84 | 0000 0000 | 00e9 47ea | ffff 4f89 | 5403 f849 | 83c0 f84d | 8947 40e9 | 35ea ffff 
  0x0000024bf687fea0: 4889 7c24 | 484c 895c | 2440 4c89 | 4c24 3844 | 8954 2430 

  0x0000024bf687feb4: ;   {metadata({type array byte})}
  0x0000024bf687feb4: 48ba c022 | 0085 4b02 | 0000 458b | c266 6690 

  0x0000024bf687fec4: ;   {runtime_call _new_array_nozero_Java}
  0x0000024bf687fec4: c5f8 77e8 

  0x0000024bf687fec8: ; ImmutableOopMap {[40]=Oop [88]=Oop [56]=Derived_oop_[88] }
                      ;*newarray {reexecute=0 rethrow=0 return_oop=1}
                      ; - java.util.Arrays::copyOfRange@59 (line 3852)
                      ; - java.lang.String::<init>@32 (line 4840)
                      ; - java.lang.String::<init>@3 (line 1534)
                      ; - java.lang.StringBuilder::toString@5 (line 475)
                      ; - org.hl7.fhir.utilities.xhtml.XhtmlNode::allText@329 (line 412)
  0x0000024bf687fec8: 34e0 f0fe 

  0x0000024bf687fecc: ;   {other}
  0x0000024bf687fecc: 0f1f 8400 | bc1d 0015 | 448b 4424 | 304c 8b4c | 2438 4c8b | 5c24 4048 | 8b7c 2448 | 488b d845 
  0x0000024bf687feec: 8bd0 e95b | e9ff ff44 | 8954 2454 | 4c89 5c24 | 6048 896c | 2440 488b 

  0x0000024bf687ff04: ;   {oop([B{0x0000000747254788})}
  0x0000024bf687ff04: d548 bd88 | 4725 4707 

  0x0000024bf687ff0c: ;   {oop([B{0x0000000747254a28})}
  0x0000024bf687ff0c: 0000 0049 | ba28 4a25 | 4707 0000 | 004c 8994 | 2488 0000 | 0066 6690 

  0x0000024bf687ff24: ;   {optimized virtual_call}
  0x0000024bf687ff24: c5f8 77e8 

  0x0000024bf687ff28: ; ImmutableOopMap {rbp=Oop [72]=Derived_oop_rbp [48]=Oop [64]=Oop [88]=Oop [96]=Oop [136]=Oop [56]=Derived_oop_[136] }
                      ;*invokevirtual inflate {reexecute=0 rethrow=0 return_oop=0}
                      ; - java.lang.AbstractStringBuilder::inflateIfNeededFor@18 (line 1751)
                      ; - java.lang.AbstractStringBuilder::putStringAt@2 (line 1767)
                      ; - java.lang.AbstractStringBuilder::append@30 (line 591)
                      ; - java.lang.StringBuilder::append@2 (line 179)
                      ; - org.hl7.fhir.utilities.xhtml.XhtmlNode::allText@155 (line 399)
  0x0000024bf687ff28: 9448 e8ff 

  0x0000024bf687ff2c: ;   {other}
  0x0000024bf687ff2c: 0f1f 8400 | 1c1e 0016 | 488b 6c24 | 4044 0fbe | 4d10 e94e | ecff ff48 | 8b6c 2440 | 448b 5d14 
  0x0000024bf687ff4c: 4585 db0f | 843e f7ff | ff4d 8b57 | 2849 8bcb | 48c1 e103 | 4d85 d20f | 845a 0400 | 004d 8b5f 
  0x0000024bf687ff6c: 304b 894c | 13f8 4983 | c2f8 4d89 | 5728 e914 | f7ff ff4d | 8b57 484d | 8b5f 40f0 | 8344 24c0 
  0x0000024bf687ff8c: 0080 3900 | 0f84 3cf7 | ffff 4488 | 214d 85db | 7520 498b | d7c5 f877 | 49ba c03e | 7e71 fd7f 
  0x0000024bf687ffac: 0000 41ff 

  0x0000024bf687ffb0: ;   {other}
  0x0000024bf687ffb0: d20f 1f84 | 0000 0000 | 00e9 14f7 | ffff 4b89 | 4c1a f849 | 83c3 f84d | 895f 40e9 | 02f7 ffff 
  0x0000024bf687ffd0: 4889 7c24 | 404c 894c | 2438 894c | 2430 488b 

  0x0000024bf687ffe0: ;   {metadata({type array byte})}
  0x0000024bf687ffe0: 6c24 2048 | bac0 2200 | 854b 0200 | 0045 8bc3 

  0x0000024bf687fff0: ;   {runtime_call _new_array_nozero_Java}
  0x0000024bf687fff0: c5f8 77e8 

  0x0000024bf687fff4: ; ImmutableOopMap {[40]=Oop [48]=NarrowOop [88]=Oop [56]=Derived_oop_[88] }
                      ;*invokevirtual clone {reexecute=1 rethrow=0 return_oop=1}
                      ; - (reexecute) java.util.Arrays::copyOfRange@11 (line 3846)
                      ; - java.lang.String::<init>@32 (line 4840)
                      ; - java.lang.String::<init>@3 (line 1534)
                      ; - java.lang.StringBuilder::toString@5 (line 475)
                      ; - org.hl7.fhir.utilities.xhtml.XhtmlNode::allText@329 (line 412)
  0x0000024bf687fff4: 08df f0fe 

  0x0000024bf687fff8: ;   {other}
  0x0000024bf687fff8: 0f1f 8400 | e81e 0017 | 4889 6c24 | 204c 8b4c | 2438 488b | 7c24 4048 | 8bd8 e96f | e7ff ffba 
  0x0000024bf6880018: e4ff ffff | 4489 4424 | 2044 8954 | 2424 4489 | 4c24 284c | 895c 2430 | 894c 242c 

  0x0000024bf6880034: ;   {runtime_call UncommonTrapBlob}
  0x0000024bf6880034: c5f8 77e8 

  0x0000024bf6880038: ; ImmutableOopMap {[44]=NarrowOop [48]=Oop [64]=Oop }
                      ;*aaload {reexecute=0 rethrow=0 return_oop=0}
                      ; - java.util.ArrayList$Itr::next@64 (line 1058)
                      ; - org.hl7.fhir.utilities.xhtml.XhtmlNode::allText@49 (line 388)
  0x0000024bf6880038: c47c e2fe 

  0x0000024bf688003c: ;   {other}
  0x0000024bf688003c: 0f1f 8400 | 2c1f 0018 | bacc ffff | ff44 8b4c | 2450 4489 | 4c24 2044 | 8b5c 242c | 4489 5c24 
  0x0000024bf688005c: 244c 8b5c | 2440 4c89 | 5c24 384c | 8b5c 2458 | 4c89 5c24 | 4844 8954 | 2458 897c | 245c 4489 
  0x0000024bf688007c: 4424 6090 

  0x0000024bf6880080: ;   {runtime_call UncommonTrapBlob}
  0x0000024bf6880080: c5f8 77e8 

  0x0000024bf6880084: ; ImmutableOopMap {[48]=Oop [56]=Oop [72]=Oop [88]=NarrowOop [92]=NarrowOop }
                      ;*invokestatic arraycopy {reexecute=0 rethrow=0 return_oop=0}
                      ; - java.lang.String::getBytes@22 (line 4774)
                      ; - java.lang.AbstractStringBuilder::putStringAt@15 (line 1768)
                      ; - java.lang.AbstractStringBuilder::append@30 (line 591)
                      ; - java.lang.StringBuilder::append@2 (line 179)
                      ; - org.hl7.fhir.utilities.xhtml.XhtmlNode::allText@117 (line 394)
  0x0000024bf6880084: 787c e2fe 

  0x0000024bf6880088: ;   {other}
  0x0000024bf6880088: 0f1f 8400 | 781f 0019 | ba45 ffff | ff8b e944 | 8954 2424 | 895c 2428 | 4489 4c24 | 2c4c 895c 
  0x0000024bf68800a8: 2430 6690 

  0x0000024bf68800ac: ;   {runtime_call UncommonTrapBlob}
  0x0000024bf68800ac: c5f8 77e8 

  0x0000024bf68800b0: ; ImmutableOopMap {[48]=Oop [64]=Oop }
                      ;*if_icmpeq {reexecute=1 rethrow=0 return_oop=0}
                      ; - (reexecute) java.util.ArrayList$Itr::checkForComodification@11 (line 1095)
                      ; - java.util.ArrayList$Itr::next@1 (line 1050)
                      ; - org.hl7.fhir.utilities.xhtml.XhtmlNode::allText@49 (line 388)
  0x0000024bf68800b0: 4c7c e2fe 

  0x0000024bf68800b4: ;   {other}
  0x0000024bf68800b4: 0f1f 8400 | a41f 001a | ba45 ffff | ff44 8954 | 2424 4489 | 5424 2889 | 5c24 2c44 | 894c 2430 
  0x0000024bf68800d4: 4c89 5c24 | 3866 6690 

  0x0000024bf68800dc: ;   {runtime_call UncommonTrapBlob}
  0x0000024bf68800dc: c5f8 77e8 

  0x0000024bf68800e0: ; ImmutableOopMap {[56]=Oop [64]=Oop }
                      ;*if_icmplt {reexecute=1 rethrow=0 return_oop=0}
                      ; - (reexecute) java.util.ArrayList$Itr::next@17 (line 1052)
                      ; - org.hl7.fhir.utilities.xhtml.XhtmlNode::allText@49 (line 388)
  0x0000024bf68800e0: 1c7c e2fe 

  0x0000024bf68800e4: ;   {other}
  0x0000024bf68800e4: 0f1f 8400 | d41f 001b | ba45 ffff | ff44 8954 | 2420 895c | 2424 4489 | 4c24 284c | 895c 2430 
  0x0000024bf6880104: 897c 242c 

  0x0000024bf6880108: ;   {runtime_call UncommonTrapBlob}
  0x0000024bf6880108: c5f8 77e8 

  0x0000024bf688010c: ; ImmutableOopMap {[48]=Oop [64]=Oop }
                      ;*if_icmplt {reexecute=1 rethrow=0 return_oop=0}
                      ; - (reexecute) java.util.ArrayList$Itr::next@39 (line 1055)
                      ; - org.hl7.fhir.utilities.xhtml.XhtmlNode::allText@49 (line 388)
  0x0000024bf688010c: f07b e2fe 

  0x0000024bf6880110: ;   {other}
  0x0000024bf6880110: 0f1f 8400 | 0020 001c | bade ffff | ff66 6690 

  0x0000024bf6880120: ;   {runtime_call UncommonTrapBlob}
  0x0000024bf6880120: c5f8 77e8 

  0x0000024bf6880124: ; ImmutableOopMap {rbp=NarrowOop [72]=Oop }
                      ;*invokeinterface isEmpty {reexecute=0 rethrow=0 return_oop=0}
                      ; - org.hl7.fhir.utilities.xhtml.XhtmlNodeList::isEmpty@4 (line 95)
                      ; - org.hl7.fhir.utilities.xhtml.XhtmlNode::hasChildren@11 (line 148)
                      ; - org.hl7.fhir.utilities.xhtml.XhtmlNode::allText@1 (line 379)
  0x0000024bf6880124: d87b e2fe 

  0x0000024bf6880128: ;   {other}
  0x0000024bf6880128: 0f1f 8400 | 1820 001d | bade ffff | ff66 6690 

  0x0000024bf6880138: ;   {runtime_call UncommonTrapBlob}
  0x0000024bf6880138: c5f8 77e8 

  0x0000024bf688013c: ; ImmutableOopMap {rbp=NarrowOop [64]=Oop }
                      ;*invokeinterface iterator {reexecute=0 rethrow=0 return_oop=0}
                      ; - org.hl7.fhir.utilities.xhtml.XhtmlNodeList::iterator@4 (line 105)
                      ; - org.hl7.fhir.utilities.xhtml.XhtmlNode::allText@35 (line 388)
  0x0000024bf688013c: c07b e2fe 

  0x0000024bf6880140: ;   {other}
  0x0000024bf6880140: 0f1f 8400 | 3020 001e | 4d85 c00f | 8586 f8ff | ffba f6ff | ffff 6690 

  0x0000024bf6880158: ;   {runtime_call UncommonTrapBlob}
  0x0000024bf6880158: c5f8 77e8 

  0x0000024bf688015c: ; ImmutableOopMap {}
                      ;*arraylength {reexecute=0 rethrow=0 return_oop=0}
                      ; - java.lang.StringUTF16::coderFromArrayLen@2 (line 185)
                      ; - java.lang.String::<init>@72 (line 4845)
                      ; - java.lang.String::<init>@3 (line 1534)
                      ; - java.lang.StringBuilder::toString@5 (line 475)
                      ; - org.hl7.fhir.utilities.xhtml.XhtmlNode::allText@329 (line 412)
  0x0000024bf688015c: a07b e2fe 

  0x0000024bf6880160: ;   {other}
  0x0000024bf6880160: 0f1f 8400 | 5020 001f | 448b 5d14 | 4585 db0f | 8419 f8ff | ff4d 8b57 | 2849 8bcb | 48c1 e103 
  0x0000024bf6880180: 4d85 d20f | 84bf 0200 | 004d 8b5f | 304b 894c | 13f8 4983 | c2f8 4d89 | 5728 e9ef | f7ff ff4d 
  0x0000024bf68801a0: 8b5f 484d | 8b47 40f0 | 8344 24c0 | 0041 803a | 0074 3545 | 8822 4d85 | c074 0f4f | 8954 03f8 
  0x0000024bf68801c0: 4983 c0f8 | 4d89 4740 | eb1e 498b | ca49 8bd7 | c5f8 7749 | bac0 3e7e | 71fd 7f00 | 0041 ffd2 
  0x0000024bf68801e0: ;   {other}
  0x0000024bf68801e0: 0f1f 8400 | 0000 0000 | 448b 5d14 | 4585 db0f | 845c ffff | ff4d 8bc3 | 49c1 e003 | e9d6 f7ff 
  0x0000024bf6880200: ff49 83c3 | fe49 8bcb | 488b fa48 | 33c0 4883 | f908 7f10 | 48ff c978 | 5648 8904 | cf48 ffc9 
  0x0000024bf6880220: 7df7 eb4b | c5fd efc0 | e90d 0000 | 00c5 fe7f | 07c5 fe7f | 4720 4883 | c740 4883 | e908 7ded 
  0x0000024bf6880240: 4883 c104 | 7c0c c5fe | 7f07 4883 | c720 4883 | e904 4883 | c104 7e17 | 48c7 c0ff | ffff ffc4 
  0x0000024bf6880260: e2f0 f5c0 | c4e1 fb92 | f862 f1fe | 2f7f 07e9 | 1ce6 ffff | bacc ffff | ff48 8b6c | 2428 894c 
  0x0000024bf6880280: 2428 4489 | 5424 3090 

  0x0000024bf6880288: ;   {runtime_call UncommonTrapBlob}
  0x0000024bf6880288: c5f8 77e8 

  0x0000024bf688028c: ; ImmutableOopMap {rbp=Oop [40]=NarrowOop }
                      ;*newarray {reexecute=1 rethrow=0 return_oop=0}
                      ; - (reexecute) java.util.Arrays::copyOfRange@59 (line 3852)
                      ; - java.lang.String::<init>@32 (line 4840)
                      ; - java.lang.String::<init>@3 (line 1534)
                      ; - java.lang.StringBuilder::toString@5 (line 475)
                      ; - org.hl7.fhir.utilities.xhtml.XhtmlNode::allText@329 (line 412)
  0x0000024bf688028c: 707a e2fe 

  0x0000024bf6880290: ;   {other}
  0x0000024bf6880290: 0f1f 8400 | 8021 0020 | 498b d7c5 | f877 49ba | e03e 7e71 | fd7f 0000 

  0x0000024bf68802a8: ;   {other}
  0x0000024bf68802a8: 41ff d20f | 1f84 0000 | 0000 00e9 | e3e5 ffff | bacc ffff | ff44 8b54 | 2450 4489 | 5424 2044 
  0x0000024bf68802c8: 8b4c 242c | 4489 4c24 | 244c 8b54 | 2440 4c89 | 5424 384c | 8b54 2458 | 4c89 5424 | 4844 895c 
  0x0000024bf68802e8: 2458 894c | 245c 4489 | 4424 6090 

  0x0000024bf68802f4: ;   {runtime_call UncommonTrapBlob}
  0x0000024bf68802f4: c5f8 77e8 

  0x0000024bf68802f8: ; ImmutableOopMap {[48]=Oop [56]=Oop [72]=Oop [88]=NarrowOop [92]=NarrowOop }
                      ;*invokestatic arraycopy {reexecute=0 rethrow=0 return_oop=0}
                      ; - java.lang.String::getBytes@22 (line 4774)
                      ; - java.lang.AbstractStringBuilder::putStringAt@15 (line 1768)
                      ; - java.lang.AbstractStringBuilder::append@30 (line 591)
                      ; - java.lang.StringBuilder::append@2 (line 179)
                      ; - org.hl7.fhir.utilities.xhtml.XhtmlNode::allText@155 (line 399)
  0x0000024bf68802f8: 047a e2fe 

  0x0000024bf68802fc: ;   {other}
  0x0000024bf68802fc: 0f1f 8400 | ec21 0021 | ba45 ffff | ff48 8b6c | 2428 4489 | 5424 2c90 

  0x0000024bf6880314: ;   {runtime_call UncommonTrapBlob}
  0x0000024bf6880314: c5f8 77e8 

  0x0000024bf6880318: ; ImmutableOopMap {rbp=Oop }
                      ;*ifge {reexecute=1 rethrow=0 return_oop=0}
                      ; - (reexecute) java.util.Arrays::copyOfRange@23 (line 3849)
                      ; - java.lang.String::<init>@32 (line 4840)
                      ; - java.lang.String::<init>@3 (line 1534)
                      ; - java.lang.StringBuilder::toString@5 (line 475)
                      ; - org.hl7.fhir.utilities.xhtml.XhtmlNode::allText@329 (line 412)
  0x0000024bf6880318: e479 e2fe 

  0x0000024bf688031c: ;   {other}
  0x0000024bf688031c: 0f1f 8400 | 0c22 0022 | ba45 ffff | ff8b 6c24 | 5044 8b54 | 242c 4489 | 5424 2044 | 8b5c 2428 
  0x0000024bf688033c: 4489 5c24 | 244c 8b54 | 2430 4c89 | 5424 284c | 8b54 2440 | 4c89 5424 | 3089 4424 | 4066 6690 
  0x0000024bf688035c: ;   {runtime_call UncommonTrapBlob}
  0x0000024bf688035c: c5f8 77e8 

  0x0000024bf6880360: ; ImmutableOopMap {[40]=Oop [48]=Oop [88]=Oop }
                      ;*ifeq {reexecute=1 rethrow=0 return_oop=0}
                      ; - (reexecute) org.hl7.fhir.utilities.xhtml.XhtmlNode::allText@169 (line 400)
  0x0000024bf6880360: 9c79 e2fe 

  0x0000024bf6880364: ;   {other}
  0x0000024bf6880364: 0f1f 8400 | 5422 0023 | 448b 5d14 | 4585 db0f | 8489 faff | ff4d 8b57 | 2849 8bcb | 48c1 e103 
  0x0000024bf6880384: 4d85 d20f | 8437 0100 | 004d 8b5f | 304b 894c | 13f8 4983 | c2f8 4d89 | 5728 e95f | faff ff49 
  0x0000024bf68803a4: 8bd7 c5f8 | 7749 bae0 | 3e7e 71fd | 7f00 0041 

  0x0000024bf68803b4: ;   {other}
  0x0000024bf68803b4: ffd2 0f1f | 8400 0000 | 0000 e9c7 | f8ff ff49 | 8bd7 c5f8 | 7749 bae0 | 3e7e 71fd | 7f00 0041 
  0x0000024bf68803d4: ;   {other}
  0x0000024bf68803d4: ffd2 0f1f | 8400 0000 | 0000 e9b0 | f2ff ff45 | 8bd3 eb06 | 458b d345 | 8bc8 bace | ffff ff8b 
  0x0000024bf68803f4: 6c24 5044 | 8b5c 242c | 4489 5c24 | 2044 8b44 | 2428 4489 | 4424 244c | 8b5c 2430 | 4c89 5c24 
  0x0000024bf6880414: 284c 8b5c | 2440 4c89 | 5c24 304c | 8b5c 2458 | 4c89 5c24 | 3844 8954 | 2454 897c | 2458 4489 
  0x0000024bf6880434: 4c24 6090 

  0x0000024bf6880438: ;   {runtime_call UncommonTrapBlob}
  0x0000024bf6880438: c5f8 77e8 

  0x0000024bf688043c: ; ImmutableOopMap {[40]=Oop [48]=Oop [56]=Oop [84]=NarrowOop [88]=NarrowOop }
                      ;*invokestatic inflate {reexecute=0 rethrow=0 return_oop=0}
                      ; - java.lang.String::getBytes@40 (line 4776)
                      ; - java.lang.AbstractStringBuilder::putStringAt@15 (line 1768)
                      ; - java.lang.AbstractStringBuilder::append@30 (line 591)
                      ; - java.lang.StringBuilder::append@2 (line 179)
                      ; - org.hl7.fhir.utilities.xhtml.XhtmlNode::allText@117 (line 394)
  0x0000024bf688043c: c078 e2fe 

  0x0000024bf6880440: ;   {other}
  0x0000024bf6880440: 0f1f 8400 | 3023 0024 | 498b d7c5 | f877 49ba | e03e 7e71 | fd7f 0000 

  0x0000024bf6880458: ;   {other}
  0x0000024bf6880458: 41ff d20f | 1f84 0000 | 0000 00e9 | 26f5 ffff | bace ffff | ff8b 6c24 | 5044 8b44 | 242c 4489 
  0x0000024bf6880478: 4424 2044 | 8b4c 2428 | 4489 4c24 | 244c 8b44 | 2430 4c89 | 4424 284c | 8b44 2440 | 4c89 4424 
  0x0000024bf6880498: 304c 8b44 | 2458 4c89 | 4424 3844 | 8954 2458 | 894c 245c | 4489 5c24 | 6066 6690 

  0x0000024bf68804b4: ;   {runtime_call UncommonTrapBlob}
  0x0000024bf68804b4: c5f8 77e8 

  0x0000024bf68804b8: ; ImmutableOopMap {[40]=Oop [48]=Oop [56]=Oop [88]=NarrowOop [92]=NarrowOop }
                      ;*invokestatic inflate {reexecute=0 rethrow=0 return_oop=0}
                      ; - java.lang.String::getBytes@40 (line 4776)
                      ; - java.lang.AbstractStringBuilder::putStringAt@15 (line 1768)
                      ; - java.lang.AbstractStringBuilder::append@30 (line 591)
                      ; - java.lang.StringBuilder::append@2 (line 179)
                      ; - org.hl7.fhir.utilities.xhtml.XhtmlNode::allText@155 (line 399)
  0x0000024bf68804b8: 4478 e2fe 

  0x0000024bf68804bc: ;   {other}
  0x0000024bf68804bc: 0f1f 8400 | ac23 0025 | 498b d7c5 | f877 49ba | e03e 7e71 | fd7f 0000 

  0x0000024bf68804d4: ;   {other}
  0x0000024bf68804d4: 41ff d20f | 1f84 0000 | 0000 00e9 | 1ef9 ffff | bade ffff | ff44 8944 | 2420 4489 | 5424 2444 
  0x0000024bf68804f4: 894c 2428 | 4c89 5c24 | 3066 6690 

  0x0000024bf6880500: ;   {runtime_call UncommonTrapBlob}
  0x0000024bf6880500: c5f8 77e8 

  0x0000024bf6880504: ; ImmutableOopMap {rbp=NarrowOop [48]=Oop [64]=Oop }
                      ;*checkcast {reexecute=0 rethrow=0 return_oop=0}
                      ; - org.hl7.fhir.utilities.xhtml.XhtmlNode::allText@54 (line 388)
  0x0000024bf6880504: f877 e2fe 

  0x0000024bf6880508: ;   {other}
  0x0000024bf6880508: 0f1f 8400 | f823 0026 | baf6 ffff | ff66 6690 

  0x0000024bf6880518: ;   {runtime_call UncommonTrapBlob}
  0x0000024bf6880518: c5f8 77e8 

  0x0000024bf688051c: ; ImmutableOopMap {}
                      ;*arraylength {reexecute=0 rethrow=0 return_oop=0}
                      ; - java.util.ArrayList$Itr::next@38 (line 1055)
                      ; - org.hl7.fhir.utilities.xhtml.XhtmlNode::allText@49 (line 388)
  0x0000024bf688051c: e077 e2fe 

  0x0000024bf6880520: ;   {other}
  0x0000024bf6880520: 0f1f 8400 | 1024 0027 | baf4 ffff | ff41 8be8 | 4489 5424 | 2044 894c | 2424 4c89 | 5c24 2890 
  0x0000024bf6880540: ;   {runtime_call UncommonTrapBlob}
  0x0000024bf6880540: c5f8 77e8 

  0x0000024bf6880544: ; ImmutableOopMap {[40]=Oop [64]=Oop }
                      ;*checkcast {reexecute=0 rethrow=0 return_oop=0}
                      ; - org.hl7.fhir.utilities.xhtml.XhtmlNode::allText@54 (line 388)
  0x0000024bf6880544: b877 e2fe 

  0x0000024bf6880548: ;   {other}
  0x0000024bf6880548: 0f1f 8400 | 3824 0028 | baf6 ffff | ff66 6690 

  0x0000024bf6880558: ;   {runtime_call UncommonTrapBlob}
  0x0000024bf6880558: c5f8 77e8 

  0x0000024bf688055c: ; ImmutableOopMap {}
                      ;*arraylength {reexecute=0 rethrow=0 return_oop=0}
                      ; - java.lang.String::length@4 (line 1546)
                      ; - java.lang.AbstractStringBuilder::append@10 (line 589)
                      ; - java.lang.StringBuilder::append@2 (line 179)
                      ; - org.hl7.fhir.utilities.xhtml.XhtmlNode::allText@117 (line 394)
  0x0000024bf688055c: a077 e2fe 

  0x0000024bf6880560: ;   {other}
  0x0000024bf6880560: 0f1f 8400 | 5024 0029 | baf6 ffff | ff66 6690 

  0x0000024bf6880570: ;   {runtime_call UncommonTrapBlob}
  0x0000024bf6880570: c5f8 77e8 

  0x0000024bf6880574: ; ImmutableOopMap {}
                      ;*arraylength {reexecute=0 rethrow=0 return_oop=0}
                      ; - java.lang.AbstractStringBuilder::ensureCapacityInternal@4 (line 243)
                      ; - java.lang.AbstractStringBuilder::append@21 (line 590)
                      ; - java.lang.StringBuilder::append@2 (line 179)
                      ; - org.hl7.fhir.utilities.xhtml.XhtmlNode::allText@117 (line 394)
  0x0000024bf6880574: 8877 e2fe 

  0x0000024bf6880578: ;   {other}
  0x0000024bf6880578: 0f1f 8400 | 6824 002a | baf6 ffff | ff66 6690 

  0x0000024bf6880588: ;   {runtime_call UncommonTrapBlob}
  0x0000024bf6880588: c5f8 77e8 

  0x0000024bf688058c: ; ImmutableOopMap {}
                      ;*arraylength {reexecute=0 rethrow=0 return_oop=0}
                      ; - java.lang.String::getBytes@21 (line 4774)
                      ; - java.lang.AbstractStringBuilder::putStringAt@15 (line 1768)
                      ; - java.lang.AbstractStringBuilder::append@30 (line 591)
                      ; - java.lang.StringBuilder::append@2 (line 179)
                      ; - org.hl7.fhir.utilities.xhtml.XhtmlNode::allText@117 (line 394)
  0x0000024bf688058c: 7077 e2fe 

  0x0000024bf6880590: ;   {other}
  0x0000024bf6880590: 0f1f 8400 | 8024 002b | baf6 ffff | ff44 8954 | 2420 4489 | 4424 2490 

  0x0000024bf68805a8: ;   {runtime_call UncommonTrapBlob}
  0x0000024bf68805a8: c5f8 77e8 

  0x0000024bf68805ac: ; ImmutableOopMap {[32]=NarrowOop }
                      ;*invokestatic arraycopy {reexecute=0 rethrow=0 return_oop=0}
                      ; - java.lang.String::getBytes@22 (line 4774)
                      ; - java.lang.AbstractStringBuilder::putStringAt@15 (line 1768)
                      ; - java.lang.AbstractStringBuilder::append@30 (line 591)
                      ; - java.lang.StringBuilder::append@2 (line 179)
                      ; - org.hl7.fhir.utilities.xhtml.XhtmlNode::allText@117 (line 394)
  0x0000024bf68805ac: 5077 e2fe 

  0x0000024bf68805b0: ;   {other}
  0x0000024bf68805b0: 0f1f 8400 | a024 002c | baf6 ffff | ff66 6690 

  0x0000024bf68805c0: ;   {runtime_call UncommonTrapBlob}
  0x0000024bf68805c0: c5f8 77e8 

  0x0000024bf68805c4: ; ImmutableOopMap {}
                      ;*invokeinterface isEmpty {reexecute=0 rethrow=0 return_oop=0}
                      ; - org.hl7.fhir.utilities.xhtml.XhtmlNodeList::isEmpty@4 (line 95)
                      ; - org.hl7.fhir.utilities.xhtml.XhtmlNode::hasChildren@11 (line 148)
                      ; - org.hl7.fhir.utilities.xhtml.XhtmlNode::allText@1 (line 379)
  0x0000024bf68805c4: 3877 e2fe 

  0x0000024bf68805c8: ;   {other}
  0x0000024bf68805c8: 0f1f 8400 | b824 002d | baf6 ffff | ff66 6690 

  0x0000024bf68805d8: ;   {runtime_call UncommonTrapBlob}
  0x0000024bf68805d8: c5f8 77e8 

  0x0000024bf68805dc: ; ImmutableOopMap {}
                      ;*invokeinterface iterator {reexecute=0 rethrow=0 return_oop=0}
                      ; - org.hl7.fhir.utilities.xhtml.XhtmlNodeList::iterator@4 (line 105)
                      ; - org.hl7.fhir.utilities.xhtml.XhtmlNode::allText@35 (line 388)
  0x0000024bf68805dc: 2077 e2fe 

  0x0000024bf68805e0: ;   {other}
  0x0000024bf68805e0: 0f1f 8400 | d024 002e | baf6 ffff | ff66 6690 

  0x0000024bf68805f0: ;   {runtime_call UncommonTrapBlob}
  0x0000024bf68805f0: c5f8 77e8 

  0x0000024bf68805f4: ; ImmutableOopMap {}
                      ;*arraylength {reexecute=0 rethrow=0 return_oop=0}
                      ; - java.util.Arrays::copyOfRange@6 (line 3845)
                      ; - java.lang.String::<init>@32 (line 4840)
                      ; - java.lang.String::<init>@3 (line 1534)
                      ; - java.lang.StringBuilder::toString@5 (line 475)
                      ; - org.hl7.fhir.utilities.xhtml.XhtmlNode::allText@329 (line 412)
  0x0000024bf68805f4: 0877 e2fe 

  0x0000024bf68805f8: ;   {other}
  0x0000024bf68805f8: 0f1f 8400 | e824 002f | ba45 ffff | ff44 8944 | 2420 4489 | 5424 2444 | 894c 2428 | 4c89 5c24 
  0x0000024bf6880618: 3089 7c24 | 2c66 6690 

  0x0000024bf6880620: ;   {runtime_call UncommonTrapBlob}
  0x0000024bf6880620: c5f8 77e8 

  0x0000024bf6880624: ; ImmutableOopMap {rbp=Oop [44]=NarrowOop [48]=Oop [64]=Oop }
                      ;*ifnull {reexecute=1 rethrow=0 return_oop=0}
                      ; - (reexecute) org.hl7.fhir.utilities.xhtml.XhtmlNode::allText@109 (line 393)
  0x0000024bf6880624: d876 e2fe 

  0x0000024bf6880628: ;   {other}
  0x0000024bf6880628: 0f1f 8400 | 1825 0030 | baf6 ffff | ff66 6690 

  0x0000024bf6880638: ;   {runtime_call UncommonTrapBlob}
  0x0000024bf6880638: c5f8 77e8 

  0x0000024bf688063c: ; ImmutableOopMap {}
                      ;*arraylength {reexecute=0 rethrow=0 return_oop=0}
                      ; - java.lang.String::length@4 (line 1546)
                      ; - java.lang.AbstractStringBuilder::append@10 (line 589)
                      ; - java.lang.StringBuilder::append@2 (line 179)
                      ; - org.hl7.fhir.utilities.xhtml.XhtmlNode::allText@155 (line 399)
  0x0000024bf688063c: c076 e2fe 

  0x0000024bf6880640: ;   {other}
  0x0000024bf6880640: 0f1f 8400 | 3025 0031 | baf6 ffff | ff66 6690 

  0x0000024bf6880650: ;   {runtime_call UncommonTrapBlob}
  0x0000024bf6880650: c5f8 77e8 

  0x0000024bf6880654: ; ImmutableOopMap {}
                      ;*arraylength {reexecute=0 rethrow=0 return_oop=0}
                      ; - java.lang.AbstractStringBuilder::ensureCapacityInternal@4 (line 243)
                      ; - java.lang.AbstractStringBuilder::append@21 (line 590)
                      ; - java.lang.StringBuilder::append@2 (line 179)
                      ; - org.hl7.fhir.utilities.xhtml.XhtmlNode::allText@155 (line 399)
  0x0000024bf6880654: a876 e2fe 

  0x0000024bf6880658: ;   {other}
  0x0000024bf6880658: 0f1f 8400 | 4825 0032 | baf6 ffff | ff66 6690 

  0x0000024bf6880668: ;   {runtime_call UncommonTrapBlob}
  0x0000024bf6880668: c5f8 77e8 

  0x0000024bf688066c: ; ImmutableOopMap {}
                      ;*arraylength {reexecute=0 rethrow=0 return_oop=0}
                      ; - java.lang.String::getBytes@21 (line 4774)
                      ; - java.lang.AbstractStringBuilder::putStringAt@15 (line 1768)
                      ; - java.lang.AbstractStringBuilder::append@30 (line 591)
                      ; - java.lang.StringBuilder::append@2 (line 179)
                      ; - org.hl7.fhir.utilities.xhtml.XhtmlNode::allText@155 (line 399)
  0x0000024bf688066c: 9076 e2fe 

  0x0000024bf6880670: ;   {other}
  0x0000024bf6880670: 0f1f 8400 | 6025 0033 | baf6 ffff | ff44 895c | 2420 4489 | 4424 2490 

  0x0000024bf6880688: ;   {runtime_call UncommonTrapBlob}
  0x0000024bf6880688: c5f8 77e8 

  0x0000024bf688068c: ; ImmutableOopMap {[32]=NarrowOop }
                      ;*invokestatic arraycopy {reexecute=0 rethrow=0 return_oop=0}
                      ; - java.lang.String::getBytes@22 (line 4774)
                      ; - java.lang.AbstractStringBuilder::putStringAt@15 (line 1768)
                      ; - java.lang.AbstractStringBuilder::append@30 (line 591)
                      ; - java.lang.StringBuilder::append@2 (line 179)
                      ; - org.hl7.fhir.utilities.xhtml.XhtmlNode::allText@155 (line 399)
  0x0000024bf688068c: 7076 e2fe 

  0x0000024bf6880690: ;   {other}
  0x0000024bf6880690: 0f1f 8400 | 8025 0034 | baf6 ffff | ff66 6690 

  0x0000024bf68806a0: ;   {runtime_call UncommonTrapBlob}
  0x0000024bf68806a0: c5f8 77e8 

  0x0000024bf68806a4: ; ImmutableOopMap {}
                      ;*arraylength {reexecute=0 rethrow=0 return_oop=0}
                      ; - java.lang.String::getBytes@39 (line 4776)
                      ; - java.lang.AbstractStringBuilder::putStringAt@15 (line 1768)
                      ; - java.lang.AbstractStringBuilder::append@30 (line 591)
                      ; - java.lang.StringBuilder::append@2 (line 179)
                      ; - org.hl7.fhir.utilities.xhtml.XhtmlNode::allText@117 (line 394)
  0x0000024bf68806a4: 5876 e2fe 

  0x0000024bf68806a8: ;   {other}
  0x0000024bf68806a8: 0f1f 8400 | 9825 0035 | eb20 eb17 | eb15 488b | d0eb 44eb | 0e48 8bd0 | eb3d 488b | d0eb 38eb 
  0x0000024bf68806c8: 09eb 1348 | 8bd0 eb2f | eb00 488b | d0eb 2848 | 8bd0 eb23 | eb00 488b | d0eb 1c48 | 8bd0 eb17 
  0x0000024bf68806e8: 488b d0eb | 1248 8bd0 | eb0d 488b | d0eb 0848 | 8bd0 eb03 | 488b d0c5 | f877 4881 | c4b0 0000 
  0x0000024bf6880708: ;   {runtime_call _rethrow_Java}
  0x0000024bf6880708: 005d e971 | 3ef1 feba | 97ff ffff | 488b 6c24 | 2866 6690 

  0x0000024bf688071c: ;   {runtime_call UncommonTrapBlob}
  0x0000024bf688071c: c5f8 77e8 

  0x0000024bf6880720: ; ImmutableOopMap {rbp=Oop [48]=NarrowOop }
                      ;*invokevirtual clone {reexecute=1 rethrow=0 return_oop=0}
                      ; - (reexecute) java.util.Arrays::copyOfRange@11 (line 3846)
                      ; - java.lang.String::<init>@32 (line 4840)
                      ; - java.lang.String::<init>@3 (line 1534)
                      ; - java.lang.StringBuilder::toString@5 (line 475)
                      ; - org.hl7.fhir.utilities.xhtml.XhtmlNode::allText@329 (line 412)
  0x0000024bf6880720: dc75 e2fe 

  0x0000024bf6880724: ;   {other}
  0x0000024bf6880724: 0f1f 8400 | 1426 0036 | baf6 ffff | ff66 6690 

  0x0000024bf6880734: ;   {runtime_call UncommonTrapBlob}
  0x0000024bf6880734: c5f8 77e8 

  0x0000024bf6880738: ; ImmutableOopMap {}
                      ;*arraylength {reexecute=0 rethrow=0 return_oop=0}
                      ; - java.lang.String::getBytes@39 (line 4776)
                      ; - java.lang.AbstractStringBuilder::putStringAt@15 (line 1768)
                      ; - java.lang.AbstractStringBuilder::append@30 (line 591)
                      ; - java.lang.StringBuilder::append@2 (line 179)
                      ; - org.hl7.fhir.utilities.xhtml.XhtmlNode::allText@155 (line 399)
  0x0000024bf6880738: c475 e2fe 

  0x0000024bf688073c: ;   {other}
  0x0000024bf688073c: 0f1f 8400 | 2c26 0037 

  0x0000024bf6880744: ;   {internal_word}
  0x0000024bf6880744: 49ba 00e9 | 87f6 4b02 | 0000 4d89 | 9770 0400 

  0x0000024bf6880754: ;   {runtime_call SafepointBlob}
  0x0000024bf6880754: 00e9 2664 

  0x0000024bf6880758: ;   {runtime_call StubRoutines (final stubs)}
  0x0000024bf6880758: e2fe e861 | 68e0 fee9 | badd ffff | f4f4 f4f4 
[Stub Code]
  0x0000024bf6880768: ;   {no_reloc}
  0x0000024bf6880768: 48bb 0000 | 0000 0000 

  0x0000024bf6880770: ;   {runtime_call}
  0x0000024bf6880770: 0000 e9fb 

  0x0000024bf6880774: ;   {static_stub}
  0x0000024bf6880774: ffff ff48 | bb00 0000 | 0000 0000 

  0x0000024bf6880780: ;   {runtime_call}
  0x0000024bf6880780: 00e9 fbff 

  0x0000024bf6880784: ;   {static_stub}
  0x0000024bf6880784: ffff 48bb | 0000 0000 | 0000 0000 

  0x0000024bf6880790: ;   {runtime_call}
  0x0000024bf6880790: e9fb ffff 

  0x0000024bf6880794: ;   {static_stub}
  0x0000024bf6880794: ff48 bb00 | 0000 0000 

  0x0000024bf688079c: ;   {runtime_call}
  0x0000024bf688079c: 0000 00e9 | fbff ffff 

  0x0000024bf68807a4: ;   {static_stub}
  0x0000024bf68807a4: 48bb 0000 | 0000 0000 

  0x0000024bf68807ac: ;   {runtime_call}
  0x0000024bf68807ac: 0000 e9fb 

  0x0000024bf68807b0: ;   {static_stub}
  0x0000024bf68807b0: ffff ff48 | bb00 0000 | 0000 0000 

  0x0000024bf68807bc: ;   {runtime_call}
  0x0000024bf68807bc: 00e9 fbff 

  0x0000024bf68807c0: ;   {static_stub}
  0x0000024bf68807c0: ffff 48bb | 0000 0000 | 0000 0000 

  0x0000024bf68807cc: ;   {runtime_call}
  0x0000024bf68807cc: e9fb ffff 

  0x0000024bf68807d0: ;   {static_stub}
  0x0000024bf68807d0: ff48 bb00 | 0000 0000 

  0x0000024bf68807d8: ;   {runtime_call}
  0x0000024bf68807d8: 0000 00e9 | fbff ffff 

  0x0000024bf68807e0: ;   {static_stub}
  0x0000024bf68807e0: 48bb 0000 | 0000 0000 

  0x0000024bf68807e8: ;   {runtime_call}
  0x0000024bf68807e8: 0000 e9fb 

  0x0000024bf68807ec: ;   {static_stub}
  0x0000024bf68807ec: ffff ff48 | bb00 0000 | 0000 0000 

  0x0000024bf68807f8: ;   {runtime_call}
  0x0000024bf68807f8: 00e9 fbff 

  0x0000024bf68807fc: ;   {runtime_call ExceptionBlob}
  0x0000024bf68807fc: ffff e97d | e0f0 fee8 | 0000 0000 | 4883 2c24 

  0x0000024bf688080c: ;   {runtime_call DeoptimizationBlob}
  0x0000024bf688080c: 05e9 0e78 | e2fe f4f4 | f4f4 f4f4 
[/MachCode]


---------------  P R O C E S S  ---------------

Threads class SMR info:
_java_thread_list=0x0000024bcc66d380, length=14, elements={
0x0000024be3c0c050, 0x0000024bfea547e0, 0x0000024bfea55700, 0x0000024bfea592f0,
0x0000024bfea5c1f0, 0x0000024bfea5cc50, 0x0000024bfea5d6b0, 0x0000024bfea66580,
0x0000024bfea6d680, 0x0000024bca251fd0, 0x0000024bca259850, 0x0000024bde035fd0,
0x0000024bcbfdd280, 0x0000024bcb613990
}

Java Threads: ( => current thread )
=>0x0000024be3c0c050 JavaThread "main"                              [_thread_in_vm, id=28284, stack(0x000000e4cf500000,0x000000e4cf600000) (1024K)]
  0x0000024bfea547e0 JavaThread "Reference Handler"          daemon [_thread_blocked, id=23768, stack(0x000000e4cfd00000,0x000000e4cfe00000) (1024K)]
  0x0000024bfea55700 JavaThread "Finalizer"                  daemon [_thread_blocked, id=28532, stack(0x000000e4cfe00000,0x000000e4cff00000) (1024K)]
  0x0000024bfea592f0 JavaThread "Signal Dispatcher"          daemon [_thread_blocked, id=28224, stack(0x000000e4cff00000,0x000000e4d0000000) (1024K)]
  0x0000024bfea5c1f0 JavaThread "Attach Listener"            daemon [_thread_blocked, id=30272, stack(0x000000e4d0000000,0x000000e4d0100000) (1024K)]
  0x0000024bfea5cc50 JavaThread "Service Thread"             daemon [_thread_blocked, id=25768, stack(0x000000e4d0100000,0x000000e4d0200000) (1024K)]
  0x0000024bfea5d6b0 JavaThread "Monitor Deflation Thread"   daemon [_thread_blocked, id=29176, stack(0x000000e4d0200000,0x000000e4d0300000) (1024K)]
  0x0000024bfea66580 JavaThread "C2 CompilerThread0"         daemon [_thread_blocked, id=30156, stack(0x000000e4d0300000,0x000000e4d0400000) (1024K)]
  0x0000024bfea6d680 JavaThread "C1 CompilerThread0"         daemon [_thread_blocked, id=28584, stack(0x000000e4d0400000,0x000000e4d0500000) (1024K)]
  0x0000024bca251fd0 JavaThread "Notification Thread"        daemon [_thread_blocked, id=31564, stack(0x000000e4d0500000,0x000000e4d0600000) (1024K)]
  0x0000024bca259850 JavaThread "Common-Cleaner"             daemon [_thread_blocked, id=30752, stack(0x000000e4d0600000,0x000000e4d0700000) (1024K)]
  0x0000024bde035fd0 JavaThread "OkHttp TaskRunner"          daemon [_thread_blocked, id=12324, stack(0x000000e4d1100000,0x000000e4d1200000) (1024K)]
  0x0000024bcbfdd280 JavaThread "Java2D Disposer"            daemon [_thread_blocked, id=26556, stack(0x000000e4cf400000,0x000000e4cf500000) (1024K)]
  0x0000024bcb613990 JavaThread "C2 CompilerThread1"         daemon [_thread_blocked, id=20840, stack(0x000000e4cf300000,0x000000e4cf400000) (1024K)]
Total: 14

Other Threads:
  0x0000024bfea39ae0 VMThread "VM Thread"                           [id=17884, stack(0x000000e4cfc00000,0x000000e4cfd00000) (1024K)]
  0x0000024bfea22750 WatcherThread "VM Periodic Task Thread"        [id=24956, stack(0x000000e4cfb00000,0x000000e4cfc00000) (1024K)]
  0x0000024be5e2fb80 WorkerThread "GC Thread#0"                     [id=20916, stack(0x000000e4cf600000,0x000000e4cf700000) (1024K)]
  0x0000024bca9bfa30 WorkerThread "GC Thread#1"                     [id=20092, stack(0x000000e4d0700000,0x000000e4d0800000) (1024K)]
  0x0000024bca9fb050 WorkerThread "GC Thread#2"                     [id=2972, stack(0x000000e4d0800000,0x000000e4d0900000) (1024K)]
  0x0000024bca9fb400 WorkerThread "GC Thread#3"                     [id=25924, stack(0x000000e4d0900000,0x000000e4d0a00000) (1024K)]
  0x0000024bcaa9d030 WorkerThread "GC Thread#4"                     [id=25212, stack(0x000000e4d0a00000,0x000000e4d0b00000) (1024K)]
  0x0000024bcaa9d3e0 WorkerThread "GC Thread#5"                     [id=3268, stack(0x000000e4d0b00000,0x000000e4d0c00000) (1024K)]
  0x0000024bcaa9dfa0 WorkerThread "GC Thread#6"                     [id=30688, stack(0x000000e4d0c00000,0x000000e4d0d00000) (1024K)]
  0x0000024bcaa9e350 WorkerThread "GC Thread#7"                     [id=30184, stack(0x000000e4d0d00000,0x000000e4d0e00000) (1024K)]
  0x0000024be5e3c640 ConcurrentGCThread "G1 Main Marker"            [id=31440, stack(0x000000e4cf700000,0x000000e4cf800000) (1024K)]
  0x0000024be5e3d210 WorkerThread "G1 Conc#0"                       [id=30740, stack(0x000000e4cf800000,0x000000e4cf900000) (1024K)]
  0x0000024bcac39950 WorkerThread "G1 Conc#1"                       [id=22960, stack(0x000000e4d0e00000,0x000000e4d0f00000) (1024K)]
  0x0000024be5e9d860 ConcurrentGCThread "G1 Refine#0"               [id=26592, stack(0x000000e4cf900000,0x000000e4cfa00000) (1024K)]
  0x0000024be5e9e2f0 ConcurrentGCThread "G1 Service"                [id=30444, stack(0x000000e4cfa00000,0x000000e4cfb00000) (1024K)]
Total: 15

Threads with active compile tasks:
Total: 0

VM state: not at safepoint (normal execution)

VM Mutex/Monitor currently owned by a thread:  ([mutex/lock_event])
[0x00007ffd7212bcb8] Heap_lock - owner thread: 0x0000024be3c0c050

Heap address: 0x0000000744400000, size: 3004 MB, Compressed Oops mode: Zero based, Oop shift amount: 3

CDS archive(s) mapped at: [0x0000024b85000000-0x0000024b85c60000-0x0000024b85c60000), size 12976128, SharedBaseAddress: 0x0000024b85000000, ArchiveRelocationMode: 1.
Compressed class space mapped at: 0x0000024b86000000-0x0000024bc6000000, reserved size: 1073741824
Narrow klass base: 0x0000024b85000000, Narrow klass shift: 0, Narrow klass range: 0x41000000

GC Precious Log:
 CardTable entry size: 512
 Card Set container configuration: InlinePtr #cards 4 size 8 Array Of Cards #cards 16 size 48 Howl #buckets 8 coarsen threshold 3686 Howl Bitmap #cards 512 size 80 coarsen threshold 460 Card regions per heap region 1 cards per card region 4096
 CPUs: 8 total, 8 available
 Memory: 12014M
 Large Page Support: Disabled
 NUMA Support: Disabled
 Compressed Oops: Enabled (Zero based)
 Heap Region Size: 2M
 Heap Min Capacity: 8M
 Heap Initial Capacity: 188M
 Heap Max Capacity: 3004M
 Pre-touch: Disabled
 Parallel Workers: 8
 Concurrent Workers: 2
 Concurrent Refinement Workers: 8
 Periodic GC: Disabled

Heap:
 garbage-first heap   total reserved 3076096K, committed 2772992K, used 2769487K [0x0000000744400000, 0x0000000800000000)
  region size 2048K, 198 young (405504K), 2 survivors (4096K)
 Metaspace       used 147503K, committed 148480K, reserved 1245184K
  class space    used 13383K, committed 13824K, reserved 1048576K

Heap Regions: E=young(eden), S=young(survivor), O=old, HS=humongous(starts), HC=humongous(continues), CS=collection set, F=free, TAMS=top-at-mark-start, PB=parsable bottom
|   0|0x0000000744400000, 0x0000000744600000, 0x0000000744600000|100%| O|  |TAMS 0x0000000744600000| PB 0x0000000744400000| Untracked |  0
|   1|0x0000000744600000, 0x0000000744800000, 0x0000000744800000|100%| O|  |TAMS 0x0000000744800000| PB 0x0000000744600000| Untracked |  0
|   2|0x0000000744800000, 0x0000000744a00000, 0x0000000744a00000|100%| O|  |TAMS 0x0000000744a00000| PB 0x0000000744800000| Untracked |  0
|   3|0x0000000744a00000, 0x0000000744c00000, 0x0000000744c00000|100%| O|  |TAMS 0x0000000744c00000| PB 0x0000000744a00000| Untracked |  0
|   4|0x0000000744c00000, 0x0000000744e00000, 0x0000000744e00000|100%| O|  |TAMS 0x0000000744e00000| PB 0x0000000744c00000| Untracked |  0
|   5|0x0000000744e00000, 0x0000000745000000, 0x0000000745000000|100%| O|  |TAMS 0x0000000745000000| PB 0x0000000744e00000| Untracked |  0
|   6|0x0000000745000000, 0x00000007451fffe8, 0x0000000745200000| 99%| O|  |TAMS 0x00000007451fffe8| PB 0x0000000745000000| Untracked |  0
|   7|0x0000000745200000, 0x0000000745400000, 0x0000000745400000|100%|HS|  |TAMS 0x0000000745400000| PB 0x0000000745200000| Complete |  0
|   8|0x0000000745400000, 0x0000000745600000, 0x0000000745600000|100%|HC|  |TAMS 0x0000000745600000| PB 0x0000000745400000| Complete |  0
|   9|0x0000000745600000, 0x0000000745800000, 0x0000000745800000|100%|HC|  |TAMS 0x0000000745800000| PB 0x0000000745600000| Complete |  0
|  10|0x0000000745800000, 0x0000000745a00000, 0x0000000745a00000|100%|HC|  |TAMS 0x0000000745a00000| PB 0x0000000745800000| Complete |  0
|  11|0x0000000745a00000, 0x0000000745c00000, 0x0000000745c00000|100%|HC|  |TAMS 0x0000000745c00000| PB 0x0000000745a00000| Complete |  0
|  12|0x0000000745c00000, 0x0000000745e00000, 0x0000000745e00000|100%|HC|  |TAMS 0x0000000745e00000| PB 0x0000000745c00000| Complete |  0
|  13|0x0000000745e00000, 0x0000000746000000, 0x0000000746000000|100%|HS|  |TAMS 0x0000000746000000| PB 0x0000000745e00000| Complete |  0
|  14|0x0000000746000000, 0x0000000746200000, 0x0000000746200000|100%| O|  |TAMS 0x0000000746200000| PB 0x0000000746000000| Untracked |  0
|  15|0x0000000746200000, 0x00000007463ffff0, 0x0000000746400000| 99%| O|  |TAMS 0x00000007463ffff0| PB 0x0000000746200000| Untracked |  0
|  16|0x0000000746400000, 0x00000007465fffe0, 0x0000000746600000| 99%| O|  |TAMS 0x00000007465fffe0| PB 0x0000000746400000| Untracked |  0
|  17|0x0000000746600000, 0x0000000746800000, 0x0000000746800000|100%| O|  |TAMS 0x0000000746800000| PB 0x0000000746600000| Untracked |  0
|  18|0x0000000746800000, 0x00000007469ffff8, 0x0000000746a00000| 99%| O|  |TAMS 0x00000007469ffff8| PB 0x0000000746800000| Untracked |  0
|  19|0x0000000746a00000, 0x0000000746bfffe0, 0x0000000746c00000| 99%| O|  |TAMS 0x0000000746bfffe0| PB 0x0000000746a00000| Untracked |  0
|  20|0x0000000746c00000, 0x0000000746e00000, 0x0000000746e00000|100%| O|  |TAMS 0x0000000746e00000| PB 0x0000000746c00000| Untracked |  0
|  21|0x0000000746e00000, 0x0000000747000000, 0x0000000747000000|100%| O|  |TAMS 0x0000000747000000| PB 0x0000000746e00000| Untracked |  0
|  22|0x0000000747000000, 0x0000000747200000, 0x0000000747200000|100%| O|  |TAMS 0x0000000747200000| PB 0x0000000747000000| Untracked |  0
|  23|0x0000000747200000, 0x00000007473fffd8, 0x0000000747400000| 99%| O|  |TAMS 0x00000007473fffd8| PB 0x0000000747200000| Untracked |  0
|  24|0x0000000747400000, 0x0000000747600000, 0x0000000747600000|100%| O|  |TAMS 0x0000000747600000| PB 0x0000000747400000| Untracked |  0
|  25|0x0000000747600000, 0x0000000747800000, 0x0000000747800000|100%| O|  |TAMS 0x0000000747800000| PB 0x0000000747600000| Untracked |  0
|  26|0x0000000747800000, 0x0000000747a00000, 0x0000000747a00000|100%| O|  |TAMS 0x0000000747a00000| PB 0x0000000747800000| Untracked |  0
|  27|0x0000000747a00000, 0x0000000747c00000, 0x0000000747c00000|100%| O|  |TAMS 0x0000000747c00000| PB 0x0000000747a00000| Untracked |  0
|  28|0x0000000747c00000, 0x0000000747e00000, 0x0000000747e00000|100%| O|  |TAMS 0x0000000747e00000| PB 0x0000000747c00000| Untracked |  0
|  29|0x0000000747e00000, 0x0000000747ffffe0, 0x0000000748000000| 99%| O|  |TAMS 0x0000000747ffffe0| PB 0x0000000747e00000| Untracked |  0
|  30|0x0000000748000000, 0x00000007481ffff0, 0x0000000748200000| 99%| O|  |TAMS 0x00000007481ffff0| PB 0x0000000748000000| Untracked |  0
|  31|0x0000000748200000, 0x00000007483ffff8, 0x0000000748400000| 99%| O|  |TAMS 0x00000007483ffff8| PB 0x0000000748200000| Untracked |  0
|  32|0x0000000748400000, 0x00000007485fffe0, 0x0000000748600000| 99%| O|  |TAMS 0x00000007485fffe0| PB 0x0000000748400000| Untracked |  0
|  33|0x0000000748600000, 0x0000000748800000, 0x0000000748800000|100%| O|  |TAMS 0x0000000748800000| PB 0x0000000748600000| Untracked |  0
|  34|0x0000000748800000, 0x0000000748a00000, 0x0000000748a00000|100%| O|  |TAMS 0x0000000748a00000| PB 0x0000000748800000| Untracked |  0
|  35|0x0000000748a00000, 0x0000000748c00000, 0x0000000748c00000|100%| O|  |TAMS 0x0000000748c00000| PB 0x0000000748a00000| Untracked |  0
|  36|0x0000000748c00000, 0x0000000748e00000, 0x0000000748e00000|100%| O|  |TAMS 0x0000000748e00000| PB 0x0000000748c00000| Untracked |  0
|  37|0x0000000748e00000, 0x0000000748ffffd0, 0x0000000749000000| 99%| O|  |TAMS 0x0000000748ffffd0| PB 0x0000000748e00000| Untracked |  0
|  38|0x0000000749000000, 0x0000000749200000, 0x0000000749200000|100%| O|  |TAMS 0x0000000749200000| PB 0x0000000749000000| Untracked |  0
|  39|0x0000000749200000, 0x0000000749400000, 0x0000000749400000|100%| O|  |TAMS 0x0000000749400000| PB 0x0000000749200000| Untracked |  0
|  40|0x0000000749400000, 0x0000000749600000, 0x0000000749600000|100%| O|  |TAMS 0x0000000749600000| PB 0x0000000749400000| Untracked |  0
|  41|0x0000000749600000, 0x00000007497fffd0, 0x0000000749800000| 99%| O|  |TAMS 0x00000007497fffd0| PB 0x0000000749600000| Untracked |  0
|  42|0x0000000749800000, 0x0000000749a00000, 0x0000000749a00000|100%| O|  |TAMS 0x0000000749a00000| PB 0x0000000749800000| Untracked |  0
|  43|0x0000000749a00000, 0x0000000749c00000, 0x0000000749c00000|100%| O|  |TAMS 0x0000000749c00000| PB 0x0000000749a00000| Untracked |  0
|  44|0x0000000749c00000, 0x0000000749e00000, 0x0000000749e00000|100%| O|  |TAMS 0x0000000749e00000| PB 0x0000000749c00000| Untracked |  0
|  45|0x0000000749e00000, 0x000000074a000000, 0x000000074a000000|100%| O|  |TAMS 0x000000074a000000| PB 0x0000000749e00000| Untracked |  0
|  46|0x000000074a000000, 0x000000074a1fffe0, 0x000000074a200000| 99%| O|  |TAMS 0x000000074a1fffe0| PB 0x000000074a000000| Untracked |  0
|  47|0x000000074a200000, 0x000000074a3ffff8, 0x000000074a400000| 99%| O|  |TAMS 0x000000074a3ffff8| PB 0x000000074a200000| Untracked |  0
|  48|0x000000074a400000, 0x000000074a5fffe0, 0x000000074a600000| 99%| O|  |TAMS 0x000000074a5fffe0| PB 0x000000074a400000| Untracked |  0
|  49|0x000000074a600000, 0x000000074a800000, 0x000000074a800000|100%| O|  |TAMS 0x000000074a800000| PB 0x000000074a600000| Untracked |  0
|  50|0x000000074a800000, 0x000000074aa00000, 0x000000074aa00000|100%| O|  |TAMS 0x000000074aa00000| PB 0x000000074a800000| Untracked |  0
|  51|0x000000074aa00000, 0x000000074ac00000, 0x000000074ac00000|100%| O|  |TAMS 0x000000074ac00000| PB 0x000000074aa00000| Untracked |  0
|  52|0x000000074ac00000, 0x000000074ae00000, 0x000000074ae00000|100%| O|  |TAMS 0x000000074ae00000| PB 0x000000074ac00000| Untracked |  0
|  53|0x000000074ae00000, 0x000000074b000000, 0x000000074b000000|100%| O|  |TAMS 0x000000074b000000| PB 0x000000074ae00000| Untracked |  0
|  54|0x000000074b000000, 0x000000074b200000, 0x000000074b200000|100%| O|  |TAMS 0x000000074b200000| PB 0x000000074b000000| Untracked |  0
|  55|0x000000074b200000, 0x000000074b3fc000, 0x000000074b400000| 99%| O|  |TAMS 0x000000074b3fc000| PB 0x000000074b200000| Untracked |  0
|  56|0x000000074b400000, 0x000000074b600000, 0x000000074b600000|100%| O|  |TAMS 0x000000074b600000| PB 0x000000074b400000| Untracked |  0
|  57|0x000000074b600000, 0x000000074b800000, 0x000000074b800000|100%| O|  |TAMS 0x000000074b800000| PB 0x000000074b600000| Untracked |  0
|  58|0x000000074b800000, 0x000000074ba00000, 0x000000074ba00000|100%| O|  |TAMS 0x000000074ba00000| PB 0x000000074b800000| Untracked |  0
|  59|0x000000074ba00000, 0x000000074bc00000, 0x000000074bc00000|100%| O|  |TAMS 0x000000074bc00000| PB 0x000000074ba00000| Untracked |  0
|  60|0x000000074bc00000, 0x000000074be00000, 0x000000074be00000|100%| O|  |TAMS 0x000000074be00000| PB 0x000000074bc00000| Untracked |  0
|  61|0x000000074be00000, 0x000000074c000000, 0x000000074c000000|100%| O|  |TAMS 0x000000074c000000| PB 0x000000074be00000| Untracked |  0
|  62|0x000000074c000000, 0x000000074c200000, 0x000000074c200000|100%| O|  |TAMS 0x000000074c200000| PB 0x000000074c000000| Untracked |  0
|  63|0x000000074c200000, 0x000000074c400000, 0x000000074c400000|100%| O|  |TAMS 0x000000074c400000| PB 0x000000074c200000| Untracked |  0
|  64|0x000000074c400000, 0x000000074c600000, 0x000000074c600000|100%| O|  |TAMS 0x000000074c600000| PB 0x000000074c400000| Untracked |  0
|  65|0x000000074c600000, 0x000000074c800000, 0x000000074c800000|100%| O|  |TAMS 0x000000074c800000| PB 0x000000074c600000| Untracked |  0
|  66|0x000000074c800000, 0x000000074ca00000, 0x000000074ca00000|100%| O|  |TAMS 0x000000074ca00000| PB 0x000000074c800000| Untracked |  0
|  67|0x000000074ca00000, 0x000000074cc00000, 0x000000074cc00000|100%| O|  |TAMS 0x000000074cc00000| PB 0x000000074ca00000| Untracked |  0
|  68|0x000000074cc00000, 0x000000074ce00000, 0x000000074ce00000|100%| O|  |TAMS 0x000000074ce00000| PB 0x000000074cc00000| Untracked |  0
|  69|0x000000074ce00000, 0x000000074d000000, 0x000000074d000000|100%| O|  |TAMS 0x000000074d000000| PB 0x000000074ce00000| Untracked |  0
|  70|0x000000074d000000, 0x000000074d200000, 0x000000074d200000|100%| O|  |TAMS 0x000000074d200000| PB 0x000000074d000000| Untracked |  0
|  71|0x000000074d200000, 0x000000074d400000, 0x000000074d400000|100%| O|  |TAMS 0x000000074d400000| PB 0x000000074d200000| Untracked |  0
|  72|0x000000074d400000, 0x000000074d600000, 0x000000074d600000|100%| O|  |TAMS 0x000000074d600000| PB 0x000000074d400000| Untracked |  0
|  73|0x000000074d600000, 0x000000074d800000, 0x000000074d800000|100%| O|  |TAMS 0x000000074d800000| PB 0x000000074d600000| Untracked |  0
|  74|0x000000074d800000, 0x000000074d9fffb0, 0x000000074da00000| 99%| O|  |TAMS 0x000000074d9fffb0| PB 0x000000074d800000| Untracked |  0
|  75|0x000000074da00000, 0x000000074dc00000, 0x000000074dc00000|100%| O|  |TAMS 0x000000074dc00000| PB 0x000000074da00000| Untracked |  0
|  76|0x000000074dc00000, 0x000000074ddfffd0, 0x000000074de00000| 99%| O|  |TAMS 0x000000074ddfffd0| PB 0x000000074dc00000| Untracked |  0
|  77|0x000000074de00000, 0x000000074e000000, 0x000000074e000000|100%| O|  |TAMS 0x000000074e000000| PB 0x000000074de00000| Untracked |  0
|  78|0x000000074e000000, 0x000000074e1ffff0, 0x000000074e200000| 99%| O|  |TAMS 0x000000074e1ffff0| PB 0x000000074e000000| Untracked |  0
|  79|0x000000074e200000, 0x000000074e400000, 0x000000074e400000|100%| O|  |TAMS 0x000000074e400000| PB 0x000000074e200000| Untracked |  0
|  80|0x000000074e400000, 0x000000074e600000, 0x000000074e600000|100%| O|  |TAMS 0x000000074e600000| PB 0x000000074e400000| Untracked |  0
|  81|0x000000074e600000, 0x000000074e800000, 0x000000074e800000|100%| O|  |TAMS 0x000000074e800000| PB 0x000000074e600000| Untracked |  0
|  82|0x000000074e800000, 0x000000074ea00000, 0x000000074ea00000|100%| O|  |TAMS 0x000000074ea00000| PB 0x000000074e800000| Untracked |  0
|  83|0x000000074ea00000, 0x000000074ec00000, 0x000000074ec00000|100%| O|  |TAMS 0x000000074ec00000| PB 0x000000074ea00000| Untracked |  0
|  84|0x000000074ec00000, 0x000000074ee00000, 0x000000074ee00000|100%| O|  |TAMS 0x000000074ee00000| PB 0x000000074ec00000| Untracked |  0
|  85|0x000000074ee00000, 0x000000074f000000, 0x000000074f000000|100%| O|  |TAMS 0x000000074f000000| PB 0x000000074ee00000| Untracked |  0
|  86|0x000000074f000000, 0x000000074f200000, 0x000000074f200000|100%| O|  |TAMS 0x000000074f200000| PB 0x000000074f000000| Untracked |  0
|  87|0x000000074f200000, 0x000000074f400000, 0x000000074f400000|100%| O|  |TAMS 0x000000074f400000| PB 0x000000074f200000| Untracked |  0
|  88|0x000000074f400000, 0x000000074f600000, 0x000000074f600000|100%| O|  |TAMS 0x000000074f600000| PB 0x000000074f400000| Untracked |  0
|  89|0x000000074f600000, 0x000000074f800000, 0x000000074f800000|100%| O|  |TAMS 0x000000074f800000| PB 0x000000074f600000| Untracked |  0
|  90|0x000000074f800000, 0x000000074f9ffff0, 0x000000074fa00000| 99%| O|  |TAMS 0x000000074f9ffff0| PB 0x000000074f800000| Untracked |  0
|  91|0x000000074fa00000, 0x000000074fbffff8, 0x000000074fc00000| 99%| O|  |TAMS 0x000000074fbffff8| PB 0x000000074fa00000| Untracked |  0
|  92|0x000000074fc00000, 0x000000074fe00000, 0x000000074fe00000|100%| O|  |TAMS 0x000000074fe00000| PB 0x000000074fc00000| Untracked |  0
|  93|0x000000074fe00000, 0x000000074fffffe8, 0x0000000750000000| 99%| O|  |TAMS 0x000000074fffffe8| PB 0x000000074fe00000| Untracked |  0
|  94|0x0000000750000000, 0x0000000750200000, 0x0000000750200000|100%| O|  |TAMS 0x0000000750200000| PB 0x0000000750000000| Untracked |  0
|  95|0x0000000750200000, 0x0000000750400000, 0x0000000750400000|100%| O|  |TAMS 0x0000000750400000| PB 0x0000000750200000| Untracked |  0
|  96|0x0000000750400000, 0x0000000750600000, 0x0000000750600000|100%| O|  |TAMS 0x0000000750600000| PB 0x0000000750400000| Untracked |  0
|  97|0x0000000750600000, 0x00000007507ffff8, 0x0000000750800000| 99%| O|  |TAMS 0x00000007507ffff8| PB 0x0000000750600000| Untracked |  0
|  98|0x0000000750800000, 0x0000000750a00000, 0x0000000750a00000|100%| O|  |TAMS 0x0000000750a00000| PB 0x0000000750800000| Untracked |  0
|  99|0x0000000750a00000, 0x0000000750c00000, 0x0000000750c00000|100%| O|  |TAMS 0x0000000750c00000| PB 0x0000000750a00000| Untracked |  0
| 100|0x0000000750c00000, 0x0000000750e00000, 0x0000000750e00000|100%| O|  |TAMS 0x0000000750e00000| PB 0x0000000750c00000| Untracked |  0
| 101|0x0000000750e00000, 0x0000000751000000, 0x0000000751000000|100%| O|  |TAMS 0x0000000751000000| PB 0x0000000750e00000| Untracked |  0
| 102|0x0000000751000000, 0x0000000751200000, 0x0000000751200000|100%| O|  |TAMS 0x0000000751200000| PB 0x0000000751000000| Untracked |  0
| 103|0x0000000751200000, 0x0000000751400000, 0x0000000751400000|100%| O|  |TAMS 0x0000000751400000| PB 0x0000000751200000| Untracked |  0
| 104|0x0000000751400000, 0x0000000751600000, 0x0000000751600000|100%| O|  |TAMS 0x0000000751600000| PB 0x0000000751400000| Untracked |  0
| 105|0x0000000751600000, 0x0000000751800000, 0x0000000751800000|100%| O|  |TAMS 0x0000000751800000| PB 0x0000000751600000| Untracked |  0
| 106|0x0000000751800000, 0x00000007519ffff0, 0x0000000751a00000| 99%| O|  |TAMS 0x00000007519ffff0| PB 0x0000000751800000| Untracked |  0
| 107|0x0000000751a00000, 0x0000000751c00000, 0x0000000751c00000|100%| O|  |TAMS 0x0000000751c00000| PB 0x0000000751a00000| Untracked |  0
| 108|0x0000000751c00000, 0x0000000751e00000, 0x0000000751e00000|100%| O|  |TAMS 0x0000000751e00000| PB 0x0000000751c00000| Untracked |  0
| 109|0x0000000751e00000, 0x0000000752000000, 0x0000000752000000|100%| O|  |TAMS 0x0000000752000000| PB 0x0000000751e00000| Untracked |  0
| 110|0x0000000752000000, 0x0000000752200000, 0x0000000752200000|100%| O|  |TAMS 0x0000000752200000| PB 0x0000000752000000| Untracked |  0
| 111|0x0000000752200000, 0x0000000752400000, 0x0000000752400000|100%| O|  |TAMS 0x0000000752400000| PB 0x0000000752200000| Untracked |  0
| 112|0x0000000752400000, 0x0000000752600000, 0x0000000752600000|100%| O|  |TAMS 0x0000000752600000| PB 0x0000000752400000| Untracked |  0
| 113|0x0000000752600000, 0x0000000752800000, 0x0000000752800000|100%| O|  |TAMS 0x0000000752800000| PB 0x0000000752600000| Untracked |  0
| 114|0x0000000752800000, 0x0000000752a00000, 0x0000000752a00000|100%| O|  |TAMS 0x0000000752a00000| PB 0x0000000752800000| Untracked |  0
| 115|0x0000000752a00000, 0x0000000752c00000, 0x0000000752c00000|100%| O|  |TAMS 0x0000000752c00000| PB 0x0000000752a00000| Untracked |  0
| 116|0x0000000752c00000, 0x0000000752e00000, 0x0000000752e00000|100%| O|  |TAMS 0x0000000752e00000| PB 0x0000000752c00000| Untracked |  0
| 117|0x0000000752e00000, 0x0000000753000000, 0x0000000753000000|100%| O|  |TAMS 0x0000000753000000| PB 0x0000000752e00000| Untracked |  0
| 118|0x0000000753000000, 0x0000000753200000, 0x0000000753200000|100%| O|  |TAMS 0x0000000753200000| PB 0x0000000753000000| Untracked |  0
| 119|0x0000000753200000, 0x0000000753400000, 0x0000000753400000|100%| O|  |TAMS 0x0000000753400000| PB 0x0000000753200000| Untracked |  0
| 120|0x0000000753400000, 0x0000000753600000, 0x0000000753600000|100%| O|  |TAMS 0x0000000753600000| PB 0x0000000753400000| Untracked |  0
| 121|0x0000000753600000, 0x0000000753800000, 0x0000000753800000|100%| O|  |TAMS 0x0000000753800000| PB 0x0000000753600000| Untracked |  0
| 122|0x0000000753800000, 0x0000000753a00000, 0x0000000753a00000|100%| O|  |TAMS 0x0000000753a00000| PB 0x0000000753800000| Untracked |  0
| 123|0x0000000753a00000, 0x0000000753bffff8, 0x0000000753c00000| 99%| O|  |TAMS 0x0000000753bffff8| PB 0x0000000753a00000| Untracked |  0
| 124|0x0000000753c00000, 0x0000000753e00000, 0x0000000753e00000|100%| O|  |TAMS 0x0000000753e00000| PB 0x0000000753c00000| Untracked |  0
| 125|0x0000000753e00000, 0x0000000754000000, 0x0000000754000000|100%| O|  |TAMS 0x0000000754000000| PB 0x0000000753e00000| Untracked |  0
| 126|0x0000000754000000, 0x0000000754200000, 0x0000000754200000|100%| O|  |TAMS 0x0000000754200000| PB 0x0000000754000000| Untracked |  0
| 127|0x0000000754200000, 0x0000000754400000, 0x0000000754400000|100%| O|  |TAMS 0x0000000754400000| PB 0x0000000754200000| Untracked |  0
| 128|0x0000000754400000, 0x0000000754600000, 0x0000000754600000|100%| O|  |TAMS 0x0000000754600000| PB 0x0000000754400000| Untracked |  0
| 129|0x0000000754600000, 0x0000000754800000, 0x0000000754800000|100%| O|  |TAMS 0x0000000754800000| PB 0x0000000754600000| Untracked |  0
| 130|0x0000000754800000, 0x0000000754a00000, 0x0000000754a00000|100%| O|  |TAMS 0x0000000754a00000| PB 0x0000000754800000| Untracked |  0
| 131|0x0000000754a00000, 0x0000000754c00000, 0x0000000754c00000|100%| O|  |TAMS 0x0000000754c00000| PB 0x0000000754a00000| Untracked |  0
| 132|0x0000000754c00000, 0x0000000754e00000, 0x0000000754e00000|100%| O|  |TAMS 0x0000000754e00000| PB 0x0000000754c00000| Untracked |  0
| 133|0x0000000754e00000, 0x0000000755000000, 0x0000000755000000|100%| O|  |TAMS 0x0000000755000000| PB 0x0000000754e00000| Untracked |  0
| 134|0x0000000755000000, 0x0000000755200000, 0x0000000755200000|100%| O|  |TAMS 0x0000000755200000| PB 0x0000000755000000| Untracked |  0
| 135|0x0000000755200000, 0x0000000755400000, 0x0000000755400000|100%| O|  |TAMS 0x0000000755400000| PB 0x0000000755200000| Untracked |  0
| 136|0x0000000755400000, 0x0000000755600000, 0x0000000755600000|100%| O|  |TAMS 0x0000000755600000| PB 0x0000000755400000| Untracked |  0
| 137|0x0000000755600000, 0x0000000755800000, 0x0000000755800000|100%| O|  |TAMS 0x0000000755800000| PB 0x0000000755600000| Untracked |  0
| 138|0x0000000755800000, 0x0000000755a00000, 0x0000000755a00000|100%| O|  |TAMS 0x0000000755a00000| PB 0x0000000755800000| Untracked |  0
| 139|0x0000000755a00000, 0x0000000755c00000, 0x0000000755c00000|100%| O|  |TAMS 0x0000000755c00000| PB 0x0000000755a00000| Untracked |  0
| 140|0x0000000755c00000, 0x0000000755e00000, 0x0000000755e00000|100%| O|  |TAMS 0x0000000755e00000| PB 0x0000000755c00000| Untracked |  0
| 141|0x0000000755e00000, 0x0000000756000000, 0x0000000756000000|100%| O|  |TAMS 0x0000000756000000| PB 0x0000000755e00000| Untracked |  0
| 142|0x0000000756000000, 0x0000000756200000, 0x0000000756200000|100%| O|  |TAMS 0x0000000756200000| PB 0x0000000756000000| Untracked |  0
| 143|0x0000000756200000, 0x0000000756400000, 0x0000000756400000|100%| O|  |TAMS 0x0000000756400000| PB 0x0000000756200000| Untracked |  0
| 144|0x0000000756400000, 0x0000000756600000, 0x0000000756600000|100%| O|  |TAMS 0x0000000756600000| PB 0x0000000756400000| Untracked |  0
| 145|0x0000000756600000, 0x0000000756800000, 0x0000000756800000|100%| O|  |TAMS 0x0000000756800000| PB 0x0000000756600000| Untracked |  0
| 146|0x0000000756800000, 0x00000007569fffe8, 0x0000000756a00000| 99%| O|  |TAMS 0x00000007569fffe8| PB 0x0000000756800000| Untracked |  0
| 147|0x0000000756a00000, 0x0000000756bffff8, 0x0000000756c00000| 99%| O|  |TAMS 0x0000000756bffff8| PB 0x0000000756a00000| Untracked |  0
| 148|0x0000000756c00000, 0x0000000756dffff8, 0x0000000756e00000| 99%| O|  |TAMS 0x0000000756dffff8| PB 0x0000000756c00000| Untracked |  0
| 149|0x0000000756e00000, 0x0000000757000000, 0x0000000757000000|100%| O|  |TAMS 0x0000000757000000| PB 0x0000000756e00000| Untracked |  0
| 150|0x0000000757000000, 0x0000000757200000, 0x0000000757200000|100%| O|  |TAMS 0x0000000757200000| PB 0x0000000757000000| Untracked |  0
| 151|0x0000000757200000, 0x0000000757400000, 0x0000000757400000|100%| O|  |TAMS 0x0000000757400000| PB 0x0000000757200000| Untracked |  0
| 152|0x0000000757400000, 0x0000000757600000, 0x0000000757600000|100%| O|  |TAMS 0x0000000757600000| PB 0x0000000757400000| Untracked |  0
| 153|0x0000000757600000, 0x0000000757800000, 0x0000000757800000|100%| O|  |TAMS 0x0000000757800000| PB 0x0000000757600000| Untracked |  0
| 154|0x0000000757800000, 0x0000000757a00000, 0x0000000757a00000|100%| O|  |TAMS 0x0000000757a00000| PB 0x0000000757800000| Untracked |  0
| 155|0x0000000757a00000, 0x0000000757c00000, 0x0000000757c00000|100%| O|  |TAMS 0x0000000757c00000| PB 0x0000000757a00000| Untracked |  0
| 156|0x0000000757c00000, 0x0000000757e00000, 0x0000000757e00000|100%| O|  |TAMS 0x0000000757e00000| PB 0x0000000757c00000| Untracked |  0
| 157|0x0000000757e00000, 0x0000000758000000, 0x0000000758000000|100%| O|  |TAMS 0x0000000758000000| PB 0x0000000757e00000| Untracked |  0
| 158|0x0000000758000000, 0x00000007581fffd0, 0x0000000758200000| 99%| O|  |TAMS 0x00000007581fffd0| PB 0x0000000758000000| Untracked |  0
| 159|0x0000000758200000, 0x0000000758400000, 0x0000000758400000|100%| O|  |TAMS 0x0000000758400000| PB 0x0000000758200000| Untracked |  0
| 160|0x0000000758400000, 0x0000000758600000, 0x0000000758600000|100%| O|  |TAMS 0x0000000758600000| PB 0x0000000758400000| Untracked |  0
| 161|0x0000000758600000, 0x0000000758800000, 0x0000000758800000|100%| O|  |TAMS 0x0000000758800000| PB 0x0000000758600000| Untracked |  0
| 162|0x0000000758800000, 0x0000000758a00000, 0x0000000758a00000|100%| O|  |TAMS 0x0000000758a00000| PB 0x0000000758800000| Untracked |  0
| 163|0x0000000758a00000, 0x0000000758c00000, 0x0000000758c00000|100%| O|  |TAMS 0x0000000758c00000| PB 0x0000000758a00000| Untracked |  0
| 164|0x0000000758c00000, 0x0000000758e00000, 0x0000000758e00000|100%| O|  |TAMS 0x0000000758e00000| PB 0x0000000758c00000| Untracked |  0
| 165|0x0000000758e00000, 0x0000000759000000, 0x0000000759000000|100%| O|  |TAMS 0x0000000759000000| PB 0x0000000758e00000| Untracked |  0
| 166|0x0000000759000000, 0x0000000759200000, 0x0000000759200000|100%| O|  |TAMS 0x0000000759200000| PB 0x0000000759000000| Untracked |  0
| 167|0x0000000759200000, 0x0000000759400000, 0x0000000759400000|100%| O|  |TAMS 0x0000000759400000| PB 0x0000000759200000| Untracked |  0
| 168|0x0000000759400000, 0x0000000759600000, 0x0000000759600000|100%| O|  |TAMS 0x0000000759600000| PB 0x0000000759400000| Untracked |  0
| 169|0x0000000759600000, 0x0000000759800000, 0x0000000759800000|100%| O|  |TAMS 0x0000000759800000| PB 0x0000000759600000| Untracked |  0
| 170|0x0000000759800000, 0x00000007599fffe0, 0x0000000759a00000| 99%| O|  |TAMS 0x00000007599fffe0| PB 0x0000000759800000| Untracked |  0
| 171|0x0000000759a00000, 0x0000000759bffff0, 0x0000000759c00000| 99%| O|  |TAMS 0x0000000759bffff0| PB 0x0000000759a00000| Untracked |  0
| 172|0x0000000759c00000, 0x0000000759e00000, 0x0000000759e00000|100%| O|  |TAMS 0x0000000759e00000| PB 0x0000000759c00000| Untracked |  0
| 173|0x0000000759e00000, 0x000000075a000000, 0x000000075a000000|100%| O|  |TAMS 0x000000075a000000| PB 0x0000000759e00000| Untracked |  0
| 174|0x000000075a000000, 0x000000075a200000, 0x000000075a200000|100%| O|  |TAMS 0x000000075a200000| PB 0x000000075a000000| Untracked |  0
| 175|0x000000075a200000, 0x000000075a400000, 0x000000075a400000|100%| O|  |TAMS 0x000000075a400000| PB 0x000000075a200000| Untracked |  0
| 176|0x000000075a400000, 0x000000075a600000, 0x000000075a600000|100%| O|  |TAMS 0x000000075a600000| PB 0x000000075a400000| Untracked |  0
| 177|0x000000075a600000, 0x000000075a800000, 0x000000075a800000|100%| O|  |TAMS 0x000000075a800000| PB 0x000000075a600000| Untracked |  0
| 178|0x000000075a800000, 0x000000075aa00000, 0x000000075aa00000|100%| O|  |TAMS 0x000000075aa00000| PB 0x000000075a800000| Untracked |  0
| 179|0x000000075aa00000, 0x000000075ac00000, 0x000000075ac00000|100%| O|  |TAMS 0x000000075ac00000| PB 0x000000075aa00000| Untracked |  0
| 180|0x000000075ac00000, 0x000000075ae00000, 0x000000075ae00000|100%| O|  |TAMS 0x000000075ae00000| PB 0x000000075ac00000| Untracked |  0
| 181|0x000000075ae00000, 0x000000075b000000, 0x000000075b000000|100%| O|  |TAMS 0x000000075b000000| PB 0x000000075ae00000| Untracked |  0
| 182|0x000000075b000000, 0x000000075b200000, 0x000000075b200000|100%| O|  |TAMS 0x000000075b200000| PB 0x000000075b000000| Untracked |  0
| 183|0x000000075b200000, 0x000000075b400000, 0x000000075b400000|100%| O|  |TAMS 0x000000075b400000| PB 0x000000075b200000| Untracked |  0
| 184|0x000000075b400000, 0x000000075b600000, 0x000000075b600000|100%| O|  |TAMS 0x000000075b600000| PB 0x000000075b400000| Untracked |  0
| 185|0x000000075b600000, 0x000000075b800000, 0x000000075b800000|100%| O|  |TAMS 0x000000075b800000| PB 0x000000075b600000| Untracked |  0
| 186|0x000000075b800000, 0x000000075ba00000, 0x000000075ba00000|100%| O|  |TAMS 0x000000075ba00000| PB 0x000000075b800000| Untracked |  0
| 187|0x000000075ba00000, 0x000000075bc00000, 0x000000075bc00000|100%| O|  |TAMS 0x000000075bc00000| PB 0x000000075ba00000| Untracked |  0
| 188|0x000000075bc00000, 0x000000075be00000, 0x000000075be00000|100%| O|  |TAMS 0x000000075be00000| PB 0x000000075bc00000| Untracked |  0
| 189|0x000000075be00000, 0x000000075c000000, 0x000000075c000000|100%| O|  |TAMS 0x000000075c000000| PB 0x000000075be00000| Untracked |  0
| 190|0x000000075c000000, 0x000000075c200000, 0x000000075c200000|100%| O|  |TAMS 0x000000075c200000| PB 0x000000075c000000| Untracked |  0
| 191|0x000000075c200000, 0x000000075c400000, 0x000000075c400000|100%| O|  |TAMS 0x000000075c400000| PB 0x000000075c200000| Untracked |  0
| 192|0x000000075c400000, 0x000000075c600000, 0x000000075c600000|100%| O|  |TAMS 0x000000075c600000| PB 0x000000075c400000| Untracked |  0
| 193|0x000000075c600000, 0x000000075c7fffd0, 0x000000075c800000| 99%| O|  |TAMS 0x000000075c7fffd0| PB 0x000000075c600000| Untracked |  0
| 194|0x000000075c800000, 0x000000075ca00000, 0x000000075ca00000|100%| O|  |TAMS 0x000000075ca00000| PB 0x000000075c800000| Untracked |  0
| 195|0x000000075ca00000, 0x000000075cbfffe0, 0x000000075cc00000| 99%| O|  |TAMS 0x000000075cbfffe0| PB 0x000000075ca00000| Untracked |  0
| 196|0x000000075cc00000, 0x000000075ce00000, 0x000000075ce00000|100%| O|  |TAMS 0x000000075ce00000| PB 0x000000075cc00000| Untracked |  0
| 197|0x000000075ce00000, 0x000000075d000000, 0x000000075d000000|100%| O|  |TAMS 0x000000075d000000| PB 0x000000075ce00000| Untracked |  0
| 198|0x000000075d000000, 0x000000075d200000, 0x000000075d200000|100%| O|  |TAMS 0x000000075d200000| PB 0x000000075d000000| Untracked |  0
| 199|0x000000075d200000, 0x000000075d3fffe8, 0x000000075d400000| 99%| O|  |TAMS 0x000000075d3fffe8| PB 0x000000075d200000| Untracked |  0
| 200|0x000000075d400000, 0x000000075d600000, 0x000000075d600000|100%| O|  |TAMS 0x000000075d600000| PB 0x000000075d400000| Untracked |  0
| 201|0x000000075d600000, 0x000000075d800000, 0x000000075d800000|100%| O|  |TAMS 0x000000075d800000| PB 0x000000075d600000| Untracked |  0
| 202|0x000000075d800000, 0x000000075da00000, 0x000000075da00000|100%| O|  |TAMS 0x000000075da00000| PB 0x000000075d800000| Untracked |  0
| 203|0x000000075da00000, 0x000000075dc00000, 0x000000075dc00000|100%| O|  |TAMS 0x000000075dc00000| PB 0x000000075da00000| Untracked |  0
| 204|0x000000075dc00000, 0x000000075de00000, 0x000000075de00000|100%| O|  |TAMS 0x000000075de00000| PB 0x000000075dc00000| Untracked |  0
| 205|0x000000075de00000, 0x000000075e000000, 0x000000075e000000|100%| O|  |TAMS 0x000000075e000000| PB 0x000000075de00000| Untracked |  0
| 206|0x000000075e000000, 0x000000075e200000, 0x000000075e200000|100%| O|  |TAMS 0x000000075e200000| PB 0x000000075e000000| Untracked |  0
| 207|0x000000075e200000, 0x000000075e400000, 0x000000075e400000|100%| O|  |TAMS 0x000000075e400000| PB 0x000000075e200000| Untracked |  0
| 208|0x000000075e400000, 0x000000075e600000, 0x000000075e600000|100%| O|  |TAMS 0x000000075e600000| PB 0x000000075e400000| Untracked |  0
| 209|0x000000075e600000, 0x000000075e7fffe8, 0x000000075e800000| 99%| O|  |TAMS 0x000000075e7fffe8| PB 0x000000075e600000| Untracked |  0
| 210|0x000000075e800000, 0x000000075ea00000, 0x000000075ea00000|100%| O|  |TAMS 0x000000075ea00000| PB 0x000000075e800000| Untracked |  0
| 211|0x000000075ea00000, 0x000000075ebffff0, 0x000000075ec00000| 99%| O|  |TAMS 0x000000075ebffff0| PB 0x000000075ea00000| Untracked |  0
| 212|0x000000075ec00000, 0x000000075ee00000, 0x000000075ee00000|100%| O|  |TAMS 0x000000075ee00000| PB 0x000000075ec00000| Untracked |  0
| 213|0x000000075ee00000, 0x000000075f000000, 0x000000075f000000|100%| O|  |TAMS 0x000000075f000000| PB 0x000000075ee00000| Untracked |  0
| 214|0x000000075f000000, 0x000000075f200000, 0x000000075f200000|100%| O|  |TAMS 0x000000075f200000| PB 0x000000075f000000| Untracked |  0
| 215|0x000000075f200000, 0x000000075f400000, 0x000000075f400000|100%| O|  |TAMS 0x000000075f400000| PB 0x000000075f200000| Untracked |  0
| 216|0x000000075f400000, 0x000000075f600000, 0x000000075f600000|100%| O|  |TAMS 0x000000075f600000| PB 0x000000075f400000| Untracked |  0
| 217|0x000000075f600000, 0x000000075f800000, 0x000000075f800000|100%| O|  |TAMS 0x000000075f800000| PB 0x000000075f600000| Untracked |  0
| 218|0x000000075f800000, 0x000000075f9fffd8, 0x000000075fa00000| 99%| O|  |TAMS 0x000000075f9fffd8| PB 0x000000075f800000| Untracked |  0
| 219|0x000000075fa00000, 0x000000075fc00000, 0x000000075fc00000|100%| O|  |TAMS 0x000000075fc00000| PB 0x000000075fa00000| Untracked |  0
| 220|0x000000075fc00000, 0x000000075fe00000, 0x000000075fe00000|100%| O|  |TAMS 0x000000075fe00000| PB 0x000000075fc00000| Untracked |  0
| 221|0x000000075fe00000, 0x0000000760000000, 0x0000000760000000|100%| O|  |TAMS 0x0000000760000000| PB 0x000000075fe00000| Untracked |  0
| 222|0x0000000760000000, 0x0000000760200000, 0x0000000760200000|100%| O|  |TAMS 0x0000000760200000| PB 0x0000000760000000| Untracked |  0
| 223|0x0000000760200000, 0x0000000760400000, 0x0000000760400000|100%| O|  |TAMS 0x0000000760400000| PB 0x0000000760200000| Untracked |  0
| 224|0x0000000760400000, 0x0000000760600000, 0x0000000760600000|100%| O|  |TAMS 0x0000000760600000| PB 0x0000000760400000| Untracked |  0
| 225|0x0000000760600000, 0x0000000760800000, 0x0000000760800000|100%| O|  |TAMS 0x0000000760800000| PB 0x0000000760600000| Untracked |  0
| 226|0x0000000760800000, 0x0000000760a00000, 0x0000000760a00000|100%| O|  |TAMS 0x0000000760a00000| PB 0x0000000760800000| Untracked |  0
| 227|0x0000000760a00000, 0x0000000760bfffe8, 0x0000000760c00000| 99%| O|  |TAMS 0x0000000760bfffe8| PB 0x0000000760a00000| Untracked |  0
| 228|0x0000000760c00000, 0x0000000760dfffd8, 0x0000000760e00000| 99%| O|  |TAMS 0x0000000760dfffd8| PB 0x0000000760c00000| Untracked |  0
| 229|0x0000000760e00000, 0x0000000761000000, 0x0000000761000000|100%| O|  |TAMS 0x0000000761000000| PB 0x0000000760e00000| Untracked |  0
| 230|0x0000000761000000, 0x0000000761200000, 0x0000000761200000|100%| O|  |TAMS 0x0000000761200000| PB 0x0000000761000000| Untracked |  0
| 231|0x0000000761200000, 0x0000000761400000, 0x0000000761400000|100%| O|  |TAMS 0x0000000761400000| PB 0x0000000761200000| Untracked |  0
| 232|0x0000000761400000, 0x0000000761600000, 0x0000000761600000|100%| O|  |TAMS 0x0000000761600000| PB 0x0000000761400000| Untracked |  0
| 233|0x0000000761600000, 0x00000007617fffe8, 0x0000000761800000| 99%| O|  |TAMS 0x00000007617fffe8| PB 0x0000000761600000| Untracked |  0
| 234|0x0000000761800000, 0x0000000761a00000, 0x0000000761a00000|100%| O|  |TAMS 0x0000000761a00000| PB 0x0000000761800000| Untracked |  0
| 235|0x0000000761a00000, 0x0000000761c00000, 0x0000000761c00000|100%| O|  |TAMS 0x0000000761c00000| PB 0x0000000761a00000| Untracked |  0
| 236|0x0000000761c00000, 0x0000000761e00000, 0x0000000761e00000|100%| O|  |TAMS 0x0000000761e00000| PB 0x0000000761c00000| Untracked |  0
| 237|0x0000000761e00000, 0x0000000762000000, 0x0000000762000000|100%| O|  |TAMS 0x0000000762000000| PB 0x0000000761e00000| Untracked |  0
| 238|0x0000000762000000, 0x0000000762200000, 0x0000000762200000|100%| O|  |TAMS 0x0000000762200000| PB 0x0000000762000000| Untracked |  0
| 239|0x0000000762200000, 0x0000000762400000, 0x0000000762400000|100%| O|  |TAMS 0x0000000762400000| PB 0x0000000762200000| Untracked |  0
| 240|0x0000000762400000, 0x0000000762600000, 0x0000000762600000|100%| O|  |TAMS 0x0000000762600000| PB 0x0000000762400000| Untracked |  0
| 241|0x0000000762600000, 0x0000000762800000, 0x0000000762800000|100%| O|  |TAMS 0x0000000762800000| PB 0x0000000762600000| Untracked |  0
| 242|0x0000000762800000, 0x0000000762a00000, 0x0000000762a00000|100%| O|  |TAMS 0x0000000762a00000| PB 0x0000000762800000| Untracked |  0
| 243|0x0000000762a00000, 0x0000000762c00000, 0x0000000762c00000|100%| O|  |TAMS 0x0000000762c00000| PB 0x0000000762a00000| Untracked |  0
| 244|0x0000000762c00000, 0x0000000762e00000, 0x0000000762e00000|100%| O|  |TAMS 0x0000000762e00000| PB 0x0000000762c00000| Untracked |  0
| 245|0x0000000762e00000, 0x0000000763000000, 0x0000000763000000|100%| O|  |TAMS 0x0000000763000000| PB 0x0000000762e00000| Untracked |  0
| 246|0x0000000763000000, 0x0000000763200000, 0x0000000763200000|100%| O|  |TAMS 0x0000000763200000| PB 0x0000000763000000| Untracked |  0
| 247|0x0000000763200000, 0x0000000763400000, 0x0000000763400000|100%| O|  |TAMS 0x0000000763400000| PB 0x0000000763200000| Untracked |  0
| 248|0x0000000763400000, 0x0000000763600000, 0x0000000763600000|100%| O|  |TAMS 0x0000000763600000| PB 0x0000000763400000| Untracked |  0
| 249|0x0000000763600000, 0x0000000763800000, 0x0000000763800000|100%| O|  |TAMS 0x0000000763800000| PB 0x0000000763600000| Untracked |  0
| 250|0x0000000763800000, 0x0000000763a00000, 0x0000000763a00000|100%| O|  |TAMS 0x0000000763a00000| PB 0x0000000763800000| Untracked |  0
| 251|0x0000000763a00000, 0x0000000763c00000, 0x0000000763c00000|100%| O|  |TAMS 0x0000000763c00000| PB 0x0000000763a00000| Untracked |  0
| 252|0x0000000763c00000, 0x0000000763e00000, 0x0000000763e00000|100%| O|  |TAMS 0x0000000763e00000| PB 0x0000000763c00000| Untracked |  0
| 253|0x0000000763e00000, 0x0000000764000000, 0x0000000764000000|100%| O|  |TAMS 0x0000000764000000| PB 0x0000000763e00000| Untracked |  0
| 254|0x0000000764000000, 0x0000000764200000, 0x0000000764200000|100%| O|  |TAMS 0x0000000764200000| PB 0x0000000764000000| Untracked |  0
| 255|0x0000000764200000, 0x0000000764400000, 0x0000000764400000|100%| O|  |TAMS 0x0000000764400000| PB 0x0000000764200000| Untracked |  0
| 256|0x0000000764400000, 0x0000000764600000, 0x0000000764600000|100%| O|  |TAMS 0x0000000764600000| PB 0x0000000764400000| Untracked |  0
| 257|0x0000000764600000, 0x0000000764800000, 0x0000000764800000|100%| O|  |TAMS 0x0000000764800000| PB 0x0000000764600000| Untracked |  0
| 258|0x0000000764800000, 0x0000000764a00000, 0x0000000764a00000|100%| O|  |TAMS 0x0000000764a00000| PB 0x0000000764800000| Untracked |  0
| 259|0x0000000764a00000, 0x0000000764c00000, 0x0000000764c00000|100%| O|  |TAMS 0x0000000764c00000| PB 0x0000000764a00000| Untracked |  0
| 260|0x0000000764c00000, 0x0000000764e00000, 0x0000000764e00000|100%| O|  |TAMS 0x0000000764e00000| PB 0x0000000764c00000| Untracked |  0
| 261|0x0000000764e00000, 0x0000000765000000, 0x0000000765000000|100%| O|  |TAMS 0x0000000765000000| PB 0x0000000764e00000| Untracked |  0
| 262|0x0000000765000000, 0x0000000765200000, 0x0000000765200000|100%| O|  |TAMS 0x0000000765200000| PB 0x0000000765000000| Untracked |  0
| 263|0x0000000765200000, 0x0000000765400000, 0x0000000765400000|100%| O|  |TAMS 0x0000000765400000| PB 0x0000000765200000| Untracked |  0
| 264|0x0000000765400000, 0x0000000765600000, 0x0000000765600000|100%| O|  |TAMS 0x0000000765600000| PB 0x0000000765400000| Untracked |  0
| 265|0x0000000765600000, 0x0000000765800000, 0x0000000765800000|100%| O|  |TAMS 0x0000000765800000| PB 0x0000000765600000| Untracked |  0
| 266|0x0000000765800000, 0x0000000765a00000, 0x0000000765a00000|100%| O|  |TAMS 0x0000000765a00000| PB 0x0000000765800000| Untracked |  0
| 267|0x0000000765a00000, 0x0000000765c00000, 0x0000000765c00000|100%| O|  |TAMS 0x0000000765c00000| PB 0x0000000765a00000| Untracked |  0
| 268|0x0000000765c00000, 0x0000000765e00000, 0x0000000765e00000|100%| O|  |TAMS 0x0000000765e00000| PB 0x0000000765c00000| Untracked |  0
| 269|0x0000000765e00000, 0x0000000766000000, 0x0000000766000000|100%| O|  |TAMS 0x0000000766000000| PB 0x0000000765e00000| Untracked |  0
| 270|0x0000000766000000, 0x0000000766200000, 0x0000000766200000|100%| O|  |TAMS 0x0000000766200000| PB 0x0000000766000000| Untracked |  0
| 271|0x0000000766200000, 0x0000000766400000, 0x0000000766400000|100%| O|  |TAMS 0x0000000766400000| PB 0x0000000766200000| Untracked |  0
| 272|0x0000000766400000, 0x0000000766600000, 0x0000000766600000|100%| O|  |TAMS 0x0000000766600000| PB 0x0000000766400000| Untracked |  0
| 273|0x0000000766600000, 0x0000000766800000, 0x0000000766800000|100%| O|  |TAMS 0x0000000766800000| PB 0x0000000766600000| Untracked |  0
| 274|0x0000000766800000, 0x0000000766a00000, 0x0000000766a00000|100%| O|  |TAMS 0x0000000766a00000| PB 0x0000000766800000| Untracked |  0
| 275|0x0000000766a00000, 0x0000000766bffff0, 0x0000000766c00000| 99%| O|  |TAMS 0x0000000766bffff0| PB 0x0000000766a00000| Untracked |  0
| 276|0x0000000766c00000, 0x0000000766e00000, 0x0000000766e00000|100%| O|  |TAMS 0x0000000766e00000| PB 0x0000000766c00000| Untracked |  0
| 277|0x0000000766e00000, 0x0000000766fffff0, 0x0000000767000000| 99%| O|  |TAMS 0x0000000766fffff0| PB 0x0000000766e00000| Untracked |  0
| 278|0x0000000767000000, 0x0000000767200000, 0x0000000767200000|100%| O|  |TAMS 0x0000000767200000| PB 0x0000000767000000| Untracked |  0
| 279|0x0000000767200000, 0x0000000767400000, 0x0000000767400000|100%| O|  |TAMS 0x0000000767400000| PB 0x0000000767200000| Untracked |  0
| 280|0x0000000767400000, 0x0000000767600000, 0x0000000767600000|100%| O|  |TAMS 0x0000000767600000| PB 0x0000000767400000| Untracked |  0
| 281|0x0000000767600000, 0x0000000767800000, 0x0000000767800000|100%| O|  |TAMS 0x0000000767800000| PB 0x0000000767600000| Untracked |  0
| 282|0x0000000767800000, 0x0000000767a00000, 0x0000000767a00000|100%| O|  |TAMS 0x0000000767a00000| PB 0x0000000767800000| Untracked |  0
| 283|0x0000000767a00000, 0x0000000767c00000, 0x0000000767c00000|100%| O|  |TAMS 0x0000000767c00000| PB 0x0000000767a00000| Untracked |  0
| 284|0x0000000767c00000, 0x0000000767e00000, 0x0000000767e00000|100%| O|  |TAMS 0x0000000767e00000| PB 0x0000000767c00000| Untracked |  0
| 285|0x0000000767e00000, 0x0000000768000000, 0x0000000768000000|100%| O|  |TAMS 0x0000000768000000| PB 0x0000000767e00000| Untracked |  0
| 286|0x0000000768000000, 0x0000000768200000, 0x0000000768200000|100%| O|  |TAMS 0x0000000768200000| PB 0x0000000768000000| Untracked |  0
| 287|0x0000000768200000, 0x0000000768400000, 0x0000000768400000|100%| O|  |TAMS 0x0000000768400000| PB 0x0000000768200000| Untracked |  0
| 288|0x0000000768400000, 0x0000000768600000, 0x0000000768600000|100%| O|  |TAMS 0x0000000768600000| PB 0x0000000768400000| Untracked |  0
| 289|0x0000000768600000, 0x0000000768800000, 0x0000000768800000|100%| O|  |TAMS 0x0000000768800000| PB 0x0000000768600000| Untracked |  0
| 290|0x0000000768800000, 0x0000000768a00000, 0x0000000768a00000|100%| O|  |TAMS 0x0000000768a00000| PB 0x0000000768800000| Untracked |  0
| 291|0x0000000768a00000, 0x0000000768c00000, 0x0000000768c00000|100%| O|  |TAMS 0x0000000768c00000| PB 0x0000000768a00000| Untracked |  0
| 292|0x0000000768c00000, 0x0000000768e00000, 0x0000000768e00000|100%| O|  |TAMS 0x0000000768e00000| PB 0x0000000768c00000| Untracked |  0
| 293|0x0000000768e00000, 0x0000000768fffff8, 0x0000000769000000| 99%| O|  |TAMS 0x0000000768fffff8| PB 0x0000000768e00000| Untracked |  0
| 294|0x0000000769000000, 0x0000000769200000, 0x0000000769200000|100%| O|  |TAMS 0x0000000769200000| PB 0x0000000769000000| Untracked |  0
| 295|0x0000000769200000, 0x00000007693ffff0, 0x0000000769400000| 99%| O|  |TAMS 0x00000007693ffff0| PB 0x0000000769200000| Untracked |  0
| 296|0x0000000769400000, 0x0000000769600000, 0x0000000769600000|100%| O|  |TAMS 0x0000000769600000| PB 0x0000000769400000| Untracked |  0
| 297|0x0000000769600000, 0x0000000769800000, 0x0000000769800000|100%| O|  |TAMS 0x0000000769800000| PB 0x0000000769600000| Untracked |  0
| 298|0x0000000769800000, 0x0000000769a00000, 0x0000000769a00000|100%| O|  |TAMS 0x0000000769a00000| PB 0x0000000769800000| Untracked |  0
| 299|0x0000000769a00000, 0x0000000769c00000, 0x0000000769c00000|100%| O|  |TAMS 0x0000000769c00000| PB 0x0000000769a00000| Untracked |  0
| 300|0x0000000769c00000, 0x0000000769e00000, 0x0000000769e00000|100%| O|  |TAMS 0x0000000769e00000| PB 0x0000000769c00000| Untracked |  0
| 301|0x0000000769e00000, 0x000000076a000000, 0x000000076a000000|100%| O|  |TAMS 0x000000076a000000| PB 0x0000000769e00000| Untracked |  0
| 302|0x000000076a000000, 0x000000076a200000, 0x000000076a200000|100%| O|  |TAMS 0x000000076a200000| PB 0x000000076a000000| Untracked |  0
| 303|0x000000076a200000, 0x000000076a400000, 0x000000076a400000|100%| O|  |TAMS 0x000000076a400000| PB 0x000000076a200000| Untracked |  0
| 304|0x000000076a400000, 0x000000076a600000, 0x000000076a600000|100%| O|  |TAMS 0x000000076a600000| PB 0x000000076a400000| Untracked |  0
| 305|0x000000076a600000, 0x000000076a7fffd8, 0x000000076a800000| 99%| O|  |TAMS 0x000000076a7fffd8| PB 0x000000076a600000| Untracked |  0
| 306|0x000000076a800000, 0x000000076aa00000, 0x000000076aa00000|100%| O|  |TAMS 0x000000076aa00000| PB 0x000000076a800000| Untracked |  0
| 307|0x000000076aa00000, 0x000000076ac00000, 0x000000076ac00000|100%| O|  |TAMS 0x000000076ac00000| PB 0x000000076aa00000| Untracked |  0
| 308|0x000000076ac00000, 0x000000076ae00000, 0x000000076ae00000|100%| O|  |TAMS 0x000000076ae00000| PB 0x000000076ac00000| Untracked |  0
| 309|0x000000076ae00000, 0x000000076b000000, 0x000000076b000000|100%| O|  |TAMS 0x000000076b000000| PB 0x000000076ae00000| Untracked |  0
| 310|0x000000076b000000, 0x000000076b200000, 0x000000076b200000|100%| O|  |TAMS 0x000000076b200000| PB 0x000000076b000000| Untracked |  0
| 311|0x000000076b200000, 0x000000076b400000, 0x000000076b400000|100%| O|  |TAMS 0x000000076b400000| PB 0x000000076b200000| Untracked |  0
| 312|0x000000076b400000, 0x000000076b600000, 0x000000076b600000|100%| O|  |TAMS 0x000000076b600000| PB 0x000000076b400000| Untracked |  0
| 313|0x000000076b600000, 0x000000076b800000, 0x000000076b800000|100%| O|  |TAMS 0x000000076b800000| PB 0x000000076b600000| Untracked |  0
| 314|0x000000076b800000, 0x000000076ba00000, 0x000000076ba00000|100%| O|  |TAMS 0x000000076ba00000| PB 0x000000076b800000| Untracked |  0
| 315|0x000000076ba00000, 0x000000076bc00000, 0x000000076bc00000|100%| O|  |TAMS 0x000000076bc00000| PB 0x000000076ba00000| Untracked |  0
| 316|0x000000076bc00000, 0x000000076bdffff8, 0x000000076be00000| 99%| O|  |TAMS 0x000000076bdffff8| PB 0x000000076bc00000| Untracked |  0
| 317|0x000000076be00000, 0x000000076c000000, 0x000000076c000000|100%| O|  |TAMS 0x000000076c000000| PB 0x000000076be00000| Untracked |  0
| 318|0x000000076c000000, 0x000000076c200000, 0x000000076c200000|100%| O|  |TAMS 0x000000076c200000| PB 0x000000076c000000| Untracked |  0
| 319|0x000000076c200000, 0x000000076c400000, 0x000000076c400000|100%| O|  |TAMS 0x000000076c400000| PB 0x000000076c200000| Untracked |  0
| 320|0x000000076c400000, 0x000000076c600000, 0x000000076c600000|100%| O|  |TAMS 0x000000076c600000| PB 0x000000076c400000| Untracked |  0
| 321|0x000000076c600000, 0x000000076c800000, 0x000000076c800000|100%| O|  |TAMS 0x000000076c800000| PB 0x000000076c600000| Untracked |  0
| 322|0x000000076c800000, 0x000000076ca00000, 0x000000076ca00000|100%| O|  |TAMS 0x000000076ca00000| PB 0x000000076c800000| Untracked |  0
| 323|0x000000076ca00000, 0x000000076cc00000, 0x000000076cc00000|100%| O|  |TAMS 0x000000076cc00000| PB 0x000000076ca00000| Untracked |  0
| 324|0x000000076cc00000, 0x000000076ce00000, 0x000000076ce00000|100%| O|  |TAMS 0x000000076ce00000| PB 0x000000076cc00000| Untracked |  0
| 325|0x000000076ce00000, 0x000000076d000000, 0x000000076d000000|100%| O|  |TAMS 0x000000076d000000| PB 0x000000076ce00000| Untracked |  0
| 326|0x000000076d000000, 0x000000076d200000, 0x000000076d200000|100%| O|  |TAMS 0x000000076d200000| PB 0x000000076d000000| Untracked |  0
| 327|0x000000076d200000, 0x000000076d400000, 0x000000076d400000|100%| O|  |TAMS 0x000000076d400000| PB 0x000000076d200000| Untracked |  0
| 328|0x000000076d400000, 0x000000076d600000, 0x000000076d600000|100%| O|  |TAMS 0x000000076d600000| PB 0x000000076d400000| Untracked |  0
| 329|0x000000076d600000, 0x000000076d800000, 0x000000076d800000|100%| O|  |TAMS 0x000000076d800000| PB 0x000000076d600000| Untracked |  0
| 330|0x000000076d800000, 0x000000076da00000, 0x000000076da00000|100%| O|  |TAMS 0x000000076da00000| PB 0x000000076d800000| Untracked |  0
| 331|0x000000076da00000, 0x000000076dc00000, 0x000000076dc00000|100%| O|  |TAMS 0x000000076dc00000| PB 0x000000076da00000| Untracked |  0
| 332|0x000000076dc00000, 0x000000076de00000, 0x000000076de00000|100%| O|  |TAMS 0x000000076de00000| PB 0x000000076dc00000| Untracked |  0
| 333|0x000000076de00000, 0x000000076e000000, 0x000000076e000000|100%| O|  |TAMS 0x000000076e000000| PB 0x000000076de00000| Untracked |  0
| 334|0x000000076e000000, 0x000000076e200000, 0x000000076e200000|100%| O|  |TAMS 0x000000076e200000| PB 0x000000076e000000| Untracked |  0
| 335|0x000000076e200000, 0x000000076e400000, 0x000000076e400000|100%| O|  |TAMS 0x000000076e400000| PB 0x000000076e200000| Untracked |  0
| 336|0x000000076e400000, 0x000000076e600000, 0x000000076e600000|100%| O|  |TAMS 0x000000076e600000| PB 0x000000076e400000| Untracked |  0
| 337|0x000000076e600000, 0x000000076e800000, 0x000000076e800000|100%| O|  |TAMS 0x000000076e800000| PB 0x000000076e600000| Untracked |  0
| 338|0x000000076e800000, 0x000000076ea00000, 0x000000076ea00000|100%| O|  |TAMS 0x000000076ea00000| PB 0x000000076e800000| Untracked |  0
| 339|0x000000076ea00000, 0x000000076ec00000, 0x000000076ec00000|100%| O|  |TAMS 0x000000076ec00000| PB 0x000000076ea00000| Untracked |  0
| 340|0x000000076ec00000, 0x000000076ee00000, 0x000000076ee00000|100%| O|  |TAMS 0x000000076ee00000| PB 0x000000076ec00000| Untracked |  0
| 341|0x000000076ee00000, 0x000000076f000000, 0x000000076f000000|100%| O|  |TAMS 0x000000076f000000| PB 0x000000076ee00000| Untracked |  0
| 342|0x000000076f000000, 0x000000076f200000, 0x000000076f200000|100%| O|  |TAMS 0x000000076f200000| PB 0x000000076f000000| Untracked |  0
| 343|0x000000076f200000, 0x000000076f400000, 0x000000076f400000|100%| O|  |TAMS 0x000000076f400000| PB 0x000000076f200000| Untracked |  0
| 344|0x000000076f400000, 0x000000076f600000, 0x000000076f600000|100%| O|  |TAMS 0x000000076f600000| PB 0x000000076f400000| Untracked |  0
| 345|0x000000076f600000, 0x000000076f7ffff8, 0x000000076f800000| 99%| O|  |TAMS 0x000000076f7ffff8| PB 0x000000076f600000| Untracked |  0
| 346|0x000000076f800000, 0x000000076f9ffff0, 0x000000076fa00000| 99%| O|  |TAMS 0x000000076f9ffff0| PB 0x000000076f800000| Untracked |  0
| 347|0x000000076fa00000, 0x000000076fbfffd8, 0x000000076fc00000| 99%| O|  |TAMS 0x000000076fbfffd8| PB 0x000000076fa00000| Untracked |  0
| 348|0x000000076fc00000, 0x000000076fe00000, 0x000000076fe00000|100%| O|  |TAMS 0x000000076fe00000| PB 0x000000076fc00000| Untracked |  0
| 349|0x000000076fe00000, 0x0000000770000000, 0x0000000770000000|100%| O|  |TAMS 0x0000000770000000| PB 0x000000076fe00000| Untracked |  0
| 350|0x0000000770000000, 0x0000000770200000, 0x0000000770200000|100%| O|  |TAMS 0x0000000770200000| PB 0x0000000770000000| Untracked |  0
| 351|0x0000000770200000, 0x0000000770400000, 0x0000000770400000|100%| O|  |TAMS 0x0000000770400000| PB 0x0000000770200000| Untracked |  0
| 352|0x0000000770400000, 0x0000000770600000, 0x0000000770600000|100%| O|  |TAMS 0x0000000770600000| PB 0x0000000770400000| Untracked |  0
| 353|0x0000000770600000, 0x0000000770800000, 0x0000000770800000|100%| O|  |TAMS 0x0000000770800000| PB 0x0000000770600000| Untracked |  0
| 354|0x0000000770800000, 0x00000007709ffff0, 0x0000000770a00000| 99%| O|  |TAMS 0x00000007709ffff0| PB 0x0000000770800000| Untracked |  0
| 355|0x0000000770a00000, 0x0000000770c00000, 0x0000000770c00000|100%| O|  |TAMS 0x0000000770c00000| PB 0x0000000770a00000| Untracked |  0
| 356|0x0000000770c00000, 0x0000000770e00000, 0x0000000770e00000|100%| O|  |TAMS 0x0000000770e00000| PB 0x0000000770c00000| Untracked |  0
| 357|0x0000000770e00000, 0x0000000771000000, 0x0000000771000000|100%| O|  |TAMS 0x0000000771000000| PB 0x0000000770e00000| Untracked |  0
| 358|0x0000000771000000, 0x0000000771200000, 0x0000000771200000|100%| O|  |TAMS 0x0000000771200000| PB 0x0000000771000000| Untracked |  0
| 359|0x0000000771200000, 0x0000000771400000, 0x0000000771400000|100%| O|  |TAMS 0x0000000771400000| PB 0x0000000771200000| Untracked |  0
| 360|0x0000000771400000, 0x0000000771600000, 0x0000000771600000|100%| O|  |TAMS 0x0000000771600000| PB 0x0000000771400000| Untracked |  0
| 361|0x0000000771600000, 0x0000000771800000, 0x0000000771800000|100%| O|  |TAMS 0x0000000771800000| PB 0x0000000771600000| Untracked |  0
| 362|0x0000000771800000, 0x0000000771a00000, 0x0000000771a00000|100%| O|  |TAMS 0x0000000771a00000| PB 0x0000000771800000| Untracked |  0
| 363|0x0000000771a00000, 0x0000000771c00000, 0x0000000771c00000|100%| O|  |TAMS 0x0000000771c00000| PB 0x0000000771a00000| Untracked |  0
| 364|0x0000000771c00000, 0x0000000771e00000, 0x0000000771e00000|100%| O|  |TAMS 0x0000000771e00000| PB 0x0000000771c00000| Untracked |  0
| 365|0x0000000771e00000, 0x0000000771ffffe0, 0x0000000772000000| 99%| O|  |TAMS 0x0000000771ffffe0| PB 0x0000000771e00000| Untracked |  0
| 366|0x0000000772000000, 0x00000007721fffe8, 0x0000000772200000| 99%| O|  |TAMS 0x00000007721fffe8| PB 0x0000000772000000| Untracked |  0
| 367|0x0000000772200000, 0x0000000772400000, 0x0000000772400000|100%| O|  |TAMS 0x0000000772400000| PB 0x0000000772200000| Untracked |  0
| 368|0x0000000772400000, 0x0000000772600000, 0x0000000772600000|100%| O|  |TAMS 0x0000000772600000| PB 0x0000000772400000| Untracked |  0
| 369|0x0000000772600000, 0x00000007727ffff0, 0x0000000772800000| 99%| O|  |TAMS 0x00000007727ffff0| PB 0x0000000772600000| Untracked |  0
| 370|0x0000000772800000, 0x0000000772a00000, 0x0000000772a00000|100%| O|  |TAMS 0x0000000772a00000| PB 0x0000000772800000| Untracked |  0
| 371|0x0000000772a00000, 0x0000000772c00000, 0x0000000772c00000|100%| O|  |TAMS 0x0000000772c00000| PB 0x0000000772a00000| Untracked |  0
| 372|0x0000000772c00000, 0x0000000772e00000, 0x0000000772e00000|100%| O|  |TAMS 0x0000000772e00000| PB 0x0000000772c00000| Untracked |  0
| 373|0x0000000772e00000, 0x0000000773000000, 0x0000000773000000|100%| O|  |TAMS 0x0000000773000000| PB 0x0000000772e00000| Untracked |  0
| 374|0x0000000773000000, 0x0000000773200000, 0x0000000773200000|100%| O|  |TAMS 0x0000000773200000| PB 0x0000000773000000| Untracked |  0
| 375|0x0000000773200000, 0x00000007733ffff0, 0x0000000773400000| 99%| O|  |TAMS 0x00000007733ffff0| PB 0x0000000773200000| Untracked |  0
| 376|0x0000000773400000, 0x00000007735fffe8, 0x0000000773600000| 99%| O|  |TAMS 0x00000007735fffe8| PB 0x0000000773400000| Untracked |  0
| 377|0x0000000773600000, 0x0000000773800000, 0x0000000773800000|100%| O|  |TAMS 0x0000000773800000| PB 0x0000000773600000| Untracked |  0
| 378|0x0000000773800000, 0x0000000773a00000, 0x0000000773a00000|100%| O|  |TAMS 0x0000000773a00000| PB 0x0000000773800000| Untracked |  0
| 379|0x0000000773a00000, 0x0000000773c00000, 0x0000000773c00000|100%| O|  |TAMS 0x0000000773c00000| PB 0x0000000773a00000| Untracked |  0
| 380|0x0000000773c00000, 0x0000000773e00000, 0x0000000773e00000|100%| O|  |TAMS 0x0000000773e00000| PB 0x0000000773c00000| Untracked |  0
| 381|0x0000000773e00000, 0x0000000774000000, 0x0000000774000000|100%| O|  |TAMS 0x0000000774000000| PB 0x0000000773e00000| Untracked |  0
| 382|0x0000000774000000, 0x0000000774200000, 0x0000000774200000|100%| O|  |TAMS 0x0000000774200000| PB 0x0000000774000000| Untracked |  0
| 383|0x0000000774200000, 0x0000000774400000, 0x0000000774400000|100%| O|  |TAMS 0x0000000774400000| PB 0x0000000774200000| Untracked |  0
| 384|0x0000000774400000, 0x0000000774600000, 0x0000000774600000|100%| O|  |TAMS 0x0000000774600000| PB 0x0000000774400000| Untracked |  0
| 385|0x0000000774600000, 0x0000000774800000, 0x0000000774800000|100%| O|  |TAMS 0x0000000774800000| PB 0x0000000774600000| Untracked |  0
| 386|0x0000000774800000, 0x0000000774a00000, 0x0000000774a00000|100%| O|  |TAMS 0x0000000774a00000| PB 0x0000000774800000| Untracked |  0
| 387|0x0000000774a00000, 0x0000000774bffff0, 0x0000000774c00000| 99%| O|  |TAMS 0x0000000774bffff0| PB 0x0000000774a00000| Untracked |  0
| 388|0x0000000774c00000, 0x0000000774e00000, 0x0000000774e00000|100%| O|  |TAMS 0x0000000774e00000| PB 0x0000000774c00000| Untracked |  0
| 389|0x0000000774e00000, 0x0000000775000000, 0x0000000775000000|100%| O|  |TAMS 0x0000000775000000| PB 0x0000000774e00000| Untracked |  0
| 390|0x0000000775000000, 0x0000000775200000, 0x0000000775200000|100%| O|  |TAMS 0x0000000775200000| PB 0x0000000775000000| Untracked |  0
| 391|0x0000000775200000, 0x0000000775400000, 0x0000000775400000|100%| O|  |TAMS 0x0000000775400000| PB 0x0000000775200000| Untracked |  0
| 392|0x0000000775400000, 0x0000000775600000, 0x0000000775600000|100%| O|  |TAMS 0x0000000775600000| PB 0x0000000775400000| Untracked |  0
| 393|0x0000000775600000, 0x0000000775800000, 0x0000000775800000|100%| O|  |TAMS 0x0000000775800000| PB 0x0000000775600000| Untracked |  0
| 394|0x0000000775800000, 0x0000000775a00000, 0x0000000775a00000|100%| O|  |TAMS 0x0000000775a00000| PB 0x0000000775800000| Untracked |  0
| 395|0x0000000775a00000, 0x0000000775c00000, 0x0000000775c00000|100%| O|  |TAMS 0x0000000775c00000| PB 0x0000000775a00000| Untracked |  0
| 396|0x0000000775c00000, 0x0000000775e00000, 0x0000000775e00000|100%| O|  |TAMS 0x0000000775e00000| PB 0x0000000775c00000| Untracked |  0
| 397|0x0000000775e00000, 0x0000000776000000, 0x0000000776000000|100%| O|  |TAMS 0x0000000776000000| PB 0x0000000775e00000| Untracked |  0
| 398|0x0000000776000000, 0x0000000776200000, 0x0000000776200000|100%| O|  |TAMS 0x0000000776200000| PB 0x0000000776000000| Untracked |  0
| 399|0x0000000776200000, 0x0000000776400000, 0x0000000776400000|100%| O|  |TAMS 0x0000000776400000| PB 0x0000000776200000| Untracked |  0
| 400|0x0000000776400000, 0x0000000776600000, 0x0000000776600000|100%| O|  |TAMS 0x0000000776600000| PB 0x0000000776400000| Untracked |  0
| 401|0x0000000776600000, 0x0000000776800000, 0x0000000776800000|100%| O|  |TAMS 0x0000000776800000| PB 0x0000000776600000| Untracked |  0
| 402|0x0000000776800000, 0x00000007769ffff8, 0x0000000776a00000| 99%| O|  |TAMS 0x00000007769ffff8| PB 0x0000000776800000| Untracked |  0
| 403|0x0000000776a00000, 0x0000000776c00000, 0x0000000776c00000|100%| O|  |TAMS 0x0000000776c00000| PB 0x0000000776a00000| Untracked |  0
| 404|0x0000000776c00000, 0x0000000776dffff8, 0x0000000776e00000| 99%| O|  |TAMS 0x0000000776dffff8| PB 0x0000000776c00000| Untracked |  0
| 405|0x0000000776e00000, 0x0000000777000000, 0x0000000777000000|100%| O|  |TAMS 0x0000000777000000| PB 0x0000000776e00000| Untracked |  0
| 406|0x0000000777000000, 0x0000000777200000, 0x0000000777200000|100%| O|  |TAMS 0x0000000777200000| PB 0x0000000777000000| Untracked |  0
| 407|0x0000000777200000, 0x0000000777400000, 0x0000000777400000|100%| O|  |TAMS 0x0000000777400000| PB 0x0000000777200000| Untracked |  0
| 408|0x0000000777400000, 0x0000000777600000, 0x0000000777600000|100%| O|  |TAMS 0x0000000777600000| PB 0x0000000777400000| Untracked |  0
| 409|0x0000000777600000, 0x0000000777800000, 0x0000000777800000|100%| O|  |TAMS 0x0000000777800000| PB 0x0000000777600000| Untracked |  0
| 410|0x0000000777800000, 0x0000000777a00000, 0x0000000777a00000|100%| O|  |TAMS 0x0000000777a00000| PB 0x0000000777800000| Untracked |  0
| 411|0x0000000777a00000, 0x0000000777c00000, 0x0000000777c00000|100%| O|  |TAMS 0x0000000777c00000| PB 0x0000000777a00000| Untracked |  0
| 412|0x0000000777c00000, 0x0000000777e00000, 0x0000000777e00000|100%| O|  |TAMS 0x0000000777e00000| PB 0x0000000777c00000| Untracked |  0
| 413|0x0000000777e00000, 0x0000000778000000, 0x0000000778000000|100%| O|  |TAMS 0x0000000778000000| PB 0x0000000777e00000| Untracked |  0
| 414|0x0000000778000000, 0x0000000778200000, 0x0000000778200000|100%| O|  |TAMS 0x0000000778200000| PB 0x0000000778000000| Untracked |  0
| 415|0x0000000778200000, 0x0000000778400000, 0x0000000778400000|100%| O|  |TAMS 0x0000000778400000| PB 0x0000000778200000| Untracked |  0
| 416|0x0000000778400000, 0x0000000778600000, 0x0000000778600000|100%| O|  |TAMS 0x0000000778600000| PB 0x0000000778400000| Untracked |  0
| 417|0x0000000778600000, 0x0000000778800000, 0x0000000778800000|100%| O|  |TAMS 0x0000000778800000| PB 0x0000000778600000| Untracked |  0
| 418|0x0000000778800000, 0x0000000778a00000, 0x0000000778a00000|100%| O|  |TAMS 0x0000000778a00000| PB 0x0000000778800000| Untracked |  0
| 419|0x0000000778a00000, 0x0000000778c00000, 0x0000000778c00000|100%| O|  |TAMS 0x0000000778c00000| PB 0x0000000778a00000| Untracked |  0
| 420|0x0000000778c00000, 0x0000000778e00000, 0x0000000778e00000|100%| O|  |TAMS 0x0000000778e00000| PB 0x0000000778c00000| Untracked |  0
| 421|0x0000000778e00000, 0x0000000779000000, 0x0000000779000000|100%| O|  |TAMS 0x0000000779000000| PB 0x0000000778e00000| Untracked |  0
| 422|0x0000000779000000, 0x0000000779200000, 0x0000000779200000|100%| O|  |TAMS 0x0000000779200000| PB 0x0000000779000000| Untracked |  0
| 423|0x0000000779200000, 0x0000000779400000, 0x0000000779400000|100%| O|  |TAMS 0x0000000779400000| PB 0x0000000779200000| Untracked |  0
| 424|0x0000000779400000, 0x00000007795fffd0, 0x0000000779600000| 99%| O|  |TAMS 0x00000007795fffd0| PB 0x0000000779400000| Untracked |  0
| 425|0x0000000779600000, 0x0000000779800000, 0x0000000779800000|100%| O|  |TAMS 0x0000000779800000| PB 0x0000000779600000| Untracked |  0
| 426|0x0000000779800000, 0x0000000779a00000, 0x0000000779a00000|100%| O|  |TAMS 0x0000000779a00000| PB 0x0000000779800000| Untracked |  0
| 427|0x0000000779a00000, 0x0000000779bfffd8, 0x0000000779c00000| 99%| O|  |TAMS 0x0000000779bfffd8| PB 0x0000000779a00000| Untracked |  0
| 428|0x0000000779c00000, 0x0000000779e00000, 0x0000000779e00000|100%| O|  |TAMS 0x0000000779e00000| PB 0x0000000779c00000| Untracked |  0
| 429|0x0000000779e00000, 0x000000077a000000, 0x000000077a000000|100%| O|  |TAMS 0x000000077a000000| PB 0x0000000779e00000| Untracked |  0
| 430|0x000000077a000000, 0x000000077a200000, 0x000000077a200000|100%| O|  |TAMS 0x000000077a200000| PB 0x000000077a000000| Untracked |  0
| 431|0x000000077a200000, 0x000000077a400000, 0x000000077a400000|100%| O|  |TAMS 0x000000077a400000| PB 0x000000077a200000| Untracked |  0
| 432|0x000000077a400000, 0x000000077a600000, 0x000000077a600000|100%| O|  |TAMS 0x000000077a600000| PB 0x000000077a400000| Untracked |  0
| 433|0x000000077a600000, 0x000000077a800000, 0x000000077a800000|100%| O|  |TAMS 0x000000077a800000| PB 0x000000077a600000| Untracked |  0
| 434|0x000000077a800000, 0x000000077aa00000, 0x000000077aa00000|100%| O|  |TAMS 0x000000077aa00000| PB 0x000000077a800000| Untracked |  0
| 435|0x000000077aa00000, 0x000000077ac00000, 0x000000077ac00000|100%| O|  |TAMS 0x000000077ac00000| PB 0x000000077aa00000| Untracked |  0
| 436|0x000000077ac00000, 0x000000077adfffe8, 0x000000077ae00000| 99%| O|  |TAMS 0x000000077adfffe8| PB 0x000000077ac00000| Untracked |  0
| 437|0x000000077ae00000, 0x000000077b000000, 0x000000077b000000|100%| O|  |TAMS 0x000000077b000000| PB 0x000000077ae00000| Untracked |  0
| 438|0x000000077b000000, 0x000000077b200000, 0x000000077b200000|100%| O|  |TAMS 0x000000077b200000| PB 0x000000077b000000| Untracked |  0
| 439|0x000000077b200000, 0x000000077b400000, 0x000000077b400000|100%| O|  |TAMS 0x000000077b400000| PB 0x000000077b200000| Untracked |  0
| 440|0x000000077b400000, 0x000000077b600000, 0x000000077b600000|100%| O|  |TAMS 0x000000077b600000| PB 0x000000077b400000| Untracked |  0
| 441|0x000000077b600000, 0x000000077b800000, 0x000000077b800000|100%| O|  |TAMS 0x000000077b800000| PB 0x000000077b600000| Untracked |  0
| 442|0x000000077b800000, 0x000000077ba00000, 0x000000077ba00000|100%| O|  |TAMS 0x000000077ba00000| PB 0x000000077b800000| Untracked |  0
| 443|0x000000077ba00000, 0x000000077bc00000, 0x000000077bc00000|100%| O|  |TAMS 0x000000077bc00000| PB 0x000000077ba00000| Untracked |  0
| 444|0x000000077bc00000, 0x000000077be00000, 0x000000077be00000|100%| O|  |TAMS 0x000000077be00000| PB 0x000000077bc00000| Untracked |  0
| 445|0x000000077be00000, 0x000000077c000000, 0x000000077c000000|100%| O|  |TAMS 0x000000077c000000| PB 0x000000077be00000| Untracked |  0
| 446|0x000000077c000000, 0x000000077c200000, 0x000000077c200000|100%| O|  |TAMS 0x000000077c200000| PB 0x000000077c000000| Untracked |  0
| 447|0x000000077c200000, 0x000000077c400000, 0x000000077c400000|100%| O|  |TAMS 0x000000077c400000| PB 0x000000077c200000| Untracked |  0
| 448|0x000000077c400000, 0x000000077c600000, 0x000000077c600000|100%| O|  |TAMS 0x000000077c600000| PB 0x000000077c400000| Untracked |  0
| 449|0x000000077c600000, 0x000000077c7ffff8, 0x000000077c800000| 99%| O|  |TAMS 0x000000077c7ffff8| PB 0x000000077c600000| Untracked |  0
| 450|0x000000077c800000, 0x000000077ca00000, 0x000000077ca00000|100%| O|  |TAMS 0x000000077ca00000| PB 0x000000077c800000| Untracked |  0
| 451|0x000000077ca00000, 0x000000077cbfffd8, 0x000000077cc00000| 99%| O|  |TAMS 0x000000077cbfffd8| PB 0x000000077ca00000| Untracked |  0
| 452|0x000000077cc00000, 0x000000077ce00000, 0x000000077ce00000|100%| O|  |TAMS 0x000000077ce00000| PB 0x000000077cc00000| Untracked |  0
| 453|0x000000077ce00000, 0x000000077d000000, 0x000000077d000000|100%| O|  |TAMS 0x000000077d000000| PB 0x000000077ce00000| Untracked |  0
| 454|0x000000077d000000, 0x000000077d200000, 0x000000077d200000|100%| O|  |TAMS 0x000000077d200000| PB 0x000000077d000000| Untracked |  0
| 455|0x000000077d200000, 0x000000077d400000, 0x000000077d400000|100%| O|  |TAMS 0x000000077d400000| PB 0x000000077d200000| Untracked |  0
| 456|0x000000077d400000, 0x000000077d5ffff8, 0x000000077d600000| 99%| O|  |TAMS 0x000000077d5ffff8| PB 0x000000077d400000| Untracked |  0
| 457|0x000000077d600000, 0x000000077d800000, 0x000000077d800000|100%| O|  |TAMS 0x000000077d800000| PB 0x000000077d600000| Untracked |  0
| 458|0x000000077d800000, 0x000000077da00000, 0x000000077da00000|100%| O|  |TAMS 0x000000077da00000| PB 0x000000077d800000| Untracked |  0
| 459|0x000000077da00000, 0x000000077dc00000, 0x000000077dc00000|100%| O|  |TAMS 0x000000077dc00000| PB 0x000000077da00000| Untracked |  0
| 460|0x000000077dc00000, 0x000000077ddfffd0, 0x000000077de00000| 99%| O|  |TAMS 0x000000077ddfffd0| PB 0x000000077dc00000| Untracked |  0
| 461|0x000000077de00000, 0x000000077e000000, 0x000000077e000000|100%| O|  |TAMS 0x000000077e000000| PB 0x000000077de00000| Untracked |  0
| 462|0x000000077e000000, 0x000000077e1ffff8, 0x000000077e200000| 99%| O|  |TAMS 0x000000077e1ffff8| PB 0x000000077e000000| Untracked |  0
| 463|0x000000077e200000, 0x000000077e3ffb90, 0x000000077e400000| 99%| O|  |TAMS 0x000000077e3ffb90| PB 0x000000077e200000| Untracked |  0
| 464|0x000000077e400000, 0x000000077e600000, 0x000000077e600000|100%| O|  |TAMS 0x000000077e600000| PB 0x000000077e400000| Untracked |  0
| 465|0x000000077e600000, 0x000000077e800000, 0x000000077e800000|100%| O|  |TAMS 0x000000077e800000| PB 0x000000077e600000| Untracked |  0
| 466|0x000000077e800000, 0x000000077ea00000, 0x000000077ea00000|100%| O|  |TAMS 0x000000077ea00000| PB 0x000000077e800000| Untracked |  0
| 467|0x000000077ea00000, 0x000000077ec00000, 0x000000077ec00000|100%| O|  |TAMS 0x000000077ec00000| PB 0x000000077ea00000| Untracked |  0
| 468|0x000000077ec00000, 0x000000077ee00000, 0x000000077ee00000|100%| O|  |TAMS 0x000000077ee00000| PB 0x000000077ec00000| Untracked |  0
| 469|0x000000077ee00000, 0x000000077f000000, 0x000000077f000000|100%| O|  |TAMS 0x000000077f000000| PB 0x000000077ee00000| Untracked |  0
| 470|0x000000077f000000, 0x000000077f200000, 0x000000077f200000|100%| O|  |TAMS 0x000000077f200000| PB 0x000000077f000000| Untracked |  0
| 471|0x000000077f200000, 0x000000077f400000, 0x000000077f400000|100%| O|  |TAMS 0x000000077f400000| PB 0x000000077f200000| Untracked |  0
| 472|0x000000077f400000, 0x000000077f600000, 0x000000077f600000|100%| O|  |TAMS 0x000000077f600000| PB 0x000000077f400000| Untracked |  0
| 473|0x000000077f600000, 0x000000077f800000, 0x000000077f800000|100%| O|  |TAMS 0x000000077f800000| PB 0x000000077f600000| Untracked |  0
| 474|0x000000077f800000, 0x000000077fa00000, 0x000000077fa00000|100%| O|  |TAMS 0x000000077fa00000| PB 0x000000077f800000| Untracked |  0
| 475|0x000000077fa00000, 0x000000077fbffff0, 0x000000077fc00000| 99%| O|  |TAMS 0x000000077fbffff0| PB 0x000000077fa00000| Untracked |  0
| 476|0x000000077fc00000, 0x000000077fe00000, 0x000000077fe00000|100%| O|  |TAMS 0x000000077fe00000| PB 0x000000077fc00000| Untracked |  0
| 477|0x000000077fe00000, 0x0000000780000000, 0x0000000780000000|100%| O|  |TAMS 0x0000000780000000| PB 0x000000077fe00000| Untracked |  0
| 478|0x0000000780000000, 0x0000000780200000, 0x0000000780200000|100%| O|  |TAMS 0x0000000780200000| PB 0x0000000780000000| Untracked |  0
| 479|0x0000000780200000, 0x0000000780400000, 0x0000000780400000|100%| O|  |TAMS 0x0000000780400000| PB 0x0000000780200000| Untracked |  0
| 480|0x0000000780400000, 0x00000007805ffff0, 0x0000000780600000| 99%| O|  |TAMS 0x00000007805ffff0| PB 0x0000000780400000| Untracked |  0
| 481|0x0000000780600000, 0x0000000780800000, 0x0000000780800000|100%| O|  |TAMS 0x0000000780800000| PB 0x0000000780600000| Untracked |  0
| 482|0x0000000780800000, 0x00000007809fffe8, 0x0000000780a00000| 99%| O|  |TAMS 0x00000007809fffe8| PB 0x0000000780800000| Untracked |  0
| 483|0x0000000780a00000, 0x0000000780bffff8, 0x0000000780c00000| 99%| O|  |TAMS 0x0000000780bffff8| PB 0x0000000780a00000| Untracked |  0
| 484|0x0000000780c00000, 0x0000000780e00000, 0x0000000780e00000|100%| O|  |TAMS 0x0000000780e00000| PB 0x0000000780c00000| Untracked |  0
| 485|0x0000000780e00000, 0x0000000780ffffd8, 0x0000000781000000| 99%| O|  |TAMS 0x0000000780ffffd8| PB 0x0000000780e00000| Untracked |  0
| 486|0x0000000781000000, 0x0000000781200000, 0x0000000781200000|100%| O|  |TAMS 0x0000000781200000| PB 0x0000000781000000| Untracked |  0
| 487|0x0000000781200000, 0x0000000781400000, 0x0000000781400000|100%| O|  |TAMS 0x0000000781400000| PB 0x0000000781200000| Untracked |  0
| 488|0x0000000781400000, 0x0000000781600000, 0x0000000781600000|100%| O|  |TAMS 0x0000000781600000| PB 0x0000000781400000| Untracked |  0
| 489|0x0000000781600000, 0x0000000781800000, 0x0000000781800000|100%| O|  |TAMS 0x0000000781800000| PB 0x0000000781600000| Untracked |  0
| 490|0x0000000781800000, 0x0000000781a00000, 0x0000000781a00000|100%| O|  |TAMS 0x0000000781a00000| PB 0x0000000781800000| Untracked |  0
| 491|0x0000000781a00000, 0x0000000781bfffe0, 0x0000000781c00000| 99%| O|  |TAMS 0x0000000781bfffe0| PB 0x0000000781a00000| Untracked |  0
| 492|0x0000000781c00000, 0x0000000781dffff8, 0x0000000781e00000| 99%| O|  |TAMS 0x0000000781dffff8| PB 0x0000000781c00000| Untracked |  0
| 493|0x0000000781e00000, 0x0000000782000000, 0x0000000782000000|100%| O|  |TAMS 0x0000000782000000| PB 0x0000000781e00000| Untracked |  0
| 494|0x0000000782000000, 0x0000000782200000, 0x0000000782200000|100%| O|  |TAMS 0x0000000782200000| PB 0x0000000782000000| Untracked |  0
| 495|0x0000000782200000, 0x0000000782400000, 0x0000000782400000|100%| O|  |TAMS 0x0000000782400000| PB 0x0000000782200000| Untracked |  0
| 496|0x0000000782400000, 0x0000000782600000, 0x0000000782600000|100%| O|  |TAMS 0x0000000782600000| PB 0x0000000782400000| Untracked |  0
| 497|0x0000000782600000, 0x0000000782800000, 0x0000000782800000|100%| O|  |TAMS 0x0000000782800000| PB 0x0000000782600000| Untracked |  0
| 498|0x0000000782800000, 0x0000000782a00000, 0x0000000782a00000|100%| O|  |TAMS 0x0000000782a00000| PB 0x0000000782800000| Untracked |  0
| 499|0x0000000782a00000, 0x0000000782bffff0, 0x0000000782c00000| 99%| O|  |TAMS 0x0000000782bffff0| PB 0x0000000782a00000| Untracked |  0
| 500|0x0000000782c00000, 0x0000000782dffff8, 0x0000000782e00000| 99%| O|  |TAMS 0x0000000782dffff8| PB 0x0000000782c00000| Untracked |  0
| 501|0x0000000782e00000, 0x0000000783000000, 0x0000000783000000|100%| O|  |TAMS 0x0000000783000000| PB 0x0000000782e00000| Untracked |  0
| 502|0x0000000783000000, 0x00000007831ffff0, 0x0000000783200000| 99%| O|  |TAMS 0x00000007831ffff0| PB 0x0000000783000000| Untracked |  0
| 503|0x0000000783200000, 0x0000000783400000, 0x0000000783400000|100%| O|  |TAMS 0x0000000783400000| PB 0x0000000783200000| Untracked |  0
| 504|0x0000000783400000, 0x0000000783600000, 0x0000000783600000|100%| O|  |TAMS 0x0000000783600000| PB 0x0000000783400000| Untracked |  0
| 505|0x0000000783600000, 0x00000007837ffff0, 0x0000000783800000| 99%| O|  |TAMS 0x00000007837ffff0| PB 0x0000000783600000| Untracked |  0
| 506|0x0000000783800000, 0x0000000783a00000, 0x0000000783a00000|100%| O|  |TAMS 0x0000000783a00000| PB 0x0000000783800000| Untracked |  0
| 507|0x0000000783a00000, 0x0000000783bffdf8, 0x0000000783c00000| 99%| O|  |TAMS 0x0000000783bffdf8| PB 0x0000000783a00000| Untracked |  0
| 508|0x0000000783c00000, 0x0000000783e00000, 0x0000000783e00000|100%| O|  |TAMS 0x0000000783e00000| PB 0x0000000783c00000| Untracked |  0
| 509|0x0000000783e00000, 0x0000000783ffffd0, 0x0000000784000000| 99%| O|  |TAMS 0x0000000783ffffd0| PB 0x0000000783e00000| Untracked |  0
| 510|0x0000000784000000, 0x0000000784200000, 0x0000000784200000|100%| O|  |TAMS 0x0000000784200000| PB 0x0000000784000000| Untracked |  0
| 511|0x0000000784200000, 0x0000000784400000, 0x0000000784400000|100%| O|  |TAMS 0x0000000784400000| PB 0x0000000784200000| Untracked |  0
| 512|0x0000000784400000, 0x0000000784600000, 0x0000000784600000|100%| O|  |TAMS 0x0000000784600000| PB 0x0000000784400000| Untracked |  0
| 513|0x0000000784600000, 0x0000000784800000, 0x0000000784800000|100%| O|  |TAMS 0x0000000784800000| PB 0x0000000784600000| Untracked |  0
| 514|0x0000000784800000, 0x0000000784a00000, 0x0000000784a00000|100%| O|  |TAMS 0x0000000784a00000| PB 0x0000000784800000| Untracked |  0
| 515|0x0000000784a00000, 0x0000000784c00000, 0x0000000784c00000|100%| O|  |TAMS 0x0000000784c00000| PB 0x0000000784a00000| Untracked |  0
| 516|0x0000000784c00000, 0x0000000784e00000, 0x0000000784e00000|100%| O|  |TAMS 0x0000000784e00000| PB 0x0000000784c00000| Untracked |  0
| 517|0x0000000784e00000, 0x0000000785000000, 0x0000000785000000|100%| O|  |TAMS 0x0000000785000000| PB 0x0000000784e00000| Untracked |  0
| 518|0x0000000785000000, 0x0000000785200000, 0x0000000785200000|100%| O|  |TAMS 0x0000000785200000| PB 0x0000000785000000| Untracked |  0
| 519|0x0000000785200000, 0x0000000785400000, 0x0000000785400000|100%| O|  |TAMS 0x0000000785400000| PB 0x0000000785200000| Untracked |  0
| 520|0x0000000785400000, 0x0000000785600000, 0x0000000785600000|100%| O|  |TAMS 0x0000000785600000| PB 0x0000000785400000| Untracked |  0
| 521|0x0000000785600000, 0x0000000785800000, 0x0000000785800000|100%| O|  |TAMS 0x0000000785800000| PB 0x0000000785600000| Untracked |  0
| 522|0x0000000785800000, 0x0000000785a00000, 0x0000000785a00000|100%| O|  |TAMS 0x0000000785a00000| PB 0x0000000785800000| Untracked |  0
| 523|0x0000000785a00000, 0x0000000785c00000, 0x0000000785c00000|100%| O|  |TAMS 0x0000000785c00000| PB 0x0000000785a00000| Untracked |  0
| 524|0x0000000785c00000, 0x0000000785e00000, 0x0000000785e00000|100%| O|  |TAMS 0x0000000785e00000| PB 0x0000000785c00000| Untracked |  0
| 525|0x0000000785e00000, 0x0000000786000000, 0x0000000786000000|100%| O|  |TAMS 0x0000000786000000| PB 0x0000000785e00000| Untracked |  0
| 526|0x0000000786000000, 0x00000007861ffff8, 0x0000000786200000| 99%| O|  |TAMS 0x00000007861ffff8| PB 0x0000000786000000| Untracked |  0
| 527|0x0000000786200000, 0x00000007863fffd8, 0x0000000786400000| 99%| O|  |TAMS 0x00000007863fffd8| PB 0x0000000786200000| Untracked |  0
| 528|0x0000000786400000, 0x0000000786600000, 0x0000000786600000|100%| O|  |TAMS 0x0000000786600000| PB 0x0000000786400000| Untracked |  0
| 529|0x0000000786600000, 0x0000000786800000, 0x0000000786800000|100%| O|  |TAMS 0x0000000786800000| PB 0x0000000786600000| Untracked |  0
| 530|0x0000000786800000, 0x0000000786a00000, 0x0000000786a00000|100%| O|  |TAMS 0x0000000786a00000| PB 0x0000000786800000| Untracked |  0
| 531|0x0000000786a00000, 0x0000000786c00000, 0x0000000786c00000|100%| O|  |TAMS 0x0000000786c00000| PB 0x0000000786a00000| Untracked |  0
| 532|0x0000000786c00000, 0x0000000786dffff8, 0x0000000786e00000| 99%| O|  |TAMS 0x0000000786dffff8| PB 0x0000000786c00000| Untracked |  0
| 533|0x0000000786e00000, 0x0000000787000000, 0x0000000787000000|100%| O|  |TAMS 0x0000000787000000| PB 0x0000000786e00000| Untracked |  0
| 534|0x0000000787000000, 0x00000007871ffff8, 0x0000000787200000| 99%| O|  |TAMS 0x00000007871ffff8| PB 0x0000000787000000| Untracked |  0
| 535|0x0000000787200000, 0x0000000787400000, 0x0000000787400000|100%| O|  |TAMS 0x0000000787400000| PB 0x0000000787200000| Untracked |  0
| 536|0x0000000787400000, 0x0000000787600000, 0x0000000787600000|100%| O|  |TAMS 0x0000000787600000| PB 0x0000000787400000| Untracked |  0
| 537|0x0000000787600000, 0x0000000787800000, 0x0000000787800000|100%| O|  |TAMS 0x0000000787800000| PB 0x0000000787600000| Untracked |  0
| 538|0x0000000787800000, 0x0000000787a00000, 0x0000000787a00000|100%| O|  |TAMS 0x0000000787a00000| PB 0x0000000787800000| Untracked |  0
| 539|0x0000000787a00000, 0x0000000787c00000, 0x0000000787c00000|100%| O|  |TAMS 0x0000000787c00000| PB 0x0000000787a00000| Untracked |  0
| 540|0x0000000787c00000, 0x0000000787e00000, 0x0000000787e00000|100%| O|  |TAMS 0x0000000787e00000| PB 0x0000000787c00000| Untracked |  0
| 541|0x0000000787e00000, 0x0000000788000000, 0x0000000788000000|100%| O|  |TAMS 0x0000000788000000| PB 0x0000000787e00000| Untracked |  0
| 542|0x0000000788000000, 0x0000000788200000, 0x0000000788200000|100%| O|  |TAMS 0x0000000788200000| PB 0x0000000788000000| Untracked |  0
| 543|0x0000000788200000, 0x0000000788400000, 0x0000000788400000|100%| O|  |TAMS 0x0000000788400000| PB 0x0000000788200000| Untracked |  0
| 544|0x0000000788400000, 0x0000000788600000, 0x0000000788600000|100%| O|  |TAMS 0x0000000788600000| PB 0x0000000788400000| Untracked |  0
| 545|0x0000000788600000, 0x0000000788800000, 0x0000000788800000|100%| O|  |TAMS 0x0000000788800000| PB 0x0000000788600000| Untracked |  0
| 546|0x0000000788800000, 0x0000000788a00000, 0x0000000788a00000|100%| O|  |TAMS 0x0000000788a00000| PB 0x0000000788800000| Untracked |  0
| 547|0x0000000788a00000, 0x0000000788c00000, 0x0000000788c00000|100%| O|  |TAMS 0x0000000788c00000| PB 0x0000000788a00000| Untracked |  0
| 548|0x0000000788c00000, 0x0000000788e00000, 0x0000000788e00000|100%| O|  |TAMS 0x0000000788e00000| PB 0x0000000788c00000| Untracked |  0
| 549|0x0000000788e00000, 0x0000000788fffff0, 0x0000000789000000| 99%| O|  |TAMS 0x0000000788fffff0| PB 0x0000000788e00000| Untracked |  0
| 550|0x0000000789000000, 0x00000007891ffff0, 0x0000000789200000| 99%| O|  |TAMS 0x00000007891ffff0| PB 0x0000000789000000| Untracked |  0
| 551|0x0000000789200000, 0x0000000789400000, 0x0000000789400000|100%| O|  |TAMS 0x0000000789400000| PB 0x0000000789200000| Untracked |  0
| 552|0x0000000789400000, 0x00000007895fffe8, 0x0000000789600000| 99%| O|  |TAMS 0x00000007895fffe8| PB 0x0000000789400000| Untracked |  0
| 553|0x0000000789600000, 0x00000007897ffff0, 0x0000000789800000| 99%| O|  |TAMS 0x00000007897ffff0| PB 0x0000000789600000| Untracked |  0
| 554|0x0000000789800000, 0x0000000789a00000, 0x0000000789a00000|100%|HS|  |TAMS 0x0000000789800000| PB 0x0000000789800000| Complete |  0
| 555|0x0000000789a00000, 0x0000000789bfffb0, 0x0000000789c00000| 99%| O|  |TAMS 0x0000000789bfffb0| PB 0x0000000789a00000| Untracked |  0
| 556|0x0000000789c00000, 0x0000000789e00000, 0x0000000789e00000|100%| O|  |TAMS 0x0000000789e00000| PB 0x0000000789c00000| Untracked |  0
| 557|0x0000000789e00000, 0x0000000789ffffe8, 0x000000078a000000| 99%| O|  |TAMS 0x0000000789ffffe8| PB 0x0000000789e00000| Untracked |  0
| 558|0x000000078a000000, 0x000000078a200000, 0x000000078a200000|100%| O|  |TAMS 0x000000078a200000| PB 0x000000078a000000| Untracked |  0
| 559|0x000000078a200000, 0x000000078a400000, 0x000000078a400000|100%| O|  |TAMS 0x000000078a400000| PB 0x000000078a200000| Untracked |  0
| 560|0x000000078a400000, 0x000000078a600000, 0x000000078a600000|100%|HS|  |TAMS 0x000000078a400000| PB 0x000000078a400000| Complete |  0
| 561|0x000000078a600000, 0x000000078a7ffff8, 0x000000078a800000| 99%| O|  |TAMS 0x000000078a7ffff8| PB 0x000000078a600000| Untracked |  0
| 562|0x000000078a800000, 0x000000078aa00000, 0x000000078aa00000|100%| O|  |TAMS 0x000000078aa00000| PB 0x000000078a800000| Untracked |  0
| 563|0x000000078aa00000, 0x000000078ac00000, 0x000000078ac00000|100%| O|  |TAMS 0x000000078ac00000| PB 0x000000078aa00000| Untracked |  0
| 564|0x000000078ac00000, 0x000000078ae00000, 0x000000078ae00000|100%| O|  |TAMS 0x000000078ae00000| PB 0x000000078ac00000| Untracked |  0
| 565|0x000000078ae00000, 0x000000078b000000, 0x000000078b000000|100%| O|  |TAMS 0x000000078b000000| PB 0x000000078ae00000| Untracked |  0
| 566|0x000000078b000000, 0x000000078b200000, 0x000000078b200000|100%| O|  |TAMS 0x000000078b200000| PB 0x000000078b000000| Untracked |  0
| 567|0x000000078b200000, 0x000000078b400000, 0x000000078b400000|100%| O|  |TAMS 0x000000078b400000| PB 0x000000078b200000| Untracked |  0
| 568|0x000000078b400000, 0x000000078b600000, 0x000000078b600000|100%| O|  |TAMS 0x000000078b600000| PB 0x000000078b400000| Untracked |  0
| 569|0x000000078b600000, 0x000000078b800000, 0x000000078b800000|100%| O|  |TAMS 0x000000078b800000| PB 0x000000078b600000| Untracked |  0
| 570|0x000000078b800000, 0x000000078ba00000, 0x000000078ba00000|100%| O|  |TAMS 0x000000078ba00000| PB 0x000000078b800000| Untracked |  0
| 571|0x000000078ba00000, 0x000000078bc00000, 0x000000078bc00000|100%| O|  |TAMS 0x000000078bc00000| PB 0x000000078ba00000| Untracked |  0
| 572|0x000000078bc00000, 0x000000078be00000, 0x000000078be00000|100%| O|  |TAMS 0x000000078be00000| PB 0x000000078bc00000| Untracked |  0
| 573|0x000000078be00000, 0x000000078c000000, 0x000000078c000000|100%|HS|  |TAMS 0x000000078be00000| PB 0x000000078be00000| Complete |  0
| 574|0x000000078c000000, 0x000000078c200000, 0x000000078c200000|100%| O|  |TAMS 0x000000078c200000| PB 0x000000078c000000| Untracked |  0
| 575|0x000000078c200000, 0x000000078c400000, 0x000000078c400000|100%|HS|  |TAMS 0x000000078c200000| PB 0x000000078c200000| Complete |  0
| 576|0x000000078c400000, 0x000000078c600000, 0x000000078c600000|100%| O|  |TAMS 0x000000078c600000| PB 0x000000078c400000| Untracked |  0
| 577|0x000000078c600000, 0x000000078c800000, 0x000000078c800000|100%| O|  |TAMS 0x000000078c800000| PB 0x000000078c600000| Untracked |  0
| 578|0x000000078c800000, 0x000000078ca00000, 0x000000078ca00000|100%|HS|  |TAMS 0x000000078c800000| PB 0x000000078c800000| Complete |  0
| 579|0x000000078ca00000, 0x000000078cc00000, 0x000000078cc00000|100%| O|  |TAMS 0x000000078cc00000| PB 0x000000078ca00000| Untracked |  0
| 580|0x000000078cc00000, 0x000000078ce00000, 0x000000078ce00000|100%|HS|  |TAMS 0x000000078cc00000| PB 0x000000078cc00000| Complete |  0
| 581|0x000000078ce00000, 0x000000078d000000, 0x000000078d000000|100%|HC|  |TAMS 0x000000078ce00000| PB 0x000000078ce00000| Complete |  0
| 582|0x000000078d000000, 0x000000078d200000, 0x000000078d200000|100%| O|  |TAMS 0x000000078d200000| PB 0x000000078d000000| Untracked |  0
| 583|0x000000078d200000, 0x000000078d400000, 0x000000078d400000|100%| O|  |TAMS 0x000000078d400000| PB 0x000000078d200000| Untracked |  0
| 584|0x000000078d400000, 0x000000078d600000, 0x000000078d600000|100%| O|  |TAMS 0x000000078d600000| PB 0x000000078d400000| Untracked |  0
| 585|0x000000078d600000, 0x000000078d800000, 0x000000078d800000|100%| O|  |TAMS 0x000000078d800000| PB 0x000000078d600000| Untracked |  0
| 586|0x000000078d800000, 0x000000078da00000, 0x000000078da00000|100%| O|  |TAMS 0x000000078da00000| PB 0x000000078d800000| Untracked |  0
| 587|0x000000078da00000, 0x000000078dc00000, 0x000000078dc00000|100%| O|  |TAMS 0x000000078dc00000| PB 0x000000078da00000| Untracked |  0
| 588|0x000000078dc00000, 0x000000078de00000, 0x000000078de00000|100%| O|  |TAMS 0x000000078de00000| PB 0x000000078dc00000| Untracked |  0
| 589|0x000000078de00000, 0x000000078e000000, 0x000000078e000000|100%| O|  |TAMS 0x000000078e000000| PB 0x000000078de00000| Untracked |  0
| 590|0x000000078e000000, 0x000000078e200000, 0x000000078e200000|100%| O|  |TAMS 0x000000078e200000| PB 0x000000078e000000| Untracked |  0
| 591|0x000000078e200000, 0x000000078e400000, 0x000000078e400000|100%| O|  |TAMS 0x000000078e400000| PB 0x000000078e200000| Untracked |  0
| 592|0x000000078e400000, 0x000000078e600000, 0x000000078e600000|100%| O|  |TAMS 0x000000078e600000| PB 0x000000078e400000| Untracked |  0
| 593|0x000000078e600000, 0x000000078e800000, 0x000000078e800000|100%| O|  |TAMS 0x000000078e800000| PB 0x000000078e600000| Untracked |  0
| 594|0x000000078e800000, 0x000000078ea00000, 0x000000078ea00000|100%| O|  |TAMS 0x000000078ea00000| PB 0x000000078e800000| Untracked |  0
| 595|0x000000078ea00000, 0x000000078ec00000, 0x000000078ec00000|100%| O|  |TAMS 0x000000078ec00000| PB 0x000000078ea00000| Untracked |  0
| 596|0x000000078ec00000, 0x000000078ee00000, 0x000000078ee00000|100%| O|  |TAMS 0x000000078ee00000| PB 0x000000078ec00000| Untracked |  0
| 597|0x000000078ee00000, 0x000000078f000000, 0x000000078f000000|100%| O|  |TAMS 0x000000078f000000| PB 0x000000078ee00000| Untracked |  0
| 598|0x000000078f000000, 0x000000078f200000, 0x000000078f200000|100%| O|  |TAMS 0x000000078f200000| PB 0x000000078f000000| Untracked |  0
| 599|0x000000078f200000, 0x000000078f400000, 0x000000078f400000|100%|HS|  |TAMS 0x000000078f200000| PB 0x000000078f200000| Complete |  0
| 600|0x000000078f400000, 0x000000078f600000, 0x000000078f600000|100%|HC|  |TAMS 0x000000078f400000| PB 0x000000078f400000| Complete |  0
| 601|0x000000078f600000, 0x000000078f800000, 0x000000078f800000|100%| O|  |TAMS 0x000000078f800000| PB 0x000000078f600000| Untracked |  0
| 602|0x000000078f800000, 0x000000078fa00000, 0x000000078fa00000|100%| O|  |TAMS 0x000000078fa00000| PB 0x000000078f800000| Untracked |  0
| 603|0x000000078fa00000, 0x000000078fc00000, 0x000000078fc00000|100%|HS|  |TAMS 0x000000078fa00000| PB 0x000000078fa00000| Complete |  0
| 604|0x000000078fc00000, 0x000000078fe00000, 0x000000078fe00000|100%|HC|  |TAMS 0x000000078fc00000| PB 0x000000078fc00000| Complete |  0
| 605|0x000000078fe00000, 0x0000000790000000, 0x0000000790000000|100%| O|  |TAMS 0x0000000790000000| PB 0x000000078fe00000| Untracked |  0
| 606|0x0000000790000000, 0x0000000790200000, 0x0000000790200000|100%| O|  |TAMS 0x0000000790200000| PB 0x0000000790000000| Untracked |  0
| 607|0x0000000790200000, 0x0000000790400000, 0x0000000790400000|100%|HS|  |TAMS 0x0000000790200000| PB 0x0000000790200000| Complete |  0
| 608|0x0000000790400000, 0x0000000790600000, 0x0000000790600000|100%| O|  |TAMS 0x0000000790600000| PB 0x0000000790400000| Untracked |  0
| 609|0x0000000790600000, 0x0000000790800000, 0x0000000790800000|100%| O|  |TAMS 0x0000000790800000| PB 0x0000000790600000| Untracked |  0
| 610|0x0000000790800000, 0x0000000790a00000, 0x0000000790a00000|100%| O|  |TAMS 0x0000000790a00000| PB 0x0000000790800000| Untracked |  0
| 611|0x0000000790a00000, 0x0000000790c00000, 0x0000000790c00000|100%| O|  |TAMS 0x0000000790c00000| PB 0x0000000790a00000| Untracked |  0
| 612|0x0000000790c00000, 0x0000000790e00000, 0x0000000790e00000|100%| O|  |TAMS 0x0000000790e00000| PB 0x0000000790c00000| Untracked |  0
| 613|0x0000000790e00000, 0x0000000791000000, 0x0000000791000000|100%| O|  |TAMS 0x0000000791000000| PB 0x0000000790e00000| Untracked |  0
| 614|0x0000000791000000, 0x0000000791200000, 0x0000000791200000|100%| O|  |TAMS 0x0000000791200000| PB 0x0000000791000000| Untracked |  0
| 615|0x0000000791200000, 0x0000000791400000, 0x0000000791400000|100%| O|  |TAMS 0x0000000791400000| PB 0x0000000791200000| Untracked |  0
| 616|0x0000000791400000, 0x0000000791600000, 0x0000000791600000|100%| O|  |TAMS 0x0000000791600000| PB 0x0000000791400000| Untracked |  0
| 617|0x0000000791600000, 0x0000000791800000, 0x0000000791800000|100%| O|  |TAMS 0x0000000791800000| PB 0x0000000791600000| Untracked |  0
| 618|0x0000000791800000, 0x0000000791a00000, 0x0000000791a00000|100%| O|  |TAMS 0x0000000791a00000| PB 0x0000000791800000| Untracked |  0
| 619|0x0000000791a00000, 0x0000000791c00000, 0x0000000791c00000|100%| O|  |TAMS 0x0000000791c00000| PB 0x0000000791a00000| Untracked |  0
| 620|0x0000000791c00000, 0x0000000791e00000, 0x0000000791e00000|100%| O|  |TAMS 0x0000000791e00000| PB 0x0000000791c00000| Untracked |  0
| 621|0x0000000791e00000, 0x0000000792000000, 0x0000000792000000|100%| O|  |TAMS 0x0000000792000000| PB 0x0000000791e00000| Untracked |  0
| 622|0x0000000792000000, 0x0000000792200000, 0x0000000792200000|100%| O|  |TAMS 0x0000000792200000| PB 0x0000000792000000| Untracked |  0
| 623|0x0000000792200000, 0x0000000792400000, 0x0000000792400000|100%| O|  |TAMS 0x0000000792400000| PB 0x0000000792200000| Untracked |  0
| 624|0x0000000792400000, 0x0000000792600000, 0x0000000792600000|100%| O|  |TAMS 0x0000000792600000| PB 0x0000000792400000| Untracked |  0
| 625|0x0000000792600000, 0x0000000792800000, 0x0000000792800000|100%|HS|  |TAMS 0x0000000792600000| PB 0x0000000792600000| Complete |  0
| 626|0x0000000792800000, 0x0000000792a00000, 0x0000000792a00000|100%| O|  |TAMS 0x0000000792a00000| PB 0x0000000792800000| Untracked |  0
| 627|0x0000000792a00000, 0x0000000792c00000, 0x0000000792c00000|100%| O|  |TAMS 0x0000000792c00000| PB 0x0000000792a00000| Untracked |  0
| 628|0x0000000792c00000, 0x0000000792e00000, 0x0000000792e00000|100%|HS|  |TAMS 0x0000000792c00000| PB 0x0000000792c00000| Complete |  0
| 629|0x0000000792e00000, 0x0000000793000000, 0x0000000793000000|100%|HC|  |TAMS 0x0000000792e00000| PB 0x0000000792e00000| Complete |  0
| 630|0x0000000793000000, 0x0000000793198cf8, 0x0000000793200000| 79%| O|  |TAMS 0x0000000793186ac8| PB 0x0000000793000000| Untracked |  0
| 631|0x0000000793200000, 0x0000000793400000, 0x0000000793400000|100%| O|  |TAMS 0x0000000793400000| PB 0x0000000793200000| Untracked |  0
| 632|0x0000000793400000, 0x0000000793600000, 0x0000000793600000|100%| O|  |TAMS 0x0000000793600000| PB 0x0000000793400000| Untracked |  0
| 633|0x0000000793600000, 0x0000000793800000, 0x0000000793800000|100%| O|  |TAMS 0x0000000793800000| PB 0x0000000793600000| Untracked |  0
| 634|0x0000000793800000, 0x0000000793a00000, 0x0000000793a00000|100%| O|  |TAMS 0x0000000793a00000| PB 0x0000000793800000| Untracked |  0
| 635|0x0000000793a00000, 0x0000000793c00000, 0x0000000793c00000|100%| O|  |TAMS 0x0000000793c00000| PB 0x0000000793a00000| Untracked |  0
| 636|0x0000000793c00000, 0x0000000793e00000, 0x0000000793e00000|100%| O|  |TAMS 0x0000000793e00000| PB 0x0000000793c00000| Untracked |  0
| 637|0x0000000793e00000, 0x0000000794000000, 0x0000000794000000|100%|HS|  |TAMS 0x0000000793e00000| PB 0x0000000793e00000| Complete |  0
| 638|0x0000000794000000, 0x0000000794200000, 0x0000000794200000|100%| O|  |TAMS 0x0000000794200000| PB 0x0000000794000000| Untracked |  0
| 639|0x0000000794200000, 0x0000000794400000, 0x0000000794400000|100%| O|  |TAMS 0x0000000794400000| PB 0x0000000794200000| Untracked |  0
| 640|0x0000000794400000, 0x0000000794600000, 0x0000000794600000|100%|HS|  |TAMS 0x0000000794400000| PB 0x0000000794400000| Complete |  0
| 641|0x0000000794600000, 0x0000000794800000, 0x0000000794800000|100%| O|  |TAMS 0x0000000794800000| PB 0x0000000794600000| Untracked |  0
| 642|0x0000000794800000, 0x0000000794a00000, 0x0000000794a00000|100%| O|  |TAMS 0x0000000794a00000| PB 0x0000000794800000| Untracked |  0
| 643|0x0000000794a00000, 0x0000000794c00000, 0x0000000794c00000|100%|HS|  |TAMS 0x0000000794a00000| PB 0x0000000794a00000| Complete |  0
| 644|0x0000000794c00000, 0x0000000794e00000, 0x0000000794e00000|100%|HC|  |TAMS 0x0000000794c00000| PB 0x0000000794c00000| Complete |  0
| 645|0x0000000794e00000, 0x0000000795000000, 0x0000000795000000|100%|HS|  |TAMS 0x0000000794e00000| PB 0x0000000794e00000| Complete |  0
| 646|0x0000000795000000, 0x0000000795200000, 0x0000000795200000|100%|HC|  |TAMS 0x0000000795000000| PB 0x0000000795000000| Complete |  0
| 647|0x0000000795200000, 0x0000000795400000, 0x0000000795400000|100%|HS|  |TAMS 0x0000000795200000| PB 0x0000000795200000| Complete |  0
| 648|0x0000000795400000, 0x0000000795600000, 0x0000000795600000|100%|HC|  |TAMS 0x0000000795400000| PB 0x0000000795400000| Complete |  0
| 649|0x0000000795600000, 0x0000000795800000, 0x0000000795800000|100%|HS|  |TAMS 0x0000000795600000| PB 0x0000000795600000| Complete |  0
| 650|0x0000000795800000, 0x0000000795a00000, 0x0000000795a00000|100%|HC|  |TAMS 0x0000000795800000| PB 0x0000000795800000| Complete |  0
| 651|0x0000000795a00000, 0x0000000795c00000, 0x0000000795c00000|100%| O|  |TAMS 0x0000000795c00000| PB 0x0000000795a00000| Untracked |  0
| 652|0x0000000795c00000, 0x0000000795e00000, 0x0000000795e00000|100%| O|  |TAMS 0x0000000795e00000| PB 0x0000000795c00000| Untracked |  0
| 653|0x0000000795e00000, 0x0000000796000000, 0x0000000796000000|100%| O|  |TAMS 0x0000000796000000| PB 0x0000000795e00000| Untracked |  0
| 654|0x0000000796000000, 0x0000000796200000, 0x0000000796200000|100%| O|  |TAMS 0x0000000796200000| PB 0x0000000796000000| Untracked |  0
| 655|0x0000000796200000, 0x0000000796400000, 0x0000000796400000|100%| O|  |TAMS 0x0000000796400000| PB 0x0000000796200000| Untracked |  0
| 656|0x0000000796400000, 0x0000000796600000, 0x0000000796600000|100%| O|  |TAMS 0x0000000796600000| PB 0x0000000796400000| Untracked |  0
| 657|0x0000000796600000, 0x0000000796800000, 0x0000000796800000|100%| O|  |TAMS 0x0000000796800000| PB 0x0000000796600000| Untracked |  0
| 658|0x0000000796800000, 0x0000000796a00000, 0x0000000796a00000|100%| O|  |TAMS 0x0000000796a00000| PB 0x0000000796800000| Untracked |  0
| 659|0x0000000796a00000, 0x0000000796c00000, 0x0000000796c00000|100%| O|  |TAMS 0x0000000796c00000| PB 0x0000000796a00000| Untracked |  0
| 660|0x0000000796c00000, 0x0000000796e00000, 0x0000000796e00000|100%| O|  |TAMS 0x0000000796e00000| PB 0x0000000796c00000| Untracked |  0
| 661|0x0000000796e00000, 0x0000000797000000, 0x0000000797000000|100%| O|  |TAMS 0x0000000797000000| PB 0x0000000796e00000| Untracked |  0
| 662|0x0000000797000000, 0x0000000797200000, 0x0000000797200000|100%| O|  |TAMS 0x0000000797200000| PB 0x0000000797000000| Untracked |  0
| 663|0x0000000797200000, 0x0000000797400000, 0x0000000797400000|100%| O|  |TAMS 0x0000000797400000| PB 0x0000000797200000| Untracked |  0
| 664|0x0000000797400000, 0x0000000797600000, 0x0000000797600000|100%| O|  |TAMS 0x0000000797600000| PB 0x0000000797400000| Untracked |  0
| 665|0x0000000797600000, 0x0000000797800000, 0x0000000797800000|100%| O|  |TAMS 0x0000000797800000| PB 0x0000000797600000| Untracked |  0
| 666|0x0000000797800000, 0x0000000797a00000, 0x0000000797a00000|100%| O|  |TAMS 0x0000000797a00000| PB 0x0000000797800000| Untracked |  0
| 667|0x0000000797a00000, 0x0000000797c00000, 0x0000000797c00000|100%|HS|  |TAMS 0x0000000797a00000| PB 0x0000000797a00000| Complete |  0
| 668|0x0000000797c00000, 0x0000000797e00000, 0x0000000797e00000|100%|HC|  |TAMS 0x0000000797c00000| PB 0x0000000797c00000| Complete |  0
| 669|0x0000000797e00000, 0x0000000798000000, 0x0000000798000000|100%|HC|  |TAMS 0x0000000797e00000| PB 0x0000000797e00000| Complete |  0
| 670|0x0000000798000000, 0x0000000798200000, 0x0000000798200000|100%|HS|  |TAMS 0x0000000798000000| PB 0x0000000798000000| Complete |  0
| 671|0x0000000798200000, 0x0000000798400000, 0x0000000798400000|100%|HC|  |TAMS 0x0000000798200000| PB 0x0000000798200000| Complete |  0
| 672|0x0000000798400000, 0x0000000798600000, 0x0000000798600000|100%|HS|  |TAMS 0x0000000798400000| PB 0x0000000798400000| Complete |  0
| 673|0x0000000798600000, 0x0000000798800000, 0x0000000798800000|100%|HC|  |TAMS 0x0000000798600000| PB 0x0000000798600000| Complete |  0
| 674|0x0000000798800000, 0x0000000798a00000, 0x0000000798a00000|100%|HS|  |TAMS 0x0000000798800000| PB 0x0000000798800000| Complete |  0
| 675|0x0000000798a00000, 0x0000000798c00000, 0x0000000798c00000|100%|HC|  |TAMS 0x0000000798a00000| PB 0x0000000798a00000| Complete |  0
| 676|0x0000000798c00000, 0x0000000798e00000, 0x0000000798e00000|100%|HC|  |TAMS 0x0000000798c00000| PB 0x0000000798c00000| Complete |  0
| 677|0x0000000798e00000, 0x0000000799000000, 0x0000000799000000|100%|HS|  |TAMS 0x0000000798e00000| PB 0x0000000798e00000| Complete |  0
| 678|0x0000000799000000, 0x0000000799200000, 0x0000000799200000|100%|HC|  |TAMS 0x0000000799000000| PB 0x0000000799000000| Complete |  0
| 679|0x0000000799200000, 0x0000000799400000, 0x0000000799400000|100%|HS|  |TAMS 0x0000000799200000| PB 0x0000000799200000| Complete |  0
| 680|0x0000000799400000, 0x0000000799600000, 0x0000000799600000|100%|HC|  |TAMS 0x0000000799400000| PB 0x0000000799400000| Complete |  0
| 681|0x0000000799600000, 0x0000000799800000, 0x0000000799800000|100%|HS|  |TAMS 0x0000000799600000| PB 0x0000000799600000| Complete |  0
| 682|0x0000000799800000, 0x0000000799a00000, 0x0000000799a00000|100%|HC|  |TAMS 0x0000000799800000| PB 0x0000000799800000| Complete |  0
| 683|0x0000000799a00000, 0x0000000799c00000, 0x0000000799c00000|100%|HC|  |TAMS 0x0000000799a00000| PB 0x0000000799a00000| Complete |  0
| 684|0x0000000799c00000, 0x0000000799e00000, 0x0000000799e00000|100%|HS|  |TAMS 0x0000000799c00000| PB 0x0000000799c00000| Complete |  0
| 685|0x0000000799e00000, 0x000000079a000000, 0x000000079a000000|100%|HC|  |TAMS 0x0000000799e00000| PB 0x0000000799e00000| Complete |  0
| 686|0x000000079a000000, 0x000000079a200000, 0x000000079a200000|100%|HS|  |TAMS 0x000000079a000000| PB 0x000000079a000000| Complete |  0
| 687|0x000000079a200000, 0x000000079a400000, 0x000000079a400000|100%|HC|  |TAMS 0x000000079a200000| PB 0x000000079a200000| Complete |  0
| 688|0x000000079a400000, 0x000000079a600000, 0x000000079a600000|100%|HS|  |TAMS 0x000000079a400000| PB 0x000000079a400000| Complete |  0
| 689|0x000000079a600000, 0x000000079a800000, 0x000000079a800000|100%|HC|  |TAMS 0x000000079a600000| PB 0x000000079a600000| Complete |  0
| 690|0x000000079a800000, 0x000000079aa00000, 0x000000079aa00000|100%|HC|  |TAMS 0x000000079a800000| PB 0x000000079a800000| Complete |  0
| 691|0x000000079aa00000, 0x000000079ac00000, 0x000000079ac00000|100%|HS|  |TAMS 0x000000079aa00000| PB 0x000000079aa00000| Complete |  0
| 692|0x000000079ac00000, 0x000000079ae00000, 0x000000079ae00000|100%|HC|  |TAMS 0x000000079ac00000| PB 0x000000079ac00000| Complete |  0
| 693|0x000000079ae00000, 0x000000079b000000, 0x000000079b000000|100%|HS|  |TAMS 0x000000079ae00000| PB 0x000000079ae00000| Complete |  0
| 694|0x000000079b000000, 0x000000079b200000, 0x000000079b200000|100%|HC|  |TAMS 0x000000079b000000| PB 0x000000079b000000| Complete |  0
| 695|0x000000079b200000, 0x000000079b400000, 0x000000079b400000|100%|HS|  |TAMS 0x000000079b200000| PB 0x000000079b200000| Complete |  0
| 696|0x000000079b400000, 0x000000079b600000, 0x000000079b600000|100%|HC|  |TAMS 0x000000079b400000| PB 0x000000079b400000| Complete |  0
| 697|0x000000079b600000, 0x000000079b800000, 0x000000079b800000|100%|HC|  |TAMS 0x000000079b600000| PB 0x000000079b600000| Complete |  0
| 698|0x000000079b800000, 0x000000079ba00000, 0x000000079ba00000|100%|HS|  |TAMS 0x000000079b800000| PB 0x000000079b800000| Complete |  0
| 699|0x000000079ba00000, 0x000000079bc00000, 0x000000079bc00000|100%|HC|  |TAMS 0x000000079ba00000| PB 0x000000079ba00000| Complete |  0
| 700|0x000000079bc00000, 0x000000079be00000, 0x000000079be00000|100%|HS|  |TAMS 0x000000079bc00000| PB 0x000000079bc00000| Complete |  0
| 701|0x000000079be00000, 0x000000079c000000, 0x000000079c000000|100%|HS|  |TAMS 0x000000079be00000| PB 0x000000079be00000| Complete |  0
| 702|0x000000079c000000, 0x000000079c200000, 0x000000079c200000|100%|HC|  |TAMS 0x000000079c000000| PB 0x000000079c000000| Complete |  0
| 703|0x000000079c200000, 0x000000079c400000, 0x000000079c400000|100%|HS|  |TAMS 0x000000079c200000| PB 0x000000079c200000| Complete |  0
| 704|0x000000079c400000, 0x000000079c600000, 0x000000079c600000|100%|HC|  |TAMS 0x000000079c400000| PB 0x000000079c400000| Complete |  0
| 705|0x000000079c600000, 0x000000079c800000, 0x000000079c800000|100%|HC|  |TAMS 0x000000079c600000| PB 0x000000079c600000| Complete |  0
| 706|0x000000079c800000, 0x000000079ca00000, 0x000000079ca00000|100%|HS|  |TAMS 0x000000079c800000| PB 0x000000079c800000| Complete |  0
| 707|0x000000079ca00000, 0x000000079cc00000, 0x000000079cc00000|100%|HC|  |TAMS 0x000000079ca00000| PB 0x000000079ca00000| Complete |  0
| 708|0x000000079cc00000, 0x000000079ce00000, 0x000000079ce00000|100%|HS|  |TAMS 0x000000079cc00000| PB 0x000000079cc00000| Complete |  0
| 709|0x000000079ce00000, 0x000000079d000000, 0x000000079d000000|100%|HS|  |TAMS 0x000000079ce00000| PB 0x000000079ce00000| Complete |  0
| 710|0x000000079d000000, 0x000000079d200000, 0x000000079d200000|100%|HC|  |TAMS 0x000000079d000000| PB 0x000000079d000000| Complete |  0
| 711|0x000000079d200000, 0x000000079d400000, 0x000000079d400000|100%|HS|  |TAMS 0x000000079d200000| PB 0x000000079d200000| Complete |  0
| 712|0x000000079d400000, 0x000000079d600000, 0x000000079d600000|100%| O|  |TAMS 0x000000079d600000| PB 0x000000079d400000| Untracked |  0
| 713|0x000000079d600000, 0x000000079d800000, 0x000000079d800000|100%| O|  |TAMS 0x000000079d800000| PB 0x000000079d600000| Untracked |  0
| 714|0x000000079d800000, 0x000000079da00000, 0x000000079da00000|100%| O|  |TAMS 0x000000079da00000| PB 0x000000079d800000| Untracked |  0
| 715|0x000000079da00000, 0x000000079dc00000, 0x000000079dc00000|100%|HS|  |TAMS 0x000000079da00000| PB 0x000000079da00000| Complete |  0
| 716|0x000000079dc00000, 0x000000079de00000, 0x000000079de00000|100%|HC|  |TAMS 0x000000079dc00000| PB 0x000000079dc00000| Complete |  0
| 717|0x000000079de00000, 0x000000079e000000, 0x000000079e000000|100%|HC|  |TAMS 0x000000079de00000| PB 0x000000079de00000| Complete |  0
| 718|0x000000079e000000, 0x000000079e200000, 0x000000079e200000|100%|HS|  |TAMS 0x000000079e000000| PB 0x000000079e000000| Complete |  0
| 719|0x000000079e200000, 0x000000079e400000, 0x000000079e400000|100%|HC|  |TAMS 0x000000079e200000| PB 0x000000079e200000| Complete |  0
| 720|0x000000079e400000, 0x000000079e600000, 0x000000079e600000|100%|HS|  |TAMS 0x000000079e400000| PB 0x000000079e400000| Complete |  0
| 721|0x000000079e600000, 0x000000079e800000, 0x000000079e800000|100%|HC|  |TAMS 0x000000079e600000| PB 0x000000079e600000| Complete |  0
| 722|0x000000079e800000, 0x000000079ea00000, 0x000000079ea00000|100%|HS|  |TAMS 0x000000079e800000| PB 0x000000079e800000| Complete |  0
| 723|0x000000079ea00000, 0x000000079ec00000, 0x000000079ec00000|100%|HC|  |TAMS 0x000000079ea00000| PB 0x000000079ea00000| Complete |  0
| 724|0x000000079ec00000, 0x000000079ee00000, 0x000000079ee00000|100%|HS|  |TAMS 0x000000079ec00000| PB 0x000000079ec00000| Complete |  0
| 725|0x000000079ee00000, 0x000000079f000000, 0x000000079f000000|100%|HS|  |TAMS 0x000000079ee00000| PB 0x000000079ee00000| Complete |  0
| 726|0x000000079f000000, 0x000000079f200000, 0x000000079f200000|100%|HC|  |TAMS 0x000000079f000000| PB 0x000000079f000000| Complete |  0
| 727|0x000000079f200000, 0x000000079f400000, 0x000000079f400000|100%|HS|  |TAMS 0x000000079f200000| PB 0x000000079f200000| Complete |  0
| 728|0x000000079f400000, 0x000000079f600000, 0x000000079f600000|100%|HC|  |TAMS 0x000000079f400000| PB 0x000000079f400000| Complete |  0
| 729|0x000000079f600000, 0x000000079f800000, 0x000000079f800000|100%|HS|  |TAMS 0x000000079f600000| PB 0x000000079f600000| Complete |  0
| 730|0x000000079f800000, 0x000000079fa00000, 0x000000079fa00000|100%|HS|  |TAMS 0x000000079f800000| PB 0x000000079f800000| Complete |  0
| 731|0x000000079fa00000, 0x000000079fc00000, 0x000000079fc00000|100%|HC|  |TAMS 0x000000079fa00000| PB 0x000000079fa00000| Complete |  0
| 732|0x000000079fc00000, 0x000000079fe00000, 0x000000079fe00000|100%|HS|  |TAMS 0x000000079fc00000| PB 0x000000079fc00000| Complete |  0
| 733|0x000000079fe00000, 0x00000007a0000000, 0x00000007a0000000|100%|HC|  |TAMS 0x000000079fe00000| PB 0x000000079fe00000| Complete |  0
| 734|0x00000007a0000000, 0x00000007a0200000, 0x00000007a0200000|100%|HS|  |TAMS 0x00000007a0000000| PB 0x00000007a0000000| Complete |  0
| 735|0x00000007a0200000, 0x00000007a0400000, 0x00000007a0400000|100%|HS|  |TAMS 0x00000007a0200000| PB 0x00000007a0200000| Complete |  0
| 736|0x00000007a0400000, 0x00000007a0600000, 0x00000007a0600000|100%|HC|  |TAMS 0x00000007a0400000| PB 0x00000007a0400000| Complete |  0
| 737|0x00000007a0600000, 0x00000007a0800000, 0x00000007a0800000|100%|HS|  |TAMS 0x00000007a0600000| PB 0x00000007a0600000| Complete |  0
| 738|0x00000007a0800000, 0x00000007a0a00000, 0x00000007a0a00000|100%|HC|  |TAMS 0x00000007a0800000| PB 0x00000007a0800000| Complete |  0
| 739|0x00000007a0a00000, 0x00000007a0c00000, 0x00000007a0c00000|100%|HC|  |TAMS 0x00000007a0a00000| PB 0x00000007a0a00000| Complete |  0
| 740|0x00000007a0c00000, 0x00000007a0e00000, 0x00000007a0e00000|100%|HS|  |TAMS 0x00000007a0c00000| PB 0x00000007a0c00000| Complete |  0
| 741|0x00000007a0e00000, 0x00000007a1000000, 0x00000007a1000000|100%|HC|  |TAMS 0x00000007a0e00000| PB 0x00000007a0e00000| Complete |  0
| 742|0x00000007a1000000, 0x00000007a1200000, 0x00000007a1200000|100%|HS|  |TAMS 0x00000007a1000000| PB 0x00000007a1000000| Complete |  0
| 743|0x00000007a1200000, 0x00000007a1400000, 0x00000007a1400000|100%|HS|  |TAMS 0x00000007a1200000| PB 0x00000007a1200000| Complete |  0
| 744|0x00000007a1400000, 0x00000007a1600000, 0x00000007a1600000|100%|HC|  |TAMS 0x00000007a1400000| PB 0x00000007a1400000| Complete |  0
| 745|0x00000007a1600000, 0x00000007a1800000, 0x00000007a1800000|100%|HS|  |TAMS 0x00000007a1600000| PB 0x00000007a1600000| Complete |  0
| 746|0x00000007a1800000, 0x00000007a1a00000, 0x00000007a1a00000|100%|HC|  |TAMS 0x00000007a1800000| PB 0x00000007a1800000| Complete |  0
| 747|0x00000007a1a00000, 0x00000007a1c00000, 0x00000007a1c00000|100%|HC|  |TAMS 0x00000007a1a00000| PB 0x00000007a1a00000| Complete |  0
| 748|0x00000007a1c00000, 0x00000007a1e00000, 0x00000007a1e00000|100%|HS|  |TAMS 0x00000007a1c00000| PB 0x00000007a1c00000| Complete |  0
| 749|0x00000007a1e00000, 0x00000007a2000000, 0x00000007a2000000|100%|HC|  |TAMS 0x00000007a1e00000| PB 0x00000007a1e00000| Complete |  0
| 750|0x00000007a2000000, 0x00000007a2200000, 0x00000007a2200000|100%|HS|  |TAMS 0x00000007a2000000| PB 0x00000007a2000000| Complete |  0
| 751|0x00000007a2200000, 0x00000007a2400000, 0x00000007a2400000|100%|HS|  |TAMS 0x00000007a2200000| PB 0x00000007a2200000| Complete |  0
| 752|0x00000007a2400000, 0x00000007a2600000, 0x00000007a2600000|100%|HC|  |TAMS 0x00000007a2400000| PB 0x00000007a2400000| Complete |  0
| 753|0x00000007a2600000, 0x00000007a2800000, 0x00000007a2800000|100%|HS|  |TAMS 0x00000007a2600000| PB 0x00000007a2600000| Complete |  0
| 754|0x00000007a2800000, 0x00000007a2a00000, 0x00000007a2a00000|100%|HC|  |TAMS 0x00000007a2800000| PB 0x00000007a2800000| Complete |  0
| 755|0x00000007a2a00000, 0x00000007a2c00000, 0x00000007a2c00000|100%|HC|  |TAMS 0x00000007a2a00000| PB 0x00000007a2a00000| Complete |  0
| 756|0x00000007a2c00000, 0x00000007a2e00000, 0x00000007a2e00000|100%|HS|  |TAMS 0x00000007a2c00000| PB 0x00000007a2c00000| Complete |  0
| 757|0x00000007a2e00000, 0x00000007a3000000, 0x00000007a3000000|100%|HC|  |TAMS 0x00000007a2e00000| PB 0x00000007a2e00000| Complete |  0
| 758|0x00000007a3000000, 0x00000007a3200000, 0x00000007a3200000|100%|HS|  |TAMS 0x00000007a3000000| PB 0x00000007a3000000| Complete |  0
| 759|0x00000007a3200000, 0x00000007a3400000, 0x00000007a3400000|100%|HS|  |TAMS 0x00000007a3200000| PB 0x00000007a3200000| Complete |  0
| 760|0x00000007a3400000, 0x00000007a3600000, 0x00000007a3600000|100%|HC|  |TAMS 0x00000007a3400000| PB 0x00000007a3400000| Complete |  0
| 761|0x00000007a3600000, 0x00000007a3800000, 0x00000007a3800000|100%|HS|  |TAMS 0x00000007a3600000| PB 0x00000007a3600000| Complete |  0
| 762|0x00000007a3800000, 0x00000007a3a00000, 0x00000007a3a00000|100%|HC|  |TAMS 0x00000007a3800000| PB 0x00000007a3800000| Complete |  0
| 763|0x00000007a3a00000, 0x00000007a3c00000, 0x00000007a3c00000|100%|HC|  |TAMS 0x00000007a3a00000| PB 0x00000007a3a00000| Complete |  0
| 764|0x00000007a3c00000, 0x00000007a3e00000, 0x00000007a3e00000|100%|HS|  |TAMS 0x00000007a3c00000| PB 0x00000007a3c00000| Complete |  0
| 765|0x00000007a3e00000, 0x00000007a4000000, 0x00000007a4000000|100%|HC|  |TAMS 0x00000007a3e00000| PB 0x00000007a3e00000| Complete |  0
| 766|0x00000007a4000000, 0x00000007a4200000, 0x00000007a4200000|100%|HS|  |TAMS 0x00000007a4000000| PB 0x00000007a4000000| Complete |  0
| 767|0x00000007a4200000, 0x00000007a4400000, 0x00000007a4400000|100%|HS|  |TAMS 0x00000007a4200000| PB 0x00000007a4200000| Complete |  0
| 768|0x00000007a4400000, 0x00000007a4600000, 0x00000007a4600000|100%|HC|  |TAMS 0x00000007a4400000| PB 0x00000007a4400000| Complete |  0
| 769|0x00000007a4600000, 0x00000007a4800000, 0x00000007a4800000|100%|HS|  |TAMS 0x00000007a4600000| PB 0x00000007a4600000| Complete |  0
| 770|0x00000007a4800000, 0x00000007a4a00000, 0x00000007a4a00000|100%|HC|  |TAMS 0x00000007a4800000| PB 0x00000007a4800000| Complete |  0
| 771|0x00000007a4a00000, 0x00000007a4c00000, 0x00000007a4c00000|100%|HC|  |TAMS 0x00000007a4a00000| PB 0x00000007a4a00000| Complete |  0
| 772|0x00000007a4c00000, 0x00000007a4e00000, 0x00000007a4e00000|100%|HS|  |TAMS 0x00000007a4c00000| PB 0x00000007a4c00000| Complete |  0
| 773|0x00000007a4e00000, 0x00000007a5000000, 0x00000007a5000000|100%|HC|  |TAMS 0x00000007a4e00000| PB 0x00000007a4e00000| Complete |  0
| 774|0x00000007a5000000, 0x00000007a5200000, 0x00000007a5200000|100%|HS|  |TAMS 0x00000007a5000000| PB 0x00000007a5000000| Complete |  0
| 775|0x00000007a5200000, 0x00000007a5400000, 0x00000007a5400000|100%|HS|  |TAMS 0x00000007a5200000| PB 0x00000007a5200000| Complete |  0
| 776|0x00000007a5400000, 0x00000007a5600000, 0x00000007a5600000|100%|HC|  |TAMS 0x00000007a5400000| PB 0x00000007a5400000| Complete |  0
| 777|0x00000007a5600000, 0x00000007a5800000, 0x00000007a5800000|100%|HS|  |TAMS 0x00000007a5600000| PB 0x00000007a5600000| Complete |  0
| 778|0x00000007a5800000, 0x00000007a5a00000, 0x00000007a5a00000|100%|HC|  |TAMS 0x00000007a5800000| PB 0x00000007a5800000| Complete |  0
| 779|0x00000007a5a00000, 0x00000007a5c00000, 0x00000007a5c00000|100%|HC|  |TAMS 0x00000007a5a00000| PB 0x00000007a5a00000| Complete |  0
| 780|0x00000007a5c00000, 0x00000007a5e00000, 0x00000007a5e00000|100%|HS|  |TAMS 0x00000007a5c00000| PB 0x00000007a5c00000| Complete |  0
| 781|0x00000007a5e00000, 0x00000007a6000000, 0x00000007a6000000|100%|HC|  |TAMS 0x00000007a5e00000| PB 0x00000007a5e00000| Complete |  0
| 782|0x00000007a6000000, 0x00000007a6200000, 0x00000007a6200000|100%|HS|  |TAMS 0x00000007a6000000| PB 0x00000007a6000000| Complete |  0
| 783|0x00000007a6200000, 0x00000007a6400000, 0x00000007a6400000|100%|HS|  |TAMS 0x00000007a6200000| PB 0x00000007a6200000| Complete |  0
| 784|0x00000007a6400000, 0x00000007a6600000, 0x00000007a6600000|100%|HC|  |TAMS 0x00000007a6400000| PB 0x00000007a6400000| Complete |  0
| 785|0x00000007a6600000, 0x00000007a6800000, 0x00000007a6800000|100%|HS|  |TAMS 0x00000007a6600000| PB 0x00000007a6600000| Complete |  0
| 786|0x00000007a6800000, 0x00000007a6a00000, 0x00000007a6a00000|100%|HC|  |TAMS 0x00000007a6800000| PB 0x00000007a6800000| Complete |  0
| 787|0x00000007a6a00000, 0x00000007a6c00000, 0x00000007a6c00000|100%|HC|  |TAMS 0x00000007a6a00000| PB 0x00000007a6a00000| Complete |  0
| 788|0x00000007a6c00000, 0x00000007a6e00000, 0x00000007a6e00000|100%|HS|  |TAMS 0x00000007a6c00000| PB 0x00000007a6c00000| Complete |  0
| 789|0x00000007a6e00000, 0x00000007a7000000, 0x00000007a7000000|100%|HC|  |TAMS 0x00000007a6e00000| PB 0x00000007a6e00000| Complete |  0
| 790|0x00000007a7000000, 0x00000007a7200000, 0x00000007a7200000|100%|HS|  |TAMS 0x00000007a7000000| PB 0x00000007a7000000| Complete |  0
| 791|0x00000007a7200000, 0x00000007a7400000, 0x00000007a7400000|100%|HS|  |TAMS 0x00000007a7200000| PB 0x00000007a7200000| Complete |  0
| 792|0x00000007a7400000, 0x00000007a7600000, 0x00000007a7600000|100%|HC|  |TAMS 0x00000007a7400000| PB 0x00000007a7400000| Complete |  0
| 793|0x00000007a7600000, 0x00000007a7800000, 0x00000007a7800000|100%|HS|  |TAMS 0x00000007a7600000| PB 0x00000007a7600000| Complete |  0
| 794|0x00000007a7800000, 0x00000007a7a00000, 0x00000007a7a00000|100%|HC|  |TAMS 0x00000007a7800000| PB 0x00000007a7800000| Complete |  0
| 795|0x00000007a7a00000, 0x00000007a7c00000, 0x00000007a7c00000|100%|HS|  |TAMS 0x00000007a7a00000| PB 0x00000007a7a00000| Complete |  0
| 796|0x00000007a7c00000, 0x00000007a7e00000, 0x00000007a7e00000|100%|HS|  |TAMS 0x00000007a7c00000| PB 0x00000007a7c00000| Complete |  0
| 797|0x00000007a7e00000, 0x00000007a8000000, 0x00000007a8000000|100%|HC|  |TAMS 0x00000007a7e00000| PB 0x00000007a7e00000| Complete |  0
| 798|0x00000007a8000000, 0x00000007a8200000, 0x00000007a8200000|100%|HS|  |TAMS 0x00000007a8000000| PB 0x00000007a8000000| Complete |  0
| 799|0x00000007a8200000, 0x00000007a8400000, 0x00000007a8400000|100%|HC|  |TAMS 0x00000007a8200000| PB 0x00000007a8200000| Complete |  0
| 800|0x00000007a8400000, 0x00000007a8600000, 0x00000007a8600000|100%|HS|  |TAMS 0x00000007a8400000| PB 0x00000007a8400000| Complete |  0
| 801|0x00000007a8600000, 0x00000007a8800000, 0x00000007a8800000|100%|HS|  |TAMS 0x00000007a8600000| PB 0x00000007a8600000| Complete |  0
| 802|0x00000007a8800000, 0x00000007a8a00000, 0x00000007a8a00000|100%|HC|  |TAMS 0x00000007a8800000| PB 0x00000007a8800000| Complete |  0
| 803|0x00000007a8a00000, 0x00000007a8c00000, 0x00000007a8c00000|100%|HS|  |TAMS 0x00000007a8a00000| PB 0x00000007a8a00000| Complete |  0
| 804|0x00000007a8c00000, 0x00000007a8e00000, 0x00000007a8e00000|100%|HC|  |TAMS 0x00000007a8c00000| PB 0x00000007a8c00000| Complete |  0
| 805|0x00000007a8e00000, 0x00000007a9000000, 0x00000007a9000000|100%|HS|  |TAMS 0x00000007a8e00000| PB 0x00000007a8e00000| Complete |  0
| 806|0x00000007a9000000, 0x00000007a9200000, 0x00000007a9200000|100%|HS|  |TAMS 0x00000007a9000000| PB 0x00000007a9000000| Complete |  0
| 807|0x00000007a9200000, 0x00000007a9400000, 0x00000007a9400000|100%|HC|  |TAMS 0x00000007a9200000| PB 0x00000007a9200000| Complete |  0
| 808|0x00000007a9400000, 0x00000007a9600000, 0x00000007a9600000|100%|HS|  |TAMS 0x00000007a9400000| PB 0x00000007a9400000| Complete |  0
| 809|0x00000007a9600000, 0x00000007a9800000, 0x00000007a9800000|100%|HC|  |TAMS 0x00000007a9600000| PB 0x00000007a9600000| Complete |  0
| 810|0x00000007a9800000, 0x00000007a9a00000, 0x00000007a9a00000|100%|HC|  |TAMS 0x00000007a9800000| PB 0x00000007a9800000| Complete |  0
| 811|0x00000007a9a00000, 0x00000007a9c00000, 0x00000007a9c00000|100%|HS|  |TAMS 0x00000007a9a00000| PB 0x00000007a9a00000| Complete |  0
| 812|0x00000007a9c00000, 0x00000007a9e00000, 0x00000007a9e00000|100%|HC|  |TAMS 0x00000007a9c00000| PB 0x00000007a9c00000| Complete |  0
| 813|0x00000007a9e00000, 0x00000007aa000000, 0x00000007aa000000|100%|HS|  |TAMS 0x00000007a9e00000| PB 0x00000007a9e00000| Complete |  0
| 814|0x00000007aa000000, 0x00000007aa200000, 0x00000007aa200000|100%|HS|  |TAMS 0x00000007aa000000| PB 0x00000007aa000000| Complete |  0
| 815|0x00000007aa200000, 0x00000007aa400000, 0x00000007aa400000|100%|HC|  |TAMS 0x00000007aa200000| PB 0x00000007aa200000| Complete |  0
| 816|0x00000007aa400000, 0x00000007aa600000, 0x00000007aa600000|100%|HS|  |TAMS 0x00000007aa400000| PB 0x00000007aa400000| Complete |  0
| 817|0x00000007aa600000, 0x00000007aa800000, 0x00000007aa800000|100%|HC|  |TAMS 0x00000007aa600000| PB 0x00000007aa600000| Complete |  0
| 818|0x00000007aa800000, 0x00000007aaa00000, 0x00000007aaa00000|100%|HC|  |TAMS 0x00000007aa800000| PB 0x00000007aa800000| Complete |  0
| 819|0x00000007aaa00000, 0x00000007aac00000, 0x00000007aac00000|100%|HS|  |TAMS 0x00000007aaa00000| PB 0x00000007aaa00000| Complete |  0
| 820|0x00000007aac00000, 0x00000007aae00000, 0x00000007aae00000|100%|HC|  |TAMS 0x00000007aac00000| PB 0x00000007aac00000| Complete |  0
| 821|0x00000007aae00000, 0x00000007ab000000, 0x00000007ab000000|100%|HS|  |TAMS 0x00000007aae00000| PB 0x00000007aae00000| Complete |  0
| 822|0x00000007ab000000, 0x00000007ab200000, 0x00000007ab200000|100%|HS|  |TAMS 0x00000007ab000000| PB 0x00000007ab000000| Complete |  0
| 823|0x00000007ab200000, 0x00000007ab400000, 0x00000007ab400000|100%|HC|  |TAMS 0x00000007ab200000| PB 0x00000007ab200000| Complete |  0
| 824|0x00000007ab400000, 0x00000007ab600000, 0x00000007ab600000|100%|HS|  |TAMS 0x00000007ab400000| PB 0x00000007ab400000| Complete |  0
| 825|0x00000007ab600000, 0x00000007ab800000, 0x00000007ab800000|100%|HC|  |TAMS 0x00000007ab600000| PB 0x00000007ab600000| Complete |  0
| 826|0x00000007ab800000, 0x00000007aba00000, 0x00000007aba00000|100%|HC|  |TAMS 0x00000007ab800000| PB 0x00000007ab800000| Complete |  0
| 827|0x00000007aba00000, 0x00000007abc00000, 0x00000007abc00000|100%|HS|  |TAMS 0x00000007aba00000| PB 0x00000007aba00000| Complete |  0
| 828|0x00000007abc00000, 0x00000007abe00000, 0x00000007abe00000|100%|HC|  |TAMS 0x00000007abc00000| PB 0x00000007abc00000| Complete |  0
| 829|0x00000007abe00000, 0x00000007ac000000, 0x00000007ac000000|100%|HS|  |TAMS 0x00000007abe00000| PB 0x00000007abe00000| Complete |  0
| 830|0x00000007ac000000, 0x00000007ac200000, 0x00000007ac200000|100%|HS|  |TAMS 0x00000007ac000000| PB 0x00000007ac000000| Complete |  0
| 831|0x00000007ac200000, 0x00000007ac400000, 0x00000007ac400000|100%|HC|  |TAMS 0x00000007ac200000| PB 0x00000007ac200000| Complete |  0
| 832|0x00000007ac400000, 0x00000007ac600000, 0x00000007ac600000|100%|HS|  |TAMS 0x00000007ac400000| PB 0x00000007ac400000| Complete |  0
| 833|0x00000007ac600000, 0x00000007ac800000, 0x00000007ac800000|100%|HC|  |TAMS 0x00000007ac600000| PB 0x00000007ac600000| Complete |  0
| 834|0x00000007ac800000, 0x00000007aca00000, 0x00000007aca00000|100%|HC|  |TAMS 0x00000007ac800000| PB 0x00000007ac800000| Complete |  0
| 835|0x00000007aca00000, 0x00000007acc00000, 0x00000007acc00000|100%|HS|  |TAMS 0x00000007aca00000| PB 0x00000007aca00000| Complete |  0
| 836|0x00000007acc00000, 0x00000007ace00000, 0x00000007ace00000|100%|HC|  |TAMS 0x00000007acc00000| PB 0x00000007acc00000| Complete |  0
| 837|0x00000007ace00000, 0x00000007ad000000, 0x00000007ad000000|100%|HS|  |TAMS 0x00000007ace00000| PB 0x00000007ace00000| Complete |  0
| 838|0x00000007ad000000, 0x00000007ad200000, 0x00000007ad200000|100%|HS|  |TAMS 0x00000007ad000000| PB 0x00000007ad000000| Complete |  0
| 839|0x00000007ad200000, 0x00000007ad400000, 0x00000007ad400000|100%|HC|  |TAMS 0x00000007ad200000| PB 0x00000007ad200000| Complete |  0
| 840|0x00000007ad400000, 0x00000007ad600000, 0x00000007ad600000|100%|HS|  |TAMS 0x00000007ad400000| PB 0x00000007ad400000| Complete |  0
| 841|0x00000007ad600000, 0x00000007ad800000, 0x00000007ad800000|100%|HC|  |TAMS 0x00000007ad600000| PB 0x00000007ad600000| Complete |  0
| 842|0x00000007ad800000, 0x00000007ada00000, 0x00000007ada00000|100%|HC|  |TAMS 0x00000007ad800000| PB 0x00000007ad800000| Complete |  0
| 843|0x00000007ada00000, 0x00000007adc00000, 0x00000007adc00000|100%|HS|  |TAMS 0x00000007ada00000| PB 0x00000007ada00000| Complete |  0
| 844|0x00000007adc00000, 0x00000007ade00000, 0x00000007ade00000|100%|HC|  |TAMS 0x00000007adc00000| PB 0x00000007adc00000| Complete |  0
| 845|0x00000007ade00000, 0x00000007ae000000, 0x00000007ae000000|100%|HS|  |TAMS 0x00000007ade00000| PB 0x00000007ade00000| Complete |  0
| 846|0x00000007ae000000, 0x00000007ae200000, 0x00000007ae200000|100%|HS|  |TAMS 0x00000007ae000000| PB 0x00000007ae000000| Complete |  0
| 847|0x00000007ae200000, 0x00000007ae400000, 0x00000007ae400000|100%|HC|  |TAMS 0x00000007ae200000| PB 0x00000007ae200000| Complete |  0
| 848|0x00000007ae400000, 0x00000007ae600000, 0x00000007ae600000|100%|HS|  |TAMS 0x00000007ae400000| PB 0x00000007ae400000| Complete |  0
| 849|0x00000007ae600000, 0x00000007ae800000, 0x00000007ae800000|100%|HC|  |TAMS 0x00000007ae600000| PB 0x00000007ae600000| Complete |  0
| 850|0x00000007ae800000, 0x00000007aea00000, 0x00000007aea00000|100%|HC|  |TAMS 0x00000007ae800000| PB 0x00000007ae800000| Complete |  0
| 851|0x00000007aea00000, 0x00000007aec00000, 0x00000007aec00000|100%|HS|  |TAMS 0x00000007aea00000| PB 0x00000007aea00000| Complete |  0
| 852|0x00000007aec00000, 0x00000007aee00000, 0x00000007aee00000|100%|HC|  |TAMS 0x00000007aec00000| PB 0x00000007aec00000| Complete |  0
| 853|0x00000007aee00000, 0x00000007af000000, 0x00000007af000000|100%|HS|  |TAMS 0x00000007aee00000| PB 0x00000007aee00000| Complete |  0
| 854|0x00000007af000000, 0x00000007af200000, 0x00000007af200000|100%|HS|  |TAMS 0x00000007af000000| PB 0x00000007af000000| Complete |  0
| 855|0x00000007af200000, 0x00000007af400000, 0x00000007af400000|100%|HC|  |TAMS 0x00000007af200000| PB 0x00000007af200000| Complete |  0
| 856|0x00000007af400000, 0x00000007af600000, 0x00000007af600000|100%|HS|  |TAMS 0x00000007af400000| PB 0x00000007af400000| Complete |  0
| 857|0x00000007af600000, 0x00000007af800000, 0x00000007af800000|100%|HC|  |TAMS 0x00000007af600000| PB 0x00000007af600000| Complete |  0
| 858|0x00000007af800000, 0x00000007afa00000, 0x00000007afa00000|100%|HC|  |TAMS 0x00000007af800000| PB 0x00000007af800000| Complete |  0
| 859|0x00000007afa00000, 0x00000007afc00000, 0x00000007afc00000|100%|HS|  |TAMS 0x00000007afa00000| PB 0x00000007afa00000| Complete |  0
| 860|0x00000007afc00000, 0x00000007afe00000, 0x00000007afe00000|100%|HC|  |TAMS 0x00000007afc00000| PB 0x00000007afc00000| Complete |  0
| 861|0x00000007afe00000, 0x00000007b0000000, 0x00000007b0000000|100%|HS|  |TAMS 0x00000007afe00000| PB 0x00000007afe00000| Complete |  0
| 862|0x00000007b0000000, 0x00000007b0200000, 0x00000007b0200000|100%|HS|  |TAMS 0x00000007b0000000| PB 0x00000007b0000000| Complete |  0
| 863|0x00000007b0200000, 0x00000007b0400000, 0x00000007b0400000|100%|HC|  |TAMS 0x00000007b0200000| PB 0x00000007b0200000| Complete |  0
| 864|0x00000007b0400000, 0x00000007b0600000, 0x00000007b0600000|100%|HS|  |TAMS 0x00000007b0400000| PB 0x00000007b0400000| Complete |  0
| 865|0x00000007b0600000, 0x00000007b0800000, 0x00000007b0800000|100%|HC|  |TAMS 0x00000007b0600000| PB 0x00000007b0600000| Complete |  0
| 866|0x00000007b0800000, 0x00000007b0a00000, 0x00000007b0a00000|100%|HS|  |TAMS 0x00000007b0800000| PB 0x00000007b0800000| Complete |  0
| 867|0x00000007b0a00000, 0x00000007b0c00000, 0x00000007b0c00000|100%|HS|  |TAMS 0x00000007b0a00000| PB 0x00000007b0a00000| Complete |  0
| 868|0x00000007b0c00000, 0x00000007b0e00000, 0x00000007b0e00000|100%|HC|  |TAMS 0x00000007b0c00000| PB 0x00000007b0c00000| Complete |  0
| 869|0x00000007b0e00000, 0x00000007b1000000, 0x00000007b1000000|100%|HS|  |TAMS 0x00000007b0e00000| PB 0x00000007b0e00000| Complete |  0
| 870|0x00000007b1000000, 0x00000007b1200000, 0x00000007b1200000|100%|HC|  |TAMS 0x00000007b1000000| PB 0x00000007b1000000| Complete |  0
| 871|0x00000007b1200000, 0x00000007b1400000, 0x00000007b1400000|100%|HS|  |TAMS 0x00000007b1200000| PB 0x00000007b1200000| Complete |  0
| 872|0x00000007b1400000, 0x00000007b1600000, 0x00000007b1600000|100%|HS|  |TAMS 0x00000007b1400000| PB 0x00000007b1400000| Complete |  0
| 873|0x00000007b1600000, 0x00000007b1800000, 0x00000007b1800000|100%|HC|  |TAMS 0x00000007b1600000| PB 0x00000007b1600000| Complete |  0
| 874|0x00000007b1800000, 0x00000007b1a00000, 0x00000007b1a00000|100%|HS|  |TAMS 0x00000007b1800000| PB 0x00000007b1800000| Complete |  0
| 875|0x00000007b1a00000, 0x00000007b1c00000, 0x00000007b1c00000|100%|HC|  |TAMS 0x00000007b1a00000| PB 0x00000007b1a00000| Complete |  0
| 876|0x00000007b1c00000, 0x00000007b1e00000, 0x00000007b1e00000|100%|HS|  |TAMS 0x00000007b1c00000| PB 0x00000007b1c00000| Complete |  0
| 877|0x00000007b1e00000, 0x00000007b2000000, 0x00000007b2000000|100%|HS|  |TAMS 0x00000007b1e00000| PB 0x00000007b1e00000| Complete |  0
| 878|0x00000007b2000000, 0x00000007b2200000, 0x00000007b2200000|100%|HC|  |TAMS 0x00000007b2000000| PB 0x00000007b2000000| Complete |  0
| 879|0x00000007b2200000, 0x00000007b2400000, 0x00000007b2400000|100%|HS|  |TAMS 0x00000007b2200000| PB 0x00000007b2200000| Complete |  0
| 880|0x00000007b2400000, 0x00000007b2600000, 0x00000007b2600000|100%|HC|  |TAMS 0x00000007b2400000| PB 0x00000007b2400000| Complete |  0
| 881|0x00000007b2600000, 0x00000007b2800000, 0x00000007b2800000|100%|HC|  |TAMS 0x00000007b2600000| PB 0x00000007b2600000| Complete |  0
| 882|0x00000007b2800000, 0x00000007b2a00000, 0x00000007b2a00000|100%|HS|  |TAMS 0x00000007b2800000| PB 0x00000007b2800000| Complete |  0
| 883|0x00000007b2a00000, 0x00000007b2c00000, 0x00000007b2c00000|100%|HC|  |TAMS 0x00000007b2a00000| PB 0x00000007b2a00000| Complete |  0
| 884|0x00000007b2c00000, 0x00000007b2e00000, 0x00000007b2e00000|100%|HS|  |TAMS 0x00000007b2c00000| PB 0x00000007b2c00000| Complete |  0
| 885|0x00000007b2e00000, 0x00000007b3000000, 0x00000007b3000000|100%|HS|  |TAMS 0x00000007b2e00000| PB 0x00000007b2e00000| Complete |  0
| 886|0x00000007b3000000, 0x00000007b3200000, 0x00000007b3200000|100%|HC|  |TAMS 0x00000007b3000000| PB 0x00000007b3000000| Complete |  0
| 887|0x00000007b3200000, 0x00000007b3400000, 0x00000007b3400000|100%|HS|  |TAMS 0x00000007b3200000| PB 0x00000007b3200000| Complete |  0
| 888|0x00000007b3400000, 0x00000007b3600000, 0x00000007b3600000|100%|HC|  |TAMS 0x00000007b3400000| PB 0x00000007b3400000| Complete |  0
| 889|0x00000007b3600000, 0x00000007b3800000, 0x00000007b3800000|100%|HC|  |TAMS 0x00000007b3600000| PB 0x00000007b3600000| Complete |  0
| 890|0x00000007b3800000, 0x00000007b3a00000, 0x00000007b3a00000|100%|HS|  |TAMS 0x00000007b3800000| PB 0x00000007b3800000| Complete |  0
| 891|0x00000007b3a00000, 0x00000007b3c00000, 0x00000007b3c00000|100%|HC|  |TAMS 0x00000007b3a00000| PB 0x00000007b3a00000| Complete |  0
| 892|0x00000007b3c00000, 0x00000007b3e00000, 0x00000007b3e00000|100%|HS|  |TAMS 0x00000007b3c00000| PB 0x00000007b3c00000| Complete |  0
| 893|0x00000007b3e00000, 0x00000007b4000000, 0x00000007b4000000|100%|HS|  |TAMS 0x00000007b3e00000| PB 0x00000007b3e00000| Complete |  0
| 894|0x00000007b4000000, 0x00000007b4200000, 0x00000007b4200000|100%|HC|  |TAMS 0x00000007b4000000| PB 0x00000007b4000000| Complete |  0
| 895|0x00000007b4200000, 0x00000007b4400000, 0x00000007b4400000|100%|HS|  |TAMS 0x00000007b4200000| PB 0x00000007b4200000| Complete |  0
| 896|0x00000007b4400000, 0x00000007b4600000, 0x00000007b4600000|100%|HC|  |TAMS 0x00000007b4400000| PB 0x00000007b4400000| Complete |  0
| 897|0x00000007b4600000, 0x00000007b4800000, 0x00000007b4800000|100%|HC|  |TAMS 0x00000007b4600000| PB 0x00000007b4600000| Complete |  0
| 898|0x00000007b4800000, 0x00000007b4a00000, 0x00000007b4a00000|100%|HS|  |TAMS 0x00000007b4800000| PB 0x00000007b4800000| Complete |  0
| 899|0x00000007b4a00000, 0x00000007b4c00000, 0x00000007b4c00000|100%|HC|  |TAMS 0x00000007b4a00000| PB 0x00000007b4a00000| Complete |  0
| 900|0x00000007b4c00000, 0x00000007b4e00000, 0x00000007b4e00000|100%|HS|  |TAMS 0x00000007b4c00000| PB 0x00000007b4c00000| Complete |  0
| 901|0x00000007b4e00000, 0x00000007b5000000, 0x00000007b5000000|100%|HS|  |TAMS 0x00000007b4e00000| PB 0x00000007b4e00000| Complete |  0
| 902|0x00000007b5000000, 0x00000007b5200000, 0x00000007b5200000|100%|HC|  |TAMS 0x00000007b5000000| PB 0x00000007b5000000| Complete |  0
| 903|0x00000007b5200000, 0x00000007b5400000, 0x00000007b5400000|100%|HS|  |TAMS 0x00000007b5200000| PB 0x00000007b5200000| Complete |  0
| 904|0x00000007b5400000, 0x00000007b5600000, 0x00000007b5600000|100%|HC|  |TAMS 0x00000007b5400000| PB 0x00000007b5400000| Complete |  0
| 905|0x00000007b5600000, 0x00000007b5800000, 0x00000007b5800000|100%|HC|  |TAMS 0x00000007b5600000| PB 0x00000007b5600000| Complete |  0
| 906|0x00000007b5800000, 0x00000007b5a00000, 0x00000007b5a00000|100%|HS|  |TAMS 0x00000007b5800000| PB 0x00000007b5800000| Complete |  0
| 907|0x00000007b5a00000, 0x00000007b5c00000, 0x00000007b5c00000|100%|HC|  |TAMS 0x00000007b5a00000| PB 0x00000007b5a00000| Complete |  0
| 908|0x00000007b5c00000, 0x00000007b5e00000, 0x00000007b5e00000|100%|HS|  |TAMS 0x00000007b5c00000| PB 0x00000007b5c00000| Complete |  0
| 909|0x00000007b5e00000, 0x00000007b6000000, 0x00000007b6000000|100%|HS|  |TAMS 0x00000007b5e00000| PB 0x00000007b5e00000| Complete |  0
| 910|0x00000007b6000000, 0x00000007b6200000, 0x00000007b6200000|100%|HC|  |TAMS 0x00000007b6000000| PB 0x00000007b6000000| Complete |  0
| 911|0x00000007b6200000, 0x00000007b6400000, 0x00000007b6400000|100%|HS|  |TAMS 0x00000007b6200000| PB 0x00000007b6200000| Complete |  0
| 912|0x00000007b6400000, 0x00000007b6600000, 0x00000007b6600000|100%|HC|  |TAMS 0x00000007b6400000| PB 0x00000007b6400000| Complete |  0
| 913|0x00000007b6600000, 0x00000007b6800000, 0x00000007b6800000|100%|HC|  |TAMS 0x00000007b6600000| PB 0x00000007b6600000| Complete |  0
| 914|0x00000007b6800000, 0x00000007b6a00000, 0x00000007b6a00000|100%|HS|  |TAMS 0x00000007b6800000| PB 0x00000007b6800000| Complete |  0
| 915|0x00000007b6a00000, 0x00000007b6c00000, 0x00000007b6c00000|100%|HC|  |TAMS 0x00000007b6a00000| PB 0x00000007b6a00000| Complete |  0
| 916|0x00000007b6c00000, 0x00000007b6e00000, 0x00000007b6e00000|100%|HS|  |TAMS 0x00000007b6c00000| PB 0x00000007b6c00000| Complete |  0
| 917|0x00000007b6e00000, 0x00000007b7000000, 0x00000007b7000000|100%|HS|  |TAMS 0x00000007b6e00000| PB 0x00000007b6e00000| Complete |  0
| 918|0x00000007b7000000, 0x00000007b7200000, 0x00000007b7200000|100%|HC|  |TAMS 0x00000007b7000000| PB 0x00000007b7000000| Complete |  0
| 919|0x00000007b7200000, 0x00000007b7400000, 0x00000007b7400000|100%|HS|  |TAMS 0x00000007b7200000| PB 0x00000007b7200000| Complete |  0
| 920|0x00000007b7400000, 0x00000007b7600000, 0x00000007b7600000|100%|HC|  |TAMS 0x00000007b7400000| PB 0x00000007b7400000| Complete |  0
| 921|0x00000007b7600000, 0x00000007b7800000, 0x00000007b7800000|100%|HC|  |TAMS 0x00000007b7600000| PB 0x00000007b7600000| Complete |  0
| 922|0x00000007b7800000, 0x00000007b7a00000, 0x00000007b7a00000|100%|HS|  |TAMS 0x00000007b7800000| PB 0x00000007b7800000| Complete |  0
| 923|0x00000007b7a00000, 0x00000007b7c00000, 0x00000007b7c00000|100%|HC|  |TAMS 0x00000007b7a00000| PB 0x00000007b7a00000| Complete |  0
| 924|0x00000007b7c00000, 0x00000007b7e00000, 0x00000007b7e00000|100%|HS|  |TAMS 0x00000007b7c00000| PB 0x00000007b7c00000| Complete |  0
| 925|0x00000007b7e00000, 0x00000007b8000000, 0x00000007b8000000|100%|HS|  |TAMS 0x00000007b7e00000| PB 0x00000007b7e00000| Complete |  0
| 926|0x00000007b8000000, 0x00000007b8200000, 0x00000007b8200000|100%|HC|  |TAMS 0x00000007b8000000| PB 0x00000007b8000000| Complete |  0
| 927|0x00000007b8200000, 0x00000007b8400000, 0x00000007b8400000|100%|HS|  |TAMS 0x00000007b8200000| PB 0x00000007b8200000| Complete |  0
| 928|0x00000007b8400000, 0x00000007b8600000, 0x00000007b8600000|100%|HC|  |TAMS 0x00000007b8400000| PB 0x00000007b8400000| Complete |  0
| 929|0x00000007b8600000, 0x00000007b8800000, 0x00000007b8800000|100%|HC|  |TAMS 0x00000007b8600000| PB 0x00000007b8600000| Complete |  0
| 930|0x00000007b8800000, 0x00000007b8a00000, 0x00000007b8a00000|100%|HS|  |TAMS 0x00000007b8800000| PB 0x00000007b8800000| Complete |  0
| 931|0x00000007b8a00000, 0x00000007b8c00000, 0x00000007b8c00000|100%|HC|  |TAMS 0x00000007b8a00000| PB 0x00000007b8a00000| Complete |  0
| 932|0x00000007b8c00000, 0x00000007b8e00000, 0x00000007b8e00000|100%|HS|  |TAMS 0x00000007b8c00000| PB 0x00000007b8c00000| Complete |  0
| 933|0x00000007b8e00000, 0x00000007b9000000, 0x00000007b9000000|100%|HS|  |TAMS 0x00000007b8e00000| PB 0x00000007b8e00000| Complete |  0
| 934|0x00000007b9000000, 0x00000007b9200000, 0x00000007b9200000|100%|HC|  |TAMS 0x00000007b9000000| PB 0x00000007b9000000| Complete |  0
| 935|0x00000007b9200000, 0x00000007b9400000, 0x00000007b9400000|100%|HS|  |TAMS 0x00000007b9200000| PB 0x00000007b9200000| Complete |  0
| 936|0x00000007b9400000, 0x00000007b9600000, 0x00000007b9600000|100%|HC|  |TAMS 0x00000007b9400000| PB 0x00000007b9400000| Complete |  0
| 937|0x00000007b9600000, 0x00000007b9800000, 0x00000007b9800000|100%|HS|  |TAMS 0x00000007b9600000| PB 0x00000007b9600000| Complete |  0
| 938|0x00000007b9800000, 0x00000007b9a00000, 0x00000007b9a00000|100%|HS|  |TAMS 0x00000007b9800000| PB 0x00000007b9800000| Complete |  0
| 939|0x00000007b9a00000, 0x00000007b9c00000, 0x00000007b9c00000|100%|HC|  |TAMS 0x00000007b9a00000| PB 0x00000007b9a00000| Complete |  0
| 940|0x00000007b9c00000, 0x00000007b9e00000, 0x00000007b9e00000|100%|HS|  |TAMS 0x00000007b9c00000| PB 0x00000007b9c00000| Complete |  0
| 941|0x00000007b9e00000, 0x00000007ba000000, 0x00000007ba000000|100%|HC|  |TAMS 0x00000007b9e00000| PB 0x00000007b9e00000| Complete |  0
| 942|0x00000007ba000000, 0x00000007ba200000, 0x00000007ba200000|100%|HS|  |TAMS 0x00000007ba000000| PB 0x00000007ba000000| Complete |  0
| 943|0x00000007ba200000, 0x00000007ba400000, 0x00000007ba400000|100%|HS|  |TAMS 0x00000007ba200000| PB 0x00000007ba200000| Complete |  0
| 944|0x00000007ba400000, 0x00000007ba600000, 0x00000007ba600000|100%|HC|  |TAMS 0x00000007ba400000| PB 0x00000007ba400000| Complete |  0
| 945|0x00000007ba600000, 0x00000007ba800000, 0x00000007ba800000|100%|HS|  |TAMS 0x00000007ba600000| PB 0x00000007ba600000| Complete |  0
| 946|0x00000007ba800000, 0x00000007baa00000, 0x00000007baa00000|100%|HC|  |TAMS 0x00000007ba800000| PB 0x00000007ba800000| Complete |  0
| 947|0x00000007baa00000, 0x00000007bac00000, 0x00000007bac00000|100%|HC|  |TAMS 0x00000007baa00000| PB 0x00000007baa00000| Complete |  0
| 948|0x00000007bac00000, 0x00000007bae00000, 0x00000007bae00000|100%|HS|  |TAMS 0x00000007bac00000| PB 0x00000007bac00000| Complete |  0
| 949|0x00000007bae00000, 0x00000007bb000000, 0x00000007bb000000|100%|HC|  |TAMS 0x00000007bae00000| PB 0x00000007bae00000| Complete |  0
| 950|0x00000007bb000000, 0x00000007bb200000, 0x00000007bb200000|100%|HS|  |TAMS 0x00000007bb000000| PB 0x00000007bb000000| Complete |  0
| 951|0x00000007bb200000, 0x00000007bb400000, 0x00000007bb400000|100%|HS|  |TAMS 0x00000007bb200000| PB 0x00000007bb200000| Complete |  0
| 952|0x00000007bb400000, 0x00000007bb600000, 0x00000007bb600000|100%|HC|  |TAMS 0x00000007bb400000| PB 0x00000007bb400000| Complete |  0
| 953|0x00000007bb600000, 0x00000007bb800000, 0x00000007bb800000|100%|HS|  |TAMS 0x00000007bb600000| PB 0x00000007bb600000| Complete |  0
| 954|0x00000007bb800000, 0x00000007bba00000, 0x00000007bba00000|100%|HC|  |TAMS 0x00000007bb800000| PB 0x00000007bb800000| Complete |  0
| 955|0x00000007bba00000, 0x00000007bbc00000, 0x00000007bbc00000|100%|HC|  |TAMS 0x00000007bba00000| PB 0x00000007bba00000| Complete |  0
| 956|0x00000007bbc00000, 0x00000007bbe00000, 0x00000007bbe00000|100%|HS|  |TAMS 0x00000007bbc00000| PB 0x00000007bbc00000| Complete |  0
| 957|0x00000007bbe00000, 0x00000007bc000000, 0x00000007bc000000|100%|HC|  |TAMS 0x00000007bbe00000| PB 0x00000007bbe00000| Complete |  0
| 958|0x00000007bc000000, 0x00000007bc200000, 0x00000007bc200000|100%|HS|  |TAMS 0x00000007bc000000| PB 0x00000007bc000000| Complete |  0
| 959|0x00000007bc200000, 0x00000007bc400000, 0x00000007bc400000|100%|HS|  |TAMS 0x00000007bc200000| PB 0x00000007bc200000| Complete |  0
| 960|0x00000007bc400000, 0x00000007bc600000, 0x00000007bc600000|100%|HC|  |TAMS 0x00000007bc400000| PB 0x00000007bc400000| Complete |  0
| 961|0x00000007bc600000, 0x00000007bc800000, 0x00000007bc800000|100%|HS|  |TAMS 0x00000007bc600000| PB 0x00000007bc600000| Complete |  0
| 962|0x00000007bc800000, 0x00000007bca00000, 0x00000007bca00000|100%|HC|  |TAMS 0x00000007bc800000| PB 0x00000007bc800000| Complete |  0
| 963|0x00000007bca00000, 0x00000007bcc00000, 0x00000007bcc00000|100%|HC|  |TAMS 0x00000007bca00000| PB 0x00000007bca00000| Complete |  0
| 964|0x00000007bcc00000, 0x00000007bce00000, 0x00000007bce00000|100%|HS|  |TAMS 0x00000007bcc00000| PB 0x00000007bcc00000| Complete |  0
| 965|0x00000007bce00000, 0x00000007bd000000, 0x00000007bd000000|100%|HC|  |TAMS 0x00000007bce00000| PB 0x00000007bce00000| Complete |  0
| 966|0x00000007bd000000, 0x00000007bd200000, 0x00000007bd200000|100%|HS|  |TAMS 0x00000007bd000000| PB 0x00000007bd000000| Complete |  0
| 967|0x00000007bd200000, 0x00000007bd400000, 0x00000007bd400000|100%|HS|  |TAMS 0x00000007bd200000| PB 0x00000007bd200000| Complete |  0
| 968|0x00000007bd400000, 0x00000007bd600000, 0x00000007bd600000|100%|HC|  |TAMS 0x00000007bd400000| PB 0x00000007bd400000| Complete |  0
| 969|0x00000007bd600000, 0x00000007bd800000, 0x00000007bd800000|100%|HS|  |TAMS 0x00000007bd600000| PB 0x00000007bd600000| Complete |  0
| 970|0x00000007bd800000, 0x00000007bda00000, 0x00000007bda00000|100%|HC|  |TAMS 0x00000007bd800000| PB 0x00000007bd800000| Complete |  0
| 971|0x00000007bda00000, 0x00000007bdc00000, 0x00000007bdc00000|100%|HC|  |TAMS 0x00000007bda00000| PB 0x00000007bda00000| Complete |  0
| 972|0x00000007bdc00000, 0x00000007bde00000, 0x00000007bde00000|100%|HS|  |TAMS 0x00000007bdc00000| PB 0x00000007bdc00000| Complete |  0
| 973|0x00000007bde00000, 0x00000007be000000, 0x00000007be000000|100%|HC|  |TAMS 0x00000007bde00000| PB 0x00000007bde00000| Complete |  0
| 974|0x00000007be000000, 0x00000007be200000, 0x00000007be200000|100%|HS|  |TAMS 0x00000007be000000| PB 0x00000007be000000| Complete |  0
| 975|0x00000007be200000, 0x00000007be400000, 0x00000007be400000|100%|HS|  |TAMS 0x00000007be200000| PB 0x00000007be200000| Complete |  0
| 976|0x00000007be400000, 0x00000007be600000, 0x00000007be600000|100%|HC|  |TAMS 0x00000007be400000| PB 0x00000007be400000| Complete |  0
| 977|0x00000007be600000, 0x00000007be800000, 0x00000007be800000|100%|HS|  |TAMS 0x00000007be600000| PB 0x00000007be600000| Complete |  0
| 978|0x00000007be800000, 0x00000007bea00000, 0x00000007bea00000|100%|HC|  |TAMS 0x00000007be800000| PB 0x00000007be800000| Complete |  0
| 979|0x00000007bea00000, 0x00000007bec00000, 0x00000007bec00000|100%|HC|  |TAMS 0x00000007bea00000| PB 0x00000007bea00000| Complete |  0
| 980|0x00000007bec00000, 0x00000007bee00000, 0x00000007bee00000|100%|HS|  |TAMS 0x00000007bec00000| PB 0x00000007bec00000| Complete |  0
| 981|0x00000007bee00000, 0x00000007bf000000, 0x00000007bf000000|100%|HC|  |TAMS 0x00000007bee00000| PB 0x00000007bee00000| Complete |  0
| 982|0x00000007bf000000, 0x00000007bf200000, 0x00000007bf200000|100%|HS|  |TAMS 0x00000007bf000000| PB 0x00000007bf000000| Complete |  0
| 983|0x00000007bf200000, 0x00000007bf400000, 0x00000007bf400000|100%|HS|  |TAMS 0x00000007bf200000| PB 0x00000007bf200000| Complete |  0
| 984|0x00000007bf400000, 0x00000007bf600000, 0x00000007bf600000|100%|HC|  |TAMS 0x00000007bf400000| PB 0x00000007bf400000| Complete |  0
| 985|0x00000007bf600000, 0x00000007bf800000, 0x00000007bf800000|100%|HS|  |TAMS 0x00000007bf600000| PB 0x00000007bf600000| Complete |  0
| 986|0x00000007bf800000, 0x00000007bfa00000, 0x00000007bfa00000|100%|HC|  |TAMS 0x00000007bf800000| PB 0x00000007bf800000| Complete |  0
| 987|0x00000007bfa00000, 0x00000007bfc00000, 0x00000007bfc00000|100%|HC|  |TAMS 0x00000007bfa00000| PB 0x00000007bfa00000| Complete |  0
| 988|0x00000007bfc00000, 0x00000007bfe00000, 0x00000007bfe00000|100%|HS|  |TAMS 0x00000007bfc00000| PB 0x00000007bfc00000| Complete |  0
| 989|0x00000007bfe00000, 0x00000007c0000000, 0x00000007c0000000|100%|HC|  |TAMS 0x00000007bfe00000| PB 0x00000007bfe00000| Complete |  0
| 990|0x00000007c0000000, 0x00000007c0200000, 0x00000007c0200000|100%|HS|  |TAMS 0x00000007c0000000| PB 0x00000007c0000000| Complete |  0
| 991|0x00000007c0200000, 0x00000007c0400000, 0x00000007c0400000|100%|HS|  |TAMS 0x00000007c0200000| PB 0x00000007c0200000| Complete |  0
| 992|0x00000007c0400000, 0x00000007c0600000, 0x00000007c0600000|100%|HC|  |TAMS 0x00000007c0400000| PB 0x00000007c0400000| Complete |  0
| 993|0x00000007c0600000, 0x00000007c0800000, 0x00000007c0800000|100%|HS|  |TAMS 0x00000007c0600000| PB 0x00000007c0600000| Complete |  0
| 994|0x00000007c0800000, 0x00000007c0a00000, 0x00000007c0a00000|100%|HC|  |TAMS 0x00000007c0800000| PB 0x00000007c0800000| Complete |  0
| 995|0x00000007c0a00000, 0x00000007c0c00000, 0x00000007c0c00000|100%|HC|  |TAMS 0x00000007c0a00000| PB 0x00000007c0a00000| Complete |  0
| 996|0x00000007c0c00000, 0x00000007c0e00000, 0x00000007c0e00000|100%|HS|  |TAMS 0x00000007c0c00000| PB 0x00000007c0c00000| Complete |  0
| 997|0x00000007c0e00000, 0x00000007c1000000, 0x00000007c1000000|100%|HC|  |TAMS 0x00000007c0e00000| PB 0x00000007c0e00000| Complete |  0
| 998|0x00000007c1000000, 0x00000007c1200000, 0x00000007c1200000|100%|HS|  |TAMS 0x00000007c1000000| PB 0x00000007c1000000| Complete |  0
| 999|0x00000007c1200000, 0x00000007c1400000, 0x00000007c1400000|100%|HS|  |TAMS 0x00000007c1200000| PB 0x00000007c1200000| Complete |  0
|1000|0x00000007c1400000, 0x00000007c1600000, 0x00000007c1600000|100%|HC|  |TAMS 0x00000007c1400000| PB 0x00000007c1400000| Complete |  0
|1001|0x00000007c1600000, 0x00000007c1800000, 0x00000007c1800000|100%|HS|  |TAMS 0x00000007c1600000| PB 0x00000007c1600000| Complete |  0
|1002|0x00000007c1800000, 0x00000007c1a00000, 0x00000007c1a00000|100%|HC|  |TAMS 0x00000007c1800000| PB 0x00000007c1800000| Complete |  0
|1003|0x00000007c1a00000, 0x00000007c1c00000, 0x00000007c1c00000|100%|HS|  |TAMS 0x00000007c1a00000| PB 0x00000007c1a00000| Complete |  0
|1004|0x00000007c1c00000, 0x00000007c1e00000, 0x00000007c1e00000|100%|HS|  |TAMS 0x00000007c1c00000| PB 0x00000007c1c00000| Complete |  0
|1005|0x00000007c1e00000, 0x00000007c2000000, 0x00000007c2000000|100%|HC|  |TAMS 0x00000007c1e00000| PB 0x00000007c1e00000| Complete |  0
|1006|0x00000007c2000000, 0x00000007c2200000, 0x00000007c2200000|100%|HS|  |TAMS 0x00000007c2000000| PB 0x00000007c2000000| Complete |  0
|1007|0x00000007c2200000, 0x00000007c2400000, 0x00000007c2400000|100%|HC|  |TAMS 0x00000007c2200000| PB 0x00000007c2200000| Complete |  0
|1008|0x00000007c2400000, 0x00000007c2600000, 0x00000007c2600000|100%|HS|  |TAMS 0x00000007c2400000| PB 0x00000007c2400000| Complete |  0
|1009|0x00000007c2600000, 0x00000007c2800000, 0x00000007c2800000|100%|HS|  |TAMS 0x00000007c2600000| PB 0x00000007c2600000| Complete |  0
|1010|0x00000007c2800000, 0x00000007c2a00000, 0x00000007c2a00000|100%|HC|  |TAMS 0x00000007c2800000| PB 0x00000007c2800000| Complete |  0
|1011|0x00000007c2a00000, 0x00000007c2c00000, 0x00000007c2c00000|100%|HS|  |TAMS 0x00000007c2a00000| PB 0x00000007c2a00000| Complete |  0
|1012|0x00000007c2c00000, 0x00000007c2e00000, 0x00000007c2e00000|100%|HC|  |TAMS 0x00000007c2c00000| PB 0x00000007c2c00000| Complete |  0
|1013|0x00000007c2e00000, 0x00000007c3000000, 0x00000007c3000000|100%|HC|  |TAMS 0x00000007c2e00000| PB 0x00000007c2e00000| Complete |  0
|1014|0x00000007c3000000, 0x00000007c3200000, 0x00000007c3200000|100%|HS|  |TAMS 0x00000007c3000000| PB 0x00000007c3000000| Complete |  0
|1015|0x00000007c3200000, 0x00000007c3400000, 0x00000007c3400000|100%|HC|  |TAMS 0x00000007c3200000| PB 0x00000007c3200000| Complete |  0
|1016|0x00000007c3400000, 0x00000007c3600000, 0x00000007c3600000|100%|HS|  |TAMS 0x00000007c3400000| PB 0x00000007c3400000| Complete |  0
|1017|0x00000007c3600000, 0x00000007c3800000, 0x00000007c3800000|100%|HS|  |TAMS 0x00000007c3600000| PB 0x00000007c3600000| Complete |  0
|1018|0x00000007c3800000, 0x00000007c3a00000, 0x00000007c3a00000|100%|HC|  |TAMS 0x00000007c3800000| PB 0x00000007c3800000| Complete |  0
|1019|0x00000007c3a00000, 0x00000007c3c00000, 0x00000007c3c00000|100%|HS|  |TAMS 0x00000007c3a00000| PB 0x00000007c3a00000| Complete |  0
|1020|0x00000007c3c00000, 0x00000007c3e00000, 0x00000007c3e00000|100%|HC|  |TAMS 0x00000007c3c00000| PB 0x00000007c3c00000| Complete |  0
|1021|0x00000007c3e00000, 0x00000007c4000000, 0x00000007c4000000|100%|HC|  |TAMS 0x00000007c3e00000| PB 0x00000007c3e00000| Complete |  0
|1022|0x00000007c4000000, 0x00000007c4200000, 0x00000007c4200000|100%|HS|  |TAMS 0x00000007c4000000| PB 0x00000007c4000000| Complete |  0
|1023|0x00000007c4200000, 0x00000007c4400000, 0x00000007c4400000|100%|HC|  |TAMS 0x00000007c4200000| PB 0x00000007c4200000| Complete |  0
|1024|0x00000007c4400000, 0x00000007c4600000, 0x00000007c4600000|100%|HS|  |TAMS 0x00000007c4400000| PB 0x00000007c4400000| Complete |  0
|1025|0x00000007c4600000, 0x00000007c4800000, 0x00000007c4800000|100%|HS|  |TAMS 0x00000007c4600000| PB 0x00000007c4600000| Complete |  0
|1026|0x00000007c4800000, 0x00000007c4a00000, 0x00000007c4a00000|100%|HC|  |TAMS 0x00000007c4800000| PB 0x00000007c4800000| Complete |  0
|1027|0x00000007c4a00000, 0x00000007c4c00000, 0x00000007c4c00000|100%|HS|  |TAMS 0x00000007c4a00000| PB 0x00000007c4a00000| Complete |  0
|1028|0x00000007c4c00000, 0x00000007c4e00000, 0x00000007c4e00000|100%|HC|  |TAMS 0x00000007c4c00000| PB 0x00000007c4c00000| Complete |  0
|1029|0x00000007c4e00000, 0x00000007c5000000, 0x00000007c5000000|100%|HC|  |TAMS 0x00000007c4e00000| PB 0x00000007c4e00000| Complete |  0
|1030|0x00000007c5000000, 0x00000007c5200000, 0x00000007c5200000|100%|HS|  |TAMS 0x00000007c5000000| PB 0x00000007c5000000| Complete |  0
|1031|0x00000007c5200000, 0x00000007c5400000, 0x00000007c5400000|100%|HC|  |TAMS 0x00000007c5200000| PB 0x00000007c5200000| Complete |  0
|1032|0x00000007c5400000, 0x00000007c5600000, 0x00000007c5600000|100%|HS|  |TAMS 0x00000007c5400000| PB 0x00000007c5400000| Complete |  0
|1033|0x00000007c5600000, 0x00000007c5800000, 0x00000007c5800000|100%|HS|  |TAMS 0x00000007c5600000| PB 0x00000007c5600000| Complete |  0
|1034|0x00000007c5800000, 0x00000007c5a00000, 0x00000007c5a00000|100%|HC|  |TAMS 0x00000007c5800000| PB 0x00000007c5800000| Complete |  0
|1035|0x00000007c5a00000, 0x00000007c5c00000, 0x00000007c5c00000|100%|HS|  |TAMS 0x00000007c5a00000| PB 0x00000007c5a00000| Complete |  0
|1036|0x00000007c5c00000, 0x00000007c5e00000, 0x00000007c5e00000|100%|HC|  |TAMS 0x00000007c5c00000| PB 0x00000007c5c00000| Complete |  0
|1037|0x00000007c5e00000, 0x00000007c6000000, 0x00000007c6000000|100%|HC|  |TAMS 0x00000007c5e00000| PB 0x00000007c5e00000| Complete |  0
|1038|0x00000007c6000000, 0x00000007c6200000, 0x00000007c6200000|100%|HS|  |TAMS 0x00000007c6000000| PB 0x00000007c6000000| Complete |  0
|1039|0x00000007c6200000, 0x00000007c6400000, 0x00000007c6400000|100%|HC|  |TAMS 0x00000007c6200000| PB 0x00000007c6200000| Complete |  0
|1040|0x00000007c6400000, 0x00000007c6600000, 0x00000007c6600000|100%|HS|  |TAMS 0x00000007c6400000| PB 0x00000007c6400000| Complete |  0
|1041|0x00000007c6600000, 0x00000007c6800000, 0x00000007c6800000|100%|HS|  |TAMS 0x00000007c6600000| PB 0x00000007c6600000| Complete |  0
|1042|0x00000007c6800000, 0x00000007c6a00000, 0x00000007c6a00000|100%| S|CS|TAMS 0x00000007c6800000| PB 0x00000007c6800000| Complete |  0
|1043|0x00000007c6a00000, 0x00000007c6c00000, 0x00000007c6c00000|100%| S|CS|TAMS 0x00000007c6a00000| PB 0x00000007c6a00000| Complete |  0
|1044|0x00000007c6c00000, 0x00000007c6e00000, 0x00000007c6e00000|100%|HS|  |TAMS 0x00000007c6c00000| PB 0x00000007c6c00000| Complete |  0
|1045|0x00000007c6e00000, 0x00000007c7000000, 0x00000007c7000000|100%|HC|  |TAMS 0x00000007c6e00000| PB 0x00000007c6e00000| Complete |  0
|1046|0x00000007c7000000, 0x00000007c7200000, 0x00000007c7200000|100%|HS|  |TAMS 0x00000007c7000000| PB 0x00000007c7000000| Complete |  0
|1047|0x00000007c7200000, 0x00000007c7400000, 0x00000007c7400000|100%|HC|  |TAMS 0x00000007c7200000| PB 0x00000007c7200000| Complete |  0
|1048|0x00000007c7400000, 0x00000007c7600000, 0x00000007c7600000|100%|HC|  |TAMS 0x00000007c7400000| PB 0x00000007c7400000| Complete |  0
|1049|0x00000007c7600000, 0x00000007c7800000, 0x00000007c7800000|100%|HS|  |TAMS 0x00000007c7600000| PB 0x00000007c7600000| Complete |  0
|1050|0x00000007c7800000, 0x00000007c7a00000, 0x00000007c7a00000|100%|HC|  |TAMS 0x00000007c7800000| PB 0x00000007c7800000| Complete |  0
|1051|0x00000007c7a00000, 0x00000007c7c00000, 0x00000007c7c00000|100%|HS|  |TAMS 0x00000007c7a00000| PB 0x00000007c7a00000| Complete |  0
|1052|0x00000007c7c00000, 0x00000007c7e00000, 0x00000007c7e00000|100%|HC|  |TAMS 0x00000007c7c00000| PB 0x00000007c7c00000| Complete |  0
|1053|0x00000007c7e00000, 0x00000007c8000000, 0x00000007c8000000|100%|HS|  |TAMS 0x00000007c7e00000| PB 0x00000007c7e00000| Complete |  0
|1054|0x00000007c8000000, 0x00000007c8200000, 0x00000007c8200000|100%|HC|  |TAMS 0x00000007c8000000| PB 0x00000007c8000000| Complete |  0
|1055|0x00000007c8200000, 0x00000007c8400000, 0x00000007c8400000|100%|HC|  |TAMS 0x00000007c8200000| PB 0x00000007c8200000| Complete |  0
|1056|0x00000007c8400000, 0x00000007c8600000, 0x00000007c8600000|100%|HS|  |TAMS 0x00000007c8400000| PB 0x00000007c8400000| Complete |  0
|1057|0x00000007c8600000, 0x00000007c8800000, 0x00000007c8800000|100%|HC|  |TAMS 0x00000007c8600000| PB 0x00000007c8600000| Complete |  0
|1058|0x00000007c8800000, 0x00000007c8a00000, 0x00000007c8a00000|100%|HS|  |TAMS 0x00000007c8800000| PB 0x00000007c8800000| Complete |  0
|1059|0x00000007c8a00000, 0x00000007c8c00000, 0x00000007c8c00000|100%|HS|  |TAMS 0x00000007c8a00000| PB 0x00000007c8a00000| Complete |  0
|1060|0x00000007c8c00000, 0x00000007c8e00000, 0x00000007c8e00000|100%|HC|  |TAMS 0x00000007c8c00000| PB 0x00000007c8c00000| Complete |  0
|1061|0x00000007c8e00000, 0x00000007c9000000, 0x00000007c9000000|100%|HS|  |TAMS 0x00000007c8e00000| PB 0x00000007c8e00000| Complete |  0
|1062|0x00000007c9000000, 0x00000007c9200000, 0x00000007c9200000|100%|HC|  |TAMS 0x00000007c9000000| PB 0x00000007c9000000| Complete |  0
|1063|0x00000007c9200000, 0x00000007c9400000, 0x00000007c9400000|100%|HC|  |TAMS 0x00000007c9200000| PB 0x00000007c9200000| Complete |  0
|1064|0x00000007c9400000, 0x00000007c9600000, 0x00000007c9600000|100%|HS|  |TAMS 0x00000007c9400000| PB 0x00000007c9400000| Complete |  0
|1065|0x00000007c9600000, 0x00000007c9800000, 0x00000007c9800000|100%|HC|  |TAMS 0x00000007c9600000| PB 0x00000007c9600000| Complete |  0
|1066|0x00000007c9800000, 0x00000007c9a00000, 0x00000007c9a00000|100%|HS|  |TAMS 0x00000007c9800000| PB 0x00000007c9800000| Complete |  0
|1067|0x00000007c9a00000, 0x00000007c9c00000, 0x00000007c9c00000|100%|HS|  |TAMS 0x00000007c9a00000| PB 0x00000007c9a00000| Complete |  0
|1068|0x00000007c9c00000, 0x00000007c9e00000, 0x00000007c9e00000|100%|HC|  |TAMS 0x00000007c9c00000| PB 0x00000007c9c00000| Complete |  0
|1069|0x00000007c9e00000, 0x00000007ca000000, 0x00000007ca000000|100%|HS|  |TAMS 0x00000007c9e00000| PB 0x00000007c9e00000| Complete |  0
|1070|0x00000007ca000000, 0x00000007ca200000, 0x00000007ca200000|100%|HC|  |TAMS 0x00000007ca000000| PB 0x00000007ca000000| Complete |  0
|1071|0x00000007ca200000, 0x00000007ca400000, 0x00000007ca400000|100%|HS|  |TAMS 0x00000007ca200000| PB 0x00000007ca200000| Complete |  0
|1072|0x00000007ca400000, 0x00000007ca600000, 0x00000007ca600000|100%|HS|  |TAMS 0x00000007ca400000| PB 0x00000007ca400000| Complete |  0
|1073|0x00000007ca600000, 0x00000007ca800000, 0x00000007ca800000|100%|HC|  |TAMS 0x00000007ca600000| PB 0x00000007ca600000| Complete |  0
|1074|0x00000007ca800000, 0x00000007caa00000, 0x00000007caa00000|100%|HS|  |TAMS 0x00000007ca800000| PB 0x00000007ca800000| Complete |  0
|1075|0x00000007caa00000, 0x00000007cac00000, 0x00000007cac00000|100%|HC|  |TAMS 0x00000007caa00000| PB 0x00000007caa00000| Complete |  0
|1076|0x00000007cac00000, 0x00000007cae00000, 0x00000007cae00000|100%|HS|  |TAMS 0x00000007cac00000| PB 0x00000007cac00000| Complete |  0
|1077|0x00000007cae00000, 0x00000007cb000000, 0x00000007cb000000|100%|HS|  |TAMS 0x00000007cae00000| PB 0x00000007cae00000| Complete |  0
|1078|0x00000007cb000000, 0x00000007cb200000, 0x00000007cb200000|100%|HC|  |TAMS 0x00000007cb000000| PB 0x00000007cb000000| Complete |  0
|1079|0x00000007cb200000, 0x00000007cb400000, 0x00000007cb400000|100%|HS|  |TAMS 0x00000007cb200000| PB 0x00000007cb200000| Complete |  0
|1080|0x00000007cb400000, 0x00000007cb600000, 0x00000007cb600000|100%|HC|  |TAMS 0x00000007cb400000| PB 0x00000007cb400000| Complete |  0
|1081|0x00000007cb600000, 0x00000007cb800000, 0x00000007cb800000|100%|HC|  |TAMS 0x00000007cb600000| PB 0x00000007cb600000| Complete |  0
|1082|0x00000007cb800000, 0x00000007cba00000, 0x00000007cba00000|100%|HS|  |TAMS 0x00000007cb800000| PB 0x00000007cb800000| Complete |  0
|1083|0x00000007cba00000, 0x00000007cbc00000, 0x00000007cbc00000|100%|HC|  |TAMS 0x00000007cba00000| PB 0x00000007cba00000| Complete |  0
|1084|0x00000007cbc00000, 0x00000007cbe00000, 0x00000007cbe00000|100%|HS|  |TAMS 0x00000007cbc00000| PB 0x00000007cbc00000| Complete |  0
|1085|0x00000007cbe00000, 0x00000007cc000000, 0x00000007cc000000|100%|HS|  |TAMS 0x00000007cbe00000| PB 0x00000007cbe00000| Complete |  0
|1086|0x00000007cc000000, 0x00000007cc200000, 0x00000007cc200000|100%|HC|  |TAMS 0x00000007cc000000| PB 0x00000007cc000000| Complete |  0
|1087|0x00000007cc200000, 0x00000007cc400000, 0x00000007cc400000|100%|HS|  |TAMS 0x00000007cc200000| PB 0x00000007cc200000| Complete |  0
|1088|0x00000007cc400000, 0x00000007cc600000, 0x00000007cc600000|100%|HC|  |TAMS 0x00000007cc400000| PB 0x00000007cc400000| Complete |  0
|1089|0x00000007cc600000, 0x00000007cc800000, 0x00000007cc800000|100%|HC|  |TAMS 0x00000007cc600000| PB 0x00000007cc600000| Complete |  0
|1090|0x00000007cc800000, 0x00000007cca00000, 0x00000007cca00000|100%|HS|  |TAMS 0x00000007cc800000| PB 0x00000007cc800000| Complete |  0
|1091|0x00000007cca00000, 0x00000007ccc00000, 0x00000007ccc00000|100%|HC|  |TAMS 0x00000007cca00000| PB 0x00000007cca00000| Complete |  0
|1092|0x00000007ccc00000, 0x00000007cce00000, 0x00000007cce00000|100%|HS|  |TAMS 0x00000007ccc00000| PB 0x00000007ccc00000| Complete |  0
|1093|0x00000007cce00000, 0x00000007cd000000, 0x00000007cd000000|100%|HS|  |TAMS 0x00000007cce00000| PB 0x00000007cce00000| Complete |  0
|1094|0x00000007cd000000, 0x00000007cd200000, 0x00000007cd200000|100%|HC|  |TAMS 0x00000007cd000000| PB 0x00000007cd000000| Complete |  0
|1095|0x00000007cd200000, 0x00000007cd400000, 0x00000007cd400000|100%|HS|  |TAMS 0x00000007cd200000| PB 0x00000007cd200000| Complete |  0
|1096|0x00000007cd400000, 0x00000007cd600000, 0x00000007cd600000|100%|HC|  |TAMS 0x00000007cd400000| PB 0x00000007cd400000| Complete |  0
|1097|0x00000007cd600000, 0x00000007cd800000, 0x00000007cd800000|100%|HC|  |TAMS 0x00000007cd600000| PB 0x00000007cd600000| Complete |  0
|1098|0x00000007cd800000, 0x00000007cda00000, 0x00000007cda00000|100%|HS|  |TAMS 0x00000007cd800000| PB 0x00000007cd800000| Complete |  0
|1099|0x00000007cda00000, 0x00000007cdc00000, 0x00000007cdc00000|100%|HC|  |TAMS 0x00000007cda00000| PB 0x00000007cda00000| Complete |  0
|1100|0x00000007cdc00000, 0x00000007cde00000, 0x00000007cde00000|100%|HS|  |TAMS 0x00000007cdc00000| PB 0x00000007cdc00000| Complete |  0
|1101|0x00000007cde00000, 0x00000007ce000000, 0x00000007ce000000|100%|HS|  |TAMS 0x00000007cde00000| PB 0x00000007cde00000| Complete |  0
|1102|0x00000007ce000000, 0x00000007ce200000, 0x00000007ce200000|100%|HC|  |TAMS 0x00000007ce000000| PB 0x00000007ce000000| Complete |  0
|1103|0x00000007ce200000, 0x00000007ce400000, 0x00000007ce400000|100%|HS|  |TAMS 0x00000007ce200000| PB 0x00000007ce200000| Complete |  0
|1104|0x00000007ce400000, 0x00000007ce600000, 0x00000007ce600000|100%|HC|  |TAMS 0x00000007ce400000| PB 0x00000007ce400000| Complete |  0
|1105|0x00000007ce600000, 0x00000007ce800000, 0x00000007ce800000|100%|HC|  |TAMS 0x00000007ce600000| PB 0x00000007ce600000| Complete |  0
|1106|0x00000007ce800000, 0x00000007cea00000, 0x00000007cea00000|100%|HS|  |TAMS 0x00000007ce800000| PB 0x00000007ce800000| Complete |  0
|1107|0x00000007cea00000, 0x00000007cec00000, 0x00000007cec00000|100%|HC|  |TAMS 0x00000007cea00000| PB 0x00000007cea00000| Complete |  0
|1108|0x00000007cec00000, 0x00000007cee00000, 0x00000007cee00000|100%|HS|  |TAMS 0x00000007cec00000| PB 0x00000007cec00000| Complete |  0
|1109|0x00000007cee00000, 0x00000007cf000000, 0x00000007cf000000|100%|HS|  |TAMS 0x00000007cee00000| PB 0x00000007cee00000| Complete |  0
|1110|0x00000007cf000000, 0x00000007cf200000, 0x00000007cf200000|100%|HC|  |TAMS 0x00000007cf000000| PB 0x00000007cf000000| Complete |  0
|1111|0x00000007cf200000, 0x00000007cf400000, 0x00000007cf400000|100%|HS|  |TAMS 0x00000007cf200000| PB 0x00000007cf200000| Complete |  0
|1112|0x00000007cf400000, 0x00000007cf600000, 0x00000007cf600000|100%|HC|  |TAMS 0x00000007cf400000| PB 0x00000007cf400000| Complete |  0
|1113|0x00000007cf600000, 0x00000007cf800000, 0x00000007cf800000|100%|HC|  |TAMS 0x00000007cf600000| PB 0x00000007cf600000| Complete |  0
|1114|0x00000007cf800000, 0x00000007cfa00000, 0x00000007cfa00000|100%|HS|  |TAMS 0x00000007cf800000| PB 0x00000007cf800000| Complete |  0
|1115|0x00000007cfa00000, 0x00000007cfc00000, 0x00000007cfc00000|100%|HC|  |TAMS 0x00000007cfa00000| PB 0x00000007cfa00000| Complete |  0
|1116|0x00000007cfc00000, 0x00000007cfe00000, 0x00000007cfe00000|100%|HS|  |TAMS 0x00000007cfc00000| PB 0x00000007cfc00000| Complete |  0
|1117|0x00000007cfe00000, 0x00000007d0000000, 0x00000007d0000000|100%|HS|  |TAMS 0x00000007cfe00000| PB 0x00000007cfe00000| Complete |  0
|1118|0x00000007d0000000, 0x00000007d0200000, 0x00000007d0200000|100%|HC|  |TAMS 0x00000007d0000000| PB 0x00000007d0000000| Complete |  0
|1119|0x00000007d0200000, 0x00000007d0400000, 0x00000007d0400000|100%|HS|  |TAMS 0x00000007d0200000| PB 0x00000007d0200000| Complete |  0
|1120|0x00000007d0400000, 0x00000007d0600000, 0x00000007d0600000|100%|HC|  |TAMS 0x00000007d0400000| PB 0x00000007d0400000| Complete |  0
|1121|0x00000007d0600000, 0x00000007d0800000, 0x00000007d0800000|100%|HC|  |TAMS 0x00000007d0600000| PB 0x00000007d0600000| Complete |  0
|1122|0x00000007d0800000, 0x00000007d0a00000, 0x00000007d0a00000|100%|HS|  |TAMS 0x00000007d0800000| PB 0x00000007d0800000| Complete |  0
|1123|0x00000007d0a00000, 0x00000007d0c00000, 0x00000007d0c00000|100%|HC|  |TAMS 0x00000007d0a00000| PB 0x00000007d0a00000| Complete |  0
|1124|0x00000007d0c00000, 0x00000007d0e00000, 0x00000007d0e00000|100%|HS|  |TAMS 0x00000007d0c00000| PB 0x00000007d0c00000| Complete |  0
|1125|0x00000007d0e00000, 0x00000007d1000000, 0x00000007d1000000|100%|HS|  |TAMS 0x00000007d0e00000| PB 0x00000007d0e00000| Complete |  0
|1126|0x00000007d1000000, 0x00000007d1200000, 0x00000007d1200000|100%|HC|  |TAMS 0x00000007d1000000| PB 0x00000007d1000000| Complete |  0
|1127|0x00000007d1200000, 0x00000007d1400000, 0x00000007d1400000|100%|HS|  |TAMS 0x00000007d1200000| PB 0x00000007d1200000| Complete |  0
|1128|0x00000007d1400000, 0x00000007d1600000, 0x00000007d1600000|100%|HC|  |TAMS 0x00000007d1400000| PB 0x00000007d1400000| Complete |  0
|1129|0x00000007d1600000, 0x00000007d1800000, 0x00000007d1800000|100%|HS|  |TAMS 0x00000007d1600000| PB 0x00000007d1600000| Complete |  0
|1130|0x00000007d1800000, 0x00000007d1a00000, 0x00000007d1a00000|100%|HS|  |TAMS 0x00000007d1800000| PB 0x00000007d1800000| Complete |  0
|1131|0x00000007d1a00000, 0x00000007d1c00000, 0x00000007d1c00000|100%|HC|  |TAMS 0x00000007d1a00000| PB 0x00000007d1a00000| Complete |  0
|1132|0x00000007d1c00000, 0x00000007d1e00000, 0x00000007d1e00000|100%|HS|  |TAMS 0x00000007d1c00000| PB 0x00000007d1c00000| Complete |  0
|1133|0x00000007d1e00000, 0x00000007d1f00000, 0x00000007d2000000| 50%| E|  |TAMS 0x00000007d1e00000| PB 0x00000007d1e00000| Complete |  0
|1134|0x00000007d2000000, 0x00000007d2200000, 0x00000007d2200000|100%| E|CS|TAMS 0x00000007d2000000| PB 0x00000007d2000000| Complete |  0
|1135|0x00000007d2200000, 0x00000007d2400000, 0x00000007d2400000|100%| E|CS|TAMS 0x00000007d2200000| PB 0x00000007d2200000| Complete |  0
|1136|0x00000007d2400000, 0x00000007d2600000, 0x00000007d2600000|100%| E|CS|TAMS 0x00000007d2400000| PB 0x00000007d2400000| Complete |  0
|1137|0x00000007d2600000, 0x00000007d2800000, 0x00000007d2800000|100%| E|CS|TAMS 0x00000007d2600000| PB 0x00000007d2600000| Complete |  0
|1138|0x00000007d2800000, 0x00000007d2a00000, 0x00000007d2a00000|100%| E|CS|TAMS 0x00000007d2800000| PB 0x00000007d2800000| Complete |  0
|1139|0x00000007d2a00000, 0x00000007d2c00000, 0x00000007d2c00000|100%| E|CS|TAMS 0x00000007d2a00000| PB 0x00000007d2a00000| Complete |  0
|1140|0x00000007d2c00000, 0x00000007d2e00000, 0x00000007d2e00000|100%| E|CS|TAMS 0x00000007d2c00000| PB 0x00000007d2c00000| Complete |  0
|1141|0x00000007d2e00000, 0x00000007d3000000, 0x00000007d3000000|100%| E|CS|TAMS 0x00000007d2e00000| PB 0x00000007d2e00000| Complete |  0
|1142|0x00000007d3000000, 0x00000007d3200000, 0x00000007d3200000|100%| E|CS|TAMS 0x00000007d3000000| PB 0x00000007d3000000| Complete |  0
|1143|0x00000007d3200000, 0x00000007d3400000, 0x00000007d3400000|100%| E|CS|TAMS 0x00000007d3200000| PB 0x00000007d3200000| Complete |  0
|1144|0x00000007d3400000, 0x00000007d3600000, 0x00000007d3600000|100%| E|CS|TAMS 0x00000007d3400000| PB 0x00000007d3400000| Complete |  0
|1145|0x00000007d3600000, 0x00000007d3800000, 0x00000007d3800000|100%| E|CS|TAMS 0x00000007d3600000| PB 0x00000007d3600000| Complete |  0
|1146|0x00000007d3800000, 0x00000007d3a00000, 0x00000007d3a00000|100%| E|CS|TAMS 0x00000007d3800000| PB 0x00000007d3800000| Complete |  0
|1147|0x00000007d3a00000, 0x00000007d3c00000, 0x00000007d3c00000|100%| E|CS|TAMS 0x00000007d3a00000| PB 0x00000007d3a00000| Complete |  0
|1148|0x00000007d3c00000, 0x00000007d3e00000, 0x00000007d3e00000|100%| E|  |TAMS 0x00000007d3c00000| PB 0x00000007d3c00000| Complete |  0
|1149|0x00000007d3e00000, 0x00000007d4000000, 0x00000007d4000000|100%| E|CS|TAMS 0x00000007d3e00000| PB 0x00000007d3e00000| Complete |  0
|1150|0x00000007d4000000, 0x00000007d4200000, 0x00000007d4200000|100%| E|CS|TAMS 0x00000007d4000000| PB 0x00000007d4000000| Complete |  0
|1151|0x00000007d4200000, 0x00000007d4400000, 0x00000007d4400000|100%| E|CS|TAMS 0x00000007d4200000| PB 0x00000007d4200000| Complete |  0
|1152|0x00000007d4400000, 0x00000007d4600000, 0x00000007d4600000|100%| E|CS|TAMS 0x00000007d4400000| PB 0x00000007d4400000| Complete |  0
|1153|0x00000007d4600000, 0x00000007d4800000, 0x00000007d4800000|100%| E|CS|TAMS 0x00000007d4600000| PB 0x00000007d4600000| Complete |  0
|1154|0x00000007d4800000, 0x00000007d4a00000, 0x00000007d4a00000|100%| E|CS|TAMS 0x00000007d4800000| PB 0x00000007d4800000| Complete |  0
|1155|0x00000007d4a00000, 0x00000007d4c00000, 0x00000007d4c00000|100%| E|CS|TAMS 0x00000007d4a00000| PB 0x00000007d4a00000| Complete |  0
|1156|0x00000007d4c00000, 0x00000007d4e00000, 0x00000007d4e00000|100%| E|CS|TAMS 0x00000007d4c00000| PB 0x00000007d4c00000| Complete |  0
|1157|0x00000007d4e00000, 0x00000007d5000000, 0x00000007d5000000|100%| E|CS|TAMS 0x00000007d4e00000| PB 0x00000007d4e00000| Complete |  0
|1158|0x00000007d5000000, 0x00000007d5200000, 0x00000007d5200000|100%| E|CS|TAMS 0x00000007d5000000| PB 0x00000007d5000000| Complete |  0
|1159|0x00000007d5200000, 0x00000007d5400000, 0x00000007d5400000|100%| E|CS|TAMS 0x00000007d5200000| PB 0x00000007d5200000| Complete |  0
|1160|0x00000007d5400000, 0x00000007d5600000, 0x00000007d5600000|100%| E|CS|TAMS 0x00000007d5400000| PB 0x00000007d5400000| Complete |  0
|1161|0x00000007d5600000, 0x00000007d5800000, 0x00000007d5800000|100%| E|CS|TAMS 0x00000007d5600000| PB 0x00000007d5600000| Complete |  0
|1162|0x00000007d5800000, 0x00000007d5a00000, 0x00000007d5a00000|100%| E|CS|TAMS 0x00000007d5800000| PB 0x00000007d5800000| Complete |  0
|1163|0x00000007d5a00000, 0x00000007d5c00000, 0x00000007d5c00000|100%| E|CS|TAMS 0x00000007d5a00000| PB 0x00000007d5a00000| Complete |  0
|1164|0x00000007d5c00000, 0x00000007d5e00000, 0x00000007d5e00000|100%| E|CS|TAMS 0x00000007d5c00000| PB 0x00000007d5c00000| Complete |  0
|1165|0x00000007d5e00000, 0x00000007d6000000, 0x00000007d6000000|100%| E|CS|TAMS 0x00000007d5e00000| PB 0x00000007d5e00000| Complete |  0
|1166|0x00000007d6000000, 0x00000007d6200000, 0x00000007d6200000|100%| E|CS|TAMS 0x00000007d6000000| PB 0x00000007d6000000| Complete |  0
|1167|0x00000007d6200000, 0x00000007d6400000, 0x00000007d6400000|100%| E|CS|TAMS 0x00000007d6200000| PB 0x00000007d6200000| Complete |  0
|1168|0x00000007d6400000, 0x00000007d6600000, 0x00000007d6600000|100%| E|CS|TAMS 0x00000007d6400000| PB 0x00000007d6400000| Complete |  0
|1169|0x00000007d6600000, 0x00000007d6800000, 0x00000007d6800000|100%| E|CS|TAMS 0x00000007d6600000| PB 0x00000007d6600000| Complete |  0
|1170|0x00000007d6800000, 0x00000007d6a00000, 0x00000007d6a00000|100%| E|CS|TAMS 0x00000007d6800000| PB 0x00000007d6800000| Complete |  0
|1171|0x00000007d6a00000, 0x00000007d6c00000, 0x00000007d6c00000|100%| E|CS|TAMS 0x00000007d6a00000| PB 0x00000007d6a00000| Complete |  0
|1172|0x00000007d6c00000, 0x00000007d6e00000, 0x00000007d6e00000|100%| E|CS|TAMS 0x00000007d6c00000| PB 0x00000007d6c00000| Complete |  0
|1173|0x00000007d6e00000, 0x00000007d7000000, 0x00000007d7000000|100%| E|CS|TAMS 0x00000007d6e00000| PB 0x00000007d6e00000| Complete |  0
|1174|0x00000007d7000000, 0x00000007d7200000, 0x00000007d7200000|100%| E|CS|TAMS 0x00000007d7000000| PB 0x00000007d7000000| Complete |  0
|1175|0x00000007d7200000, 0x00000007d7400000, 0x00000007d7400000|100%| E|CS|TAMS 0x00000007d7200000| PB 0x00000007d7200000| Complete |  0
|1176|0x00000007d7400000, 0x00000007d7600000, 0x00000007d7600000|100%| E|CS|TAMS 0x00000007d7400000| PB 0x00000007d7400000| Complete |  0
|1177|0x00000007d7600000, 0x00000007d7800000, 0x00000007d7800000|100%| E|CS|TAMS 0x00000007d7600000| PB 0x00000007d7600000| Complete |  0
|1178|0x00000007d7800000, 0x00000007d7a00000, 0x00000007d7a00000|100%| E|CS|TAMS 0x00000007d7800000| PB 0x00000007d7800000| Complete |  0
|1179|0x00000007d7a00000, 0x00000007d7c00000, 0x00000007d7c00000|100%| E|CS|TAMS 0x00000007d7a00000| PB 0x00000007d7a00000| Complete |  0
|1180|0x00000007d7c00000, 0x00000007d7e00000, 0x00000007d7e00000|100%| E|CS|TAMS 0x00000007d7c00000| PB 0x00000007d7c00000| Complete |  0
|1181|0x00000007d7e00000, 0x00000007d8000000, 0x00000007d8000000|100%| E|CS|TAMS 0x00000007d7e00000| PB 0x00000007d7e00000| Complete |  0
|1182|0x00000007d8000000, 0x00000007d8200000, 0x00000007d8200000|100%| E|CS|TAMS 0x00000007d8000000| PB 0x00000007d8000000| Complete |  0
|1183|0x00000007d8200000, 0x00000007d8400000, 0x00000007d8400000|100%| E|CS|TAMS 0x00000007d8200000| PB 0x00000007d8200000| Complete |  0
|1184|0x00000007d8400000, 0x00000007d8600000, 0x00000007d8600000|100%| E|CS|TAMS 0x00000007d8400000| PB 0x00000007d8400000| Complete |  0
|1185|0x00000007d8600000, 0x00000007d8800000, 0x00000007d8800000|100%| E|CS|TAMS 0x00000007d8600000| PB 0x00000007d8600000| Complete |  0
|1186|0x00000007d8800000, 0x00000007d8a00000, 0x00000007d8a00000|100%| E|CS|TAMS 0x00000007d8800000| PB 0x00000007d8800000| Complete |  0
|1187|0x00000007d8a00000, 0x00000007d8c00000, 0x00000007d8c00000|100%| E|CS|TAMS 0x00000007d8a00000| PB 0x00000007d8a00000| Complete |  0
|1188|0x00000007d8c00000, 0x00000007d8e00000, 0x00000007d8e00000|100%| E|CS|TAMS 0x00000007d8c00000| PB 0x00000007d8c00000| Complete |  0
|1189|0x00000007d8e00000, 0x00000007d9000000, 0x00000007d9000000|100%| E|CS|TAMS 0x00000007d8e00000| PB 0x00000007d8e00000| Complete |  0
|1190|0x00000007d9000000, 0x00000007d9200000, 0x00000007d9200000|100%| E|CS|TAMS 0x00000007d9000000| PB 0x00000007d9000000| Complete |  0
|1191|0x00000007d9200000, 0x00000007d9400000, 0x00000007d9400000|100%| E|CS|TAMS 0x00000007d9200000| PB 0x00000007d9200000| Complete |  0
|1192|0x00000007d9400000, 0x00000007d9600000, 0x00000007d9600000|100%| E|CS|TAMS 0x00000007d9400000| PB 0x00000007d9400000| Complete |  0
|1193|0x00000007d9600000, 0x00000007d9800000, 0x00000007d9800000|100%| E|CS|TAMS 0x00000007d9600000| PB 0x00000007d9600000| Complete |  0
|1194|0x00000007d9800000, 0x00000007d9a00000, 0x00000007d9a00000|100%| E|CS|TAMS 0x00000007d9800000| PB 0x00000007d9800000| Complete |  0
|1195|0x00000007d9a00000, 0x00000007d9c00000, 0x00000007d9c00000|100%| E|CS|TAMS 0x00000007d9a00000| PB 0x00000007d9a00000| Complete |  0
|1196|0x00000007d9c00000, 0x00000007d9e00000, 0x00000007d9e00000|100%| E|CS|TAMS 0x00000007d9c00000| PB 0x00000007d9c00000| Complete |  0
|1197|0x00000007d9e00000, 0x00000007da000000, 0x00000007da000000|100%| E|CS|TAMS 0x00000007d9e00000| PB 0x00000007d9e00000| Complete |  0
|1198|0x00000007da000000, 0x00000007da200000, 0x00000007da200000|100%| E|CS|TAMS 0x00000007da000000| PB 0x00000007da000000| Complete |  0
|1199|0x00000007da200000, 0x00000007da400000, 0x00000007da400000|100%| E|CS|TAMS 0x00000007da200000| PB 0x00000007da200000| Complete |  0
|1200|0x00000007da400000, 0x00000007da600000, 0x00000007da600000|100%| E|CS|TAMS 0x00000007da400000| PB 0x00000007da400000| Complete |  0
|1201|0x00000007da600000, 0x00000007da800000, 0x00000007da800000|100%| E|CS|TAMS 0x00000007da600000| PB 0x00000007da600000| Complete |  0
|1202|0x00000007da800000, 0x00000007daa00000, 0x00000007daa00000|100%| E|CS|TAMS 0x00000007da800000| PB 0x00000007da800000| Complete |  0
|1203|0x00000007daa00000, 0x00000007dac00000, 0x00000007dac00000|100%| E|CS|TAMS 0x00000007daa00000| PB 0x00000007daa00000| Complete |  0
|1204|0x00000007dac00000, 0x00000007dae00000, 0x00000007dae00000|100%| E|CS|TAMS 0x00000007dac00000| PB 0x00000007dac00000| Complete |  0
|1205|0x00000007dae00000, 0x00000007db000000, 0x00000007db000000|100%| E|CS|TAMS 0x00000007dae00000| PB 0x00000007dae00000| Complete |  0
|1206|0x00000007db000000, 0x00000007db200000, 0x00000007db200000|100%| E|CS|TAMS 0x00000007db000000| PB 0x00000007db000000| Complete |  0
|1207|0x00000007db200000, 0x00000007db400000, 0x00000007db400000|100%| E|CS|TAMS 0x00000007db200000| PB 0x00000007db200000| Complete |  0
|1208|0x00000007db400000, 0x00000007db600000, 0x00000007db600000|100%| E|CS|TAMS 0x00000007db400000| PB 0x00000007db400000| Complete |  0
|1209|0x00000007db600000, 0x00000007db800000, 0x00000007db800000|100%| E|CS|TAMS 0x00000007db600000| PB 0x00000007db600000| Complete |  0
|1210|0x00000007db800000, 0x00000007dba00000, 0x00000007dba00000|100%| E|CS|TAMS 0x00000007db800000| PB 0x00000007db800000| Complete |  0
|1211|0x00000007dba00000, 0x00000007dbc00000, 0x00000007dbc00000|100%| E|CS|TAMS 0x00000007dba00000| PB 0x00000007dba00000| Complete |  0
|1212|0x00000007dbc00000, 0x00000007dbe00000, 0x00000007dbe00000|100%| E|CS|TAMS 0x00000007dbc00000| PB 0x00000007dbc00000| Complete |  0
|1213|0x00000007dbe00000, 0x00000007dc000000, 0x00000007dc000000|100%| E|CS|TAMS 0x00000007dbe00000| PB 0x00000007dbe00000| Complete |  0
|1214|0x00000007dc000000, 0x00000007dc200000, 0x00000007dc200000|100%| E|CS|TAMS 0x00000007dc000000| PB 0x00000007dc000000| Complete |  0
|1215|0x00000007dc200000, 0x00000007dc400000, 0x00000007dc400000|100%| E|CS|TAMS 0x00000007dc200000| PB 0x00000007dc200000| Complete |  0
|1216|0x00000007dc400000, 0x00000007dc600000, 0x00000007dc600000|100%| E|CS|TAMS 0x00000007dc400000| PB 0x00000007dc400000| Complete |  0
|1217|0x00000007dc600000, 0x00000007dc800000, 0x00000007dc800000|100%| E|CS|TAMS 0x00000007dc600000| PB 0x00000007dc600000| Complete |  0
|1218|0x00000007dc800000, 0x00000007dca00000, 0x00000007dca00000|100%| E|CS|TAMS 0x00000007dc800000| PB 0x00000007dc800000| Complete |  0
|1219|0x00000007dca00000, 0x00000007dcc00000, 0x00000007dcc00000|100%| E|CS|TAMS 0x00000007dca00000| PB 0x00000007dca00000| Complete |  0
|1220|0x00000007dcc00000, 0x00000007dce00000, 0x00000007dce00000|100%| E|CS|TAMS 0x00000007dcc00000| PB 0x00000007dcc00000| Complete |  0
|1221|0x00000007dce00000, 0x00000007dd000000, 0x00000007dd000000|100%| E|CS|TAMS 0x00000007dce00000| PB 0x00000007dce00000| Complete |  0
|1222|0x00000007dd000000, 0x00000007dd200000, 0x00000007dd200000|100%| E|CS|TAMS 0x00000007dd000000| PB 0x00000007dd000000| Complete |  0
|1223|0x00000007dd200000, 0x00000007dd400000, 0x00000007dd400000|100%| E|CS|TAMS 0x00000007dd200000| PB 0x00000007dd200000| Complete |  0
|1224|0x00000007dd400000, 0x00000007dd600000, 0x00000007dd600000|100%| E|CS|TAMS 0x00000007dd400000| PB 0x00000007dd400000| Complete |  0
|1225|0x00000007dd600000, 0x00000007dd800000, 0x00000007dd800000|100%| E|CS|TAMS 0x00000007dd600000| PB 0x00000007dd600000| Complete |  0
|1226|0x00000007dd800000, 0x00000007dda00000, 0x00000007dda00000|100%| E|CS|TAMS 0x00000007dd800000| PB 0x00000007dd800000| Complete |  0
|1227|0x00000007dda00000, 0x00000007ddc00000, 0x00000007ddc00000|100%| E|CS|TAMS 0x00000007dda00000| PB 0x00000007dda00000| Complete |  0
|1228|0x00000007ddc00000, 0x00000007dde00000, 0x00000007dde00000|100%| E|CS|TAMS 0x00000007ddc00000| PB 0x00000007ddc00000| Complete |  0
|1229|0x00000007dde00000, 0x00000007de000000, 0x00000007de000000|100%| E|CS|TAMS 0x00000007dde00000| PB 0x00000007dde00000| Complete |  0
|1230|0x00000007de000000, 0x00000007de200000, 0x00000007de200000|100%| E|CS|TAMS 0x00000007de000000| PB 0x00000007de000000| Complete |  0
|1231|0x00000007de200000, 0x00000007de400000, 0x00000007de400000|100%| E|CS|TAMS 0x00000007de200000| PB 0x00000007de200000| Complete |  0
|1232|0x00000007de400000, 0x00000007de600000, 0x00000007de600000|100%| E|CS|TAMS 0x00000007de400000| PB 0x00000007de400000| Complete |  0
|1233|0x00000007de600000, 0x00000007de800000, 0x00000007de800000|100%| E|CS|TAMS 0x00000007de600000| PB 0x00000007de600000| Complete |  0
|1234|0x00000007de800000, 0x00000007dea00000, 0x00000007dea00000|100%| E|CS|TAMS 0x00000007de800000| PB 0x00000007de800000| Complete |  0
|1235|0x00000007dea00000, 0x00000007dec00000, 0x00000007dec00000|100%| E|CS|TAMS 0x00000007dea00000| PB 0x00000007dea00000| Complete |  0
|1236|0x00000007dec00000, 0x00000007dee00000, 0x00000007dee00000|100%| E|CS|TAMS 0x00000007dec00000| PB 0x00000007dec00000| Complete |  0
|1237|0x00000007dee00000, 0x00000007df000000, 0x00000007df000000|100%| E|CS|TAMS 0x00000007dee00000| PB 0x00000007dee00000| Complete |  0
|1238|0x00000007df000000, 0x00000007df200000, 0x00000007df200000|100%| E|CS|TAMS 0x00000007df000000| PB 0x00000007df000000| Complete |  0
|1239|0x00000007df200000, 0x00000007df400000, 0x00000007df400000|100%| E|CS|TAMS 0x00000007df200000| PB 0x00000007df200000| Complete |  0
|1240|0x00000007df400000, 0x00000007df600000, 0x00000007df600000|100%| E|CS|TAMS 0x00000007df400000| PB 0x00000007df400000| Complete |  0
|1241|0x00000007df600000, 0x00000007df800000, 0x00000007df800000|100%| E|CS|TAMS 0x00000007df600000| PB 0x00000007df600000| Complete |  0
|1242|0x00000007df800000, 0x00000007dfa00000, 0x00000007dfa00000|100%| E|CS|TAMS 0x00000007df800000| PB 0x00000007df800000| Complete |  0
|1243|0x00000007dfa00000, 0x00000007dfc00000, 0x00000007dfc00000|100%| E|CS|TAMS 0x00000007dfa00000| PB 0x00000007dfa00000| Complete |  0
|1244|0x00000007dfc00000, 0x00000007dfe00000, 0x00000007dfe00000|100%| E|CS|TAMS 0x00000007dfc00000| PB 0x00000007dfc00000| Complete |  0
|1245|0x00000007dfe00000, 0x00000007e0000000, 0x00000007e0000000|100%| E|CS|TAMS 0x00000007dfe00000| PB 0x00000007dfe00000| Complete |  0
|1246|0x00000007e0000000, 0x00000007e0200000, 0x00000007e0200000|100%| E|CS|TAMS 0x00000007e0000000| PB 0x00000007e0000000| Complete |  0
|1247|0x00000007e0200000, 0x00000007e0400000, 0x00000007e0400000|100%| E|CS|TAMS 0x00000007e0200000| PB 0x00000007e0200000| Complete |  0
|1248|0x00000007e0400000, 0x00000007e0600000, 0x00000007e0600000|100%| E|CS|TAMS 0x00000007e0400000| PB 0x00000007e0400000| Complete |  0
|1249|0x00000007e0600000, 0x00000007e0800000, 0x00000007e0800000|100%| E|CS|TAMS 0x00000007e0600000| PB 0x00000007e0600000| Complete |  0
|1250|0x00000007e0800000, 0x00000007e0a00000, 0x00000007e0a00000|100%| E|CS|TAMS 0x00000007e0800000| PB 0x00000007e0800000| Complete |  0
|1251|0x00000007e0a00000, 0x00000007e0c00000, 0x00000007e0c00000|100%| E|CS|TAMS 0x00000007e0a00000| PB 0x00000007e0a00000| Complete |  0
|1252|0x00000007e0c00000, 0x00000007e0e00000, 0x00000007e0e00000|100%| E|CS|TAMS 0x00000007e0c00000| PB 0x00000007e0c00000| Complete |  0
|1253|0x00000007e0e00000, 0x00000007e1000000, 0x00000007e1000000|100%| E|CS|TAMS 0x00000007e0e00000| PB 0x00000007e0e00000| Complete |  0
|1254|0x00000007e1000000, 0x00000007e1200000, 0x00000007e1200000|100%| E|CS|TAMS 0x00000007e1000000| PB 0x00000007e1000000| Complete |  0
|1255|0x00000007e1200000, 0x00000007e1400000, 0x00000007e1400000|100%| E|CS|TAMS 0x00000007e1200000| PB 0x00000007e1200000| Complete |  0
|1256|0x00000007e1400000, 0x00000007e1600000, 0x00000007e1600000|100%| E|CS|TAMS 0x00000007e1400000| PB 0x00000007e1400000| Complete |  0
|1257|0x00000007e1600000, 0x00000007e1800000, 0x00000007e1800000|100%| E|CS|TAMS 0x00000007e1600000| PB 0x00000007e1600000| Complete |  0
|1258|0x00000007e1800000, 0x00000007e1a00000, 0x00000007e1a00000|100%| E|CS|TAMS 0x00000007e1800000| PB 0x00000007e1800000| Complete |  0
|1259|0x00000007e1a00000, 0x00000007e1c00000, 0x00000007e1c00000|100%| E|CS|TAMS 0x00000007e1a00000| PB 0x00000007e1a00000| Complete |  0
|1260|0x00000007e1c00000, 0x00000007e1e00000, 0x00000007e1e00000|100%| E|CS|TAMS 0x00000007e1c00000| PB 0x00000007e1c00000| Complete |  0
|1261|0x00000007e1e00000, 0x00000007e2000000, 0x00000007e2000000|100%| E|CS|TAMS 0x00000007e1e00000| PB 0x00000007e1e00000| Complete |  0
|1262|0x00000007e2000000, 0x00000007e2200000, 0x00000007e2200000|100%| E|CS|TAMS 0x00000007e2000000| PB 0x00000007e2000000| Complete |  0
|1263|0x00000007e2200000, 0x00000007e2400000, 0x00000007e2400000|100%| E|CS|TAMS 0x00000007e2200000| PB 0x00000007e2200000| Complete |  0
|1264|0x00000007e2400000, 0x00000007e2600000, 0x00000007e2600000|100%| E|CS|TAMS 0x00000007e2400000| PB 0x00000007e2400000| Complete |  0
|1265|0x00000007e2600000, 0x00000007e2800000, 0x00000007e2800000|100%| E|CS|TAMS 0x00000007e2600000| PB 0x00000007e2600000| Complete |  0
|1266|0x00000007e2800000, 0x00000007e2a00000, 0x00000007e2a00000|100%| E|CS|TAMS 0x00000007e2800000| PB 0x00000007e2800000| Complete |  0
|1267|0x00000007e2a00000, 0x00000007e2c00000, 0x00000007e2c00000|100%| E|CS|TAMS 0x00000007e2a00000| PB 0x00000007e2a00000| Complete |  0
|1268|0x00000007e2c00000, 0x00000007e2e00000, 0x00000007e2e00000|100%| E|CS|TAMS 0x00000007e2c00000| PB 0x00000007e2c00000| Complete |  0
|1269|0x00000007e2e00000, 0x00000007e3000000, 0x00000007e3000000|100%| E|CS|TAMS 0x00000007e2e00000| PB 0x00000007e2e00000| Complete |  0
|1270|0x00000007e3000000, 0x00000007e3200000, 0x00000007e3200000|100%| E|CS|TAMS 0x00000007e3000000| PB 0x00000007e3000000| Complete |  0
|1271|0x00000007e3200000, 0x00000007e3400000, 0x00000007e3400000|100%| E|CS|TAMS 0x00000007e3200000| PB 0x00000007e3200000| Complete |  0
|1272|0x00000007e3400000, 0x00000007e3600000, 0x00000007e3600000|100%| E|CS|TAMS 0x00000007e3400000| PB 0x00000007e3400000| Complete |  0
|1273|0x00000007e3600000, 0x00000007e3800000, 0x00000007e3800000|100%| E|CS|TAMS 0x00000007e3600000| PB 0x00000007e3600000| Complete |  0
|1274|0x00000007e3800000, 0x00000007e3a00000, 0x00000007e3a00000|100%| E|CS|TAMS 0x00000007e3800000| PB 0x00000007e3800000| Complete |  0
|1275|0x00000007e3a00000, 0x00000007e3c00000, 0x00000007e3c00000|100%| E|CS|TAMS 0x00000007e3a00000| PB 0x00000007e3a00000| Complete |  0
|1276|0x00000007e3c00000, 0x00000007e3e00000, 0x00000007e3e00000|100%| E|CS|TAMS 0x00000007e3c00000| PB 0x00000007e3c00000| Complete |  0
|1277|0x00000007e3e00000, 0x00000007e4000000, 0x00000007e4000000|100%| E|CS|TAMS 0x00000007e3e00000| PB 0x00000007e3e00000| Complete |  0
|1278|0x00000007e4000000, 0x00000007e4200000, 0x00000007e4200000|100%| E|CS|TAMS 0x00000007e4000000| PB 0x00000007e4000000| Complete |  0
|1279|0x00000007e4200000, 0x00000007e4400000, 0x00000007e4400000|100%| E|CS|TAMS 0x00000007e4200000| PB 0x00000007e4200000| Complete |  0
|1280|0x00000007e4400000, 0x00000007e4600000, 0x00000007e4600000|100%| E|CS|TAMS 0x00000007e4400000| PB 0x00000007e4400000| Complete |  0
|1281|0x00000007e4600000, 0x00000007e4800000, 0x00000007e4800000|100%| E|CS|TAMS 0x00000007e4600000| PB 0x00000007e4600000| Complete |  0
|1282|0x00000007e4800000, 0x00000007e4a00000, 0x00000007e4a00000|100%| E|CS|TAMS 0x00000007e4800000| PB 0x00000007e4800000| Complete |  0
|1283|0x00000007e4a00000, 0x00000007e4c00000, 0x00000007e4c00000|100%| E|CS|TAMS 0x00000007e4a00000| PB 0x00000007e4a00000| Complete |  0
|1284|0x00000007e4c00000, 0x00000007e4e00000, 0x00000007e4e00000|100%| E|CS|TAMS 0x00000007e4c00000| PB 0x00000007e4c00000| Complete |  0
|1285|0x00000007e4e00000, 0x00000007e5000000, 0x00000007e5000000|100%| E|CS|TAMS 0x00000007e4e00000| PB 0x00000007e4e00000| Complete |  0
|1286|0x00000007e5000000, 0x00000007e5200000, 0x00000007e5200000|100%| E|CS|TAMS 0x00000007e5000000| PB 0x00000007e5000000| Complete |  0
|1287|0x00000007e5200000, 0x00000007e5400000, 0x00000007e5400000|100%| E|CS|TAMS 0x00000007e5200000| PB 0x00000007e5200000| Complete |  0
|1288|0x00000007e5400000, 0x00000007e5600000, 0x00000007e5600000|100%| E|CS|TAMS 0x00000007e5400000| PB 0x00000007e5400000| Complete |  0
|1289|0x00000007e5600000, 0x00000007e5800000, 0x00000007e5800000|100%| E|CS|TAMS 0x00000007e5600000| PB 0x00000007e5600000| Complete |  0
|1290|0x00000007e5800000, 0x00000007e5a00000, 0x00000007e5a00000|100%| E|CS|TAMS 0x00000007e5800000| PB 0x00000007e5800000| Complete |  0
|1291|0x00000007e5a00000, 0x00000007e5c00000, 0x00000007e5c00000|100%| E|CS|TAMS 0x00000007e5a00000| PB 0x00000007e5a00000| Complete |  0
|1292|0x00000007e5c00000, 0x00000007e5e00000, 0x00000007e5e00000|100%| E|CS|TAMS 0x00000007e5c00000| PB 0x00000007e5c00000| Complete |  0
|1293|0x00000007e5e00000, 0x00000007e6000000, 0x00000007e6000000|100%| E|CS|TAMS 0x00000007e5e00000| PB 0x00000007e5e00000| Complete |  0
|1294|0x00000007e6000000, 0x00000007e6200000, 0x00000007e6200000|100%| E|CS|TAMS 0x00000007e6000000| PB 0x00000007e6000000| Complete |  0
|1295|0x00000007e6200000, 0x00000007e6400000, 0x00000007e6400000|100%| E|CS|TAMS 0x00000007e6200000| PB 0x00000007e6200000| Complete |  0
|1296|0x00000007e6400000, 0x00000007e6600000, 0x00000007e6600000|100%| E|CS|TAMS 0x00000007e6400000| PB 0x00000007e6400000| Complete |  0
|1297|0x00000007e6600000, 0x00000007e6800000, 0x00000007e6800000|100%| E|CS|TAMS 0x00000007e6600000| PB 0x00000007e6600000| Complete |  0
|1298|0x00000007e6800000, 0x00000007e6a00000, 0x00000007e6a00000|100%| E|CS|TAMS 0x00000007e6800000| PB 0x00000007e6800000| Complete |  0
|1299|0x00000007e6a00000, 0x00000007e6c00000, 0x00000007e6c00000|100%| E|CS|TAMS 0x00000007e6a00000| PB 0x00000007e6a00000| Complete |  0
|1300|0x00000007e6c00000, 0x00000007e6e00000, 0x00000007e6e00000|100%| E|CS|TAMS 0x00000007e6c00000| PB 0x00000007e6c00000| Complete |  0
|1301|0x00000007e6e00000, 0x00000007e7000000, 0x00000007e7000000|100%| E|CS|TAMS 0x00000007e6e00000| PB 0x00000007e6e00000| Complete |  0
|1302|0x00000007e7000000, 0x00000007e7200000, 0x00000007e7200000|100%| E|CS|TAMS 0x00000007e7000000| PB 0x00000007e7000000| Complete |  0
|1303|0x00000007e7200000, 0x00000007e7400000, 0x00000007e7400000|100%| E|CS|TAMS 0x00000007e7200000| PB 0x00000007e7200000| Complete |  0
|1304|0x00000007e7400000, 0x00000007e7600000, 0x00000007e7600000|100%| E|CS|TAMS 0x00000007e7400000| PB 0x00000007e7400000| Complete |  0
|1305|0x00000007e7600000, 0x00000007e7800000, 0x00000007e7800000|100%| E|CS|TAMS 0x00000007e7600000| PB 0x00000007e7600000| Complete |  0
|1306|0x00000007e7800000, 0x00000007e7a00000, 0x00000007e7a00000|100%| E|CS|TAMS 0x00000007e7800000| PB 0x00000007e7800000| Complete |  0
|1307|0x00000007e7a00000, 0x00000007e7c00000, 0x00000007e7c00000|100%| E|CS|TAMS 0x00000007e7a00000| PB 0x00000007e7a00000| Complete |  0
|1308|0x00000007e7c00000, 0x00000007e7e00000, 0x00000007e7e00000|100%| E|CS|TAMS 0x00000007e7c00000| PB 0x00000007e7c00000| Complete |  0
|1309|0x00000007e7e00000, 0x00000007e8000000, 0x00000007e8000000|100%| E|CS|TAMS 0x00000007e7e00000| PB 0x00000007e7e00000| Complete |  0
|1310|0x00000007e8000000, 0x00000007e8200000, 0x00000007e8200000|100%| E|CS|TAMS 0x00000007e8000000| PB 0x00000007e8000000| Complete |  0
|1311|0x00000007e8200000, 0x00000007e8400000, 0x00000007e8400000|100%| E|CS|TAMS 0x00000007e8200000| PB 0x00000007e8200000| Complete |  0
|1312|0x00000007e8400000, 0x00000007e8600000, 0x00000007e8600000|100%| E|CS|TAMS 0x00000007e8400000| PB 0x00000007e8400000| Complete |  0
|1313|0x00000007e8600000, 0x00000007e8800000, 0x00000007e8800000|100%| E|CS|TAMS 0x00000007e8600000| PB 0x00000007e8600000| Complete |  0
|1314|0x00000007e8800000, 0x00000007e8a00000, 0x00000007e8a00000|100%| E|CS|TAMS 0x00000007e8800000| PB 0x00000007e8800000| Complete |  0
|1315|0x00000007e8a00000, 0x00000007e8c00000, 0x00000007e8c00000|100%| E|CS|TAMS 0x00000007e8a00000| PB 0x00000007e8a00000| Complete |  0
|1316|0x00000007e8c00000, 0x00000007e8e00000, 0x00000007e8e00000|100%|HS|  |TAMS 0x00000007e8c00000| PB 0x00000007e8c00000| Complete |  0
|1317|0x00000007e8e00000, 0x00000007e9000000, 0x00000007e9000000|100%|HC|  |TAMS 0x00000007e8e00000| PB 0x00000007e8e00000| Complete |  0
|1318|0x00000007e9000000, 0x00000007e9000000, 0x00000007e9200000|  0%| F|  |TAMS 0x00000007e9000000| PB 0x00000007e9000000| Untracked |  0
|1467|0x00000007fba00000, 0x00000007fbc00000, 0x00000007fbc00000|100%| E|CS|TAMS 0x00000007fba00000| PB 0x00000007fba00000| Complete |  0
|1468|0x00000007fbc00000, 0x00000007fbe00000, 0x00000007fbe00000|100%| O|  |TAMS 0x00000007fbe00000| PB 0x00000007fbc00000| Untracked |  0
|1469|0x00000007fbe00000, 0x00000007fc000000, 0x00000007fc000000|100%| O|  |TAMS 0x00000007fc000000| PB 0x00000007fbe00000| Untracked |  0
|1470|0x00000007fc000000, 0x00000007fc200000, 0x00000007fc200000|100%| O|  |TAMS 0x00000007fc200000| PB 0x00000007fc000000| Untracked |  0
|1471|0x00000007fc200000, 0x00000007fc400000, 0x00000007fc400000|100%| E|CS|TAMS 0x00000007fc200000| PB 0x00000007fc200000| Complete |  0
|1472|0x00000007fc400000, 0x00000007fc600000, 0x00000007fc600000|100%| E|CS|TAMS 0x00000007fc400000| PB 0x00000007fc400000| Complete |  0
|1473|0x00000007fc600000, 0x00000007fc800000, 0x00000007fc800000|100%| E|CS|TAMS 0x00000007fc600000| PB 0x00000007fc600000| Complete |  0
|1474|0x00000007fc800000, 0x00000007fca00000, 0x00000007fca00000|100%| O|  |TAMS 0x00000007fca00000| PB 0x00000007fc800000| Untracked |  0
|1475|0x00000007fca00000, 0x00000007fcc00000, 0x00000007fcc00000|100%| O|  |TAMS 0x00000007fcc00000| PB 0x00000007fca00000| Untracked |  0
|1476|0x00000007fcc00000, 0x00000007fce00000, 0x00000007fce00000|100%| O|  |TAMS 0x00000007fce00000| PB 0x00000007fcc00000| Untracked |  0
|1477|0x00000007fce00000, 0x00000007fd000000, 0x00000007fd000000|100%| O|  |TAMS 0x00000007fd000000| PB 0x00000007fce00000| Untracked |  0
|1478|0x00000007fd000000, 0x00000007fd200000, 0x00000007fd200000|100%| O|  |TAMS 0x00000007fd200000| PB 0x00000007fd000000| Untracked |  0
|1479|0x00000007fd200000, 0x00000007fd400000, 0x00000007fd400000|100%| O|  |TAMS 0x00000007fd400000| PB 0x00000007fd200000| Untracked |  0
|1480|0x00000007fd400000, 0x00000007fd600000, 0x00000007fd600000|100%| O|  |TAMS 0x00000007fd600000| PB 0x00000007fd400000| Untracked |  0
|1481|0x00000007fd600000, 0x00000007fd800000, 0x00000007fd800000|100%| O|  |TAMS 0x00000007fd800000| PB 0x00000007fd600000| Untracked |  0
|1482|0x00000007fd800000, 0x00000007fda00000, 0x00000007fda00000|100%| O|  |TAMS 0x00000007fda00000| PB 0x00000007fd800000| Untracked |  0
|1483|0x00000007fda00000, 0x00000007fdc00000, 0x00000007fdc00000|100%| O|  |TAMS 0x00000007fdc00000| PB 0x00000007fda00000| Untracked |  0
|1484|0x00000007fdc00000, 0x00000007fde00000, 0x00000007fde00000|100%| O|  |TAMS 0x00000007fde00000| PB 0x00000007fdc00000| Untracked |  0
|1485|0x00000007fde00000, 0x00000007fe000000, 0x00000007fe000000|100%| O|  |TAMS 0x00000007fe000000| PB 0x00000007fde00000| Untracked |  0
|1486|0x00000007fe000000, 0x00000007fe200000, 0x00000007fe200000|100%| O|  |TAMS 0x00000007fe200000| PB 0x00000007fe000000| Untracked |  0
|1487|0x00000007fe200000, 0x00000007fe400000, 0x00000007fe400000|100%| O|  |TAMS 0x00000007fe400000| PB 0x00000007fe200000| Untracked |  0
|1488|0x00000007fe400000, 0x00000007fe600000, 0x00000007fe600000|100%| O|  |TAMS 0x00000007fe600000| PB 0x00000007fe400000| Untracked |  0
|1489|0x00000007fe600000, 0x00000007fe800000, 0x00000007fe800000|100%| E|CS|TAMS 0x00000007fe600000| PB 0x00000007fe600000| Complete |  0
|1490|0x00000007fe800000, 0x00000007fea00000, 0x00000007fea00000|100%| E|CS|TAMS 0x00000007fe800000| PB 0x00000007fe800000| Complete |  0
|1491|0x00000007fea00000, 0x00000007fec00000, 0x00000007fec00000|100%| E|CS|TAMS 0x00000007fea00000| PB 0x00000007fea00000| Complete |  0
|1492|0x00000007fec00000, 0x00000007fee00000, 0x00000007fee00000|100%| E|CS|TAMS 0x00000007fec00000| PB 0x00000007fec00000| Complete |  0
|1493|0x00000007fee00000, 0x00000007ff000000, 0x00000007ff000000|100%| O|  |TAMS 0x00000007ff000000| PB 0x00000007fee00000| Untracked |  0
|1494|0x00000007ff000000, 0x00000007ff200000, 0x00000007ff200000|100%| O|  |TAMS 0x00000007ff200000| PB 0x00000007ff000000| Untracked |  0
|1495|0x00000007ff200000, 0x00000007ff400000, 0x00000007ff400000|100%| E|CS|TAMS 0x00000007ff200000| PB 0x00000007ff200000| Complete |  0
|1496|0x00000007ff400000, 0x00000007ff600000, 0x00000007ff600000|100%| E|CS|TAMS 0x00000007ff400000| PB 0x00000007ff400000| Complete |  0
|1497|0x00000007ff600000, 0x00000007ff800000, 0x00000007ff800000|100%| E|CS|TAMS 0x00000007ff600000| PB 0x00000007ff600000| Complete |  0
|1498|0x00000007ff800000, 0x00000007ffa00000, 0x00000007ffa00000|100%| E|CS|TAMS 0x00000007ff800000| PB 0x00000007ff800000| Complete |  0
|1499|0x00000007ffa00000, 0x00000007ffc00000, 0x00000007ffc00000|100%| E|CS|TAMS 0x00000007ffa00000| PB 0x00000007ffa00000| Complete |  0
|1500|0x00000007ffc00000, 0x00000007ffe00000, 0x00000007ffe00000|100%| O|  |TAMS 0x00000007ffe00000| PB 0x00000007ffc00000| Untracked |  0
|1501|0x00000007ffe00000, 0x0000000800000000, 0x0000000800000000|100%| O|  |TAMS 0x0000000800000000| PB 0x00000007ffe00000| Untracked |  0

Card table byte_map: [0x0000024bfda30000,0x0000024bfe010000] _byte_map_base: 0x0000024bfa00e000

Marking Bits: (CMBitMap*) 0x0000024be5e301a0
 Bits: [0x0000024b80000000, 0x0000024b82ef0000)

Polling page: 0x0000024be3dc0000

Metaspace:

Usage:
  Non-class:    130.98 MB used.
      Class:     13.07 MB used.
       Both:    144.05 MB used.

Virtual space:
  Non-class space:      192.00 MB reserved,     131.50 MB ( 68%) committed,  3 nodes.
      Class space:        1.00 GB reserved,      13.50 MB (  1%) committed,  1 nodes.
             Both:        1.19 GB reserved,     145.00 MB ( 12%) committed. 

Chunk freelists:
   Non-Class:  12.39 MB
       Class:  2.41 MB
        Both:  14.80 MB

MaxMetaspaceSize: unlimited
CompressedClassSpaceSize: 1.00 GB
Initial GC threshold: 21.00 MB
Current GC threshold: 241.50 MB
CDS: on
 - commit_granule_bytes: 65536.
 - commit_granule_words: 8192.
 - virtual_space_node_default_size: 8388608.
 - enlarge_chunks_in_place: 1.
 - use_allocation_guard: 0.


Internal statistics:

num_allocs_failed_limit: 15.
num_arena_births: 1504.
num_arena_deaths: 0.
num_vsnodes_births: 4.
num_vsnodes_deaths: 0.
num_space_committed: 2244.
num_space_uncommitted: 0.
num_chunks_returned_to_freelist: 15.
num_chunks_taken_from_freelist: 6026.
num_chunk_merges: 12.
num_chunk_splits: 4774.
num_chunks_enlarged: 3868.
num_inconsistent_stats: 0.

CodeHeap 'non-profiled nmethods': size=120000Kb used=7014Kb max_used=19667Kb free=112985Kb
 bounds [0x0000024bf5bf0000, 0x0000024bf6f30000, 0x0000024bfd120000]
CodeHeap 'profiled nmethods': size=120000Kb used=5868Kb max_used=30518Kb free=114131Kb
 bounds [0x0000024bee120000, 0x0000024befef0000, 0x0000024bf5650000]
CodeHeap 'non-nmethods': size=5760Kb used=2367Kb max_used=2621Kb free=3392Kb
 bounds [0x0000024bf5650000, 0x0000024bf58f0000, 0x0000024bf5bf0000]
 total_blobs=4646 nmethods=3624 adapters=913
 compilation: enabled
              stopped_count=0, restarted_count=0
 full_count=0

Compilation events (20 events):
Event: 355.028 Thread 0x0000024bfea6d680 20149       3       org.hl7.fhir.igtools.publisher.HTMLInspector::addExternalReference (225 bytes)
Event: 355.030 Thread 0x0000024bfea6d680 nmethod 20149 0x0000024bee90e390 code [0x0000024bee90e840, 0x0000024bee910b10]
Event: 355.174 Thread 0x0000024bfea66580 20150       4       java.lang.CharacterData::of (136 bytes)
Event: 355.175 Thread 0x0000024bfea66580 nmethod 20150 0x0000024bf5f29690 code [0x0000024bf5f29820, 0x0000024bf5f29940]
Event: 355.177 Thread 0x0000024bfea66580 20151 %     4       org.hl7.fhir.utilities.Utilities::sorted @ 15 (55 bytes)
Event: 355.179 Thread 0x0000024bfea6d680 20155 %     2       java.util.ComparableTimSort::mergeHi @ 179 (729 bytes)
Event: 355.181 Thread 0x0000024bfea6d680 nmethod 20155% 0x0000024bee360d90 code [0x0000024bee3610a0, 0x0000024bee362d10]
Event: 355.183 Thread 0x0000024bfea6d680 20158       3       org.hl7.fhir.utilities.CommaSeparatedStringBuilder::join (55 bytes)
Event: 355.184 Thread 0x0000024bfea6d680 nmethod 20158 0x0000024bee63c590 code [0x0000024bee63c7e0, 0x0000024bee63d0f8]
Event: 355.184 Thread 0x0000024bcb613990 20152       4       java.util.ComparableTimSort::gallopLeft (327 bytes)
Event: 355.203 Thread 0x0000024bcb613990 nmethod 20152 0x0000024bf5c2f010 code [0x0000024bf5c2f220, 0x0000024bf5c30588]
Event: 355.203 Thread 0x0000024bcb613990 20153       4       java.util.ComparableTimSort::gallopRight (327 bytes)
Event: 355.217 Thread 0x0000024bcb613990 nmethod 20153 0x0000024bf5dc1a10 code [0x0000024bf5dc1c20, 0x0000024bf5dc3068]
Event: 355.217 Thread 0x0000024bcb613990 20157       4       org.hl7.fhir.utilities.CommaSeparatedStringBuilder::append (21 bytes)
Event: 355.227 Thread 0x0000024bcb613990 nmethod 20157 0x0000024bf615eb10 code [0x0000024bf615ed00, 0x0000024bf615f550]
Event: 355.227 Thread 0x0000024bcb613990 20154       4       java.lang.String::compareTo (9 bytes)
Event: 355.228 Thread 0x0000024bcb613990 nmethod 20154 0x0000024bf627dd90 code [0x0000024bf627df20, 0x0000024bf627e1a8]
Event: 355.228 Thread 0x0000024bcb613990 20156       4       org.hl7.fhir.utilities.CommaSeparatedStringBuilder::commit (68 bytes)
Event: 355.236 Thread 0x0000024bcb613990 nmethod 20156 0x0000024bf5e3a110 code [0x0000024bf5e3a320, 0x0000024bf5e3aa88]
Event: 355.270 Thread 0x0000024bfea66580 nmethod 20151% 0x0000024bf6a64810 code [0x0000024bf6a64b20, 0x0000024bf6a66b70]

GC Heap History (20 events):
Event: 344.032 GC heap before
{Heap before GC invocations=216 (full 11):
 garbage-first heap   total reserved 3076096K, committed 2705408K, used 2656395K [0x0000000744400000, 0x0000000800000000)
  region size 2048K, 581 young (1189888K), 6 survivors (12288K)
 Metaspace       used 147375K, committed 148416K, reserved 1245184K
  class space    used 13378K, committed 13824K, reserved 1048576K
}
Event: 344.036 GC heap after
{Heap after GC invocations=217 (full 11):
 garbage-first heap   total reserved 3076096K, committed 2705408K, used 1372461K [0x0000000744400000, 0x0000000800000000)
  region size 2048K, 4 young (8192K), 4 survivors (8192K)
 Metaspace       used 147375K, committed 148416K, reserved 1245184K
  class space    used 13378K, committed 13824K, reserved 1048576K
}
Event: 345.397 GC heap before
{Heap before GC invocations=217 (full 11):
 garbage-first heap   total reserved 3076096K, committed 2705408K, used 2584877K [0x0000000744400000, 0x0000000800000000)
  region size 2048K, 583 young (1193984K), 4 survivors (8192K)
 Metaspace       used 147375K, committed 148416K, reserved 1245184K
  class space    used 13378K, committed 13824K, reserved 1048576K
}
Event: 345.405 GC heap after
{Heap after GC invocations=218 (full 11):
 garbage-first heap   total reserved 3076096K, committed 2705408K, used 1379305K [0x0000000744400000, 0x0000000800000000)
  region size 2048K, 7 young (14336K), 7 survivors (14336K)
 Metaspace       used 147375K, committed 148416K, reserved 1245184K
  class space    used 13378K, committed 13824K, reserved 1048576K
}
Event: 345.645 GC heap before
{Heap before GC invocations=218 (full 11):
 garbage-first heap   total reserved 3076096K, committed 2705408K, used 1524713K [0x0000000744400000, 0x0000000800000000)
  region size 2048K, 80 young (163840K), 7 survivors (14336K)
 Metaspace       used 147375K, committed 148416K, reserved 1245184K
  class space    used 13378K, committed 13824K, reserved 1048576K
}
Event: 345.649 GC heap after
{Heap after GC invocations=219 (full 11):
 garbage-first heap   total reserved 3076096K, committed 2705408K, used 1372018K [0x0000000744400000, 0x0000000800000000)
  region size 2048K, 4 young (8192K), 4 survivors (8192K)
 Metaspace       used 147375K, committed 148416K, reserved 1245184K
  class space    used 13378K, committed 13824K, reserved 1048576K
}
Event: 347.838 GC heap before
{Heap before GC invocations=220 (full 11):
 garbage-first heap   total reserved 3076096K, committed 2705408K, used 2027378K [0x0000000744400000, 0x0000000800000000)
  region size 2048K, 312 young (638976K), 4 survivors (8192K)
 Metaspace       used 147375K, committed 148416K, reserved 1245184K
  class space    used 13378K, committed 13824K, reserved 1048576K
}
Event: 347.844 GC heap after
{Heap after GC invocations=221 (full 11):
 garbage-first heap   total reserved 3076096K, committed 2705408K, used 1373539K [0x0000000744400000, 0x0000000800000000)
  region size 2048K, 5 young (10240K), 5 survivors (10240K)
 Metaspace       used 147375K, committed 148416K, reserved 1245184K
  class space    used 13378K, committed 13824K, reserved 1048576K
}
Event: 350.697 GC heap before
{Heap before GC invocations=222 (full 11):
 garbage-first heap   total reserved 3076096K, committed 2705408K, used 2598243K [0x0000000744400000, 0x0000000800000000)
  region size 2048K, 582 young (1191936K), 5 survivors (10240K)
 Metaspace       used 147487K, committed 148480K, reserved 1245184K
  class space    used 13383K, committed 13824K, reserved 1048576K
}
Event: 350.700 GC heap after
{Heap after GC invocations=223 (full 11):
 garbage-first heap   total reserved 3076096K, committed 2705408K, used 1367534K [0x0000000744400000, 0x0000000800000000)
  region size 2048K, 2 young (4096K), 2 survivors (4096K)
 Metaspace       used 147487K, committed 148480K, reserved 1245184K
  class space    used 13383K, committed 13824K, reserved 1048576K
}
Event: 351.353 GC heap before
{Heap before GC invocations=223 (full 11):
 garbage-first heap   total reserved 3076096K, committed 2705408K, used 1932782K [0x0000000744400000, 0x0000000800000000)
  region size 2048K, 279 young (571392K), 2 survivors (4096K)
 Metaspace       used 147492K, committed 148480K, reserved 1245184K
  class space    used 13383K, committed 13824K, reserved 1048576K
}
Event: 351.355 GC heap after
{Heap after GC invocations=224 (full 11):
 garbage-first heap   total reserved 3076096K, committed 2705408K, used 1366889K [0x0000000744400000, 0x0000000800000000)
  region size 2048K, 1 young (2048K), 1 survivors (2048K)
 Metaspace       used 147492K, committed 148480K, reserved 1245184K
  class space    used 13383K, committed 13824K, reserved 1048576K
}
Event: 352.260 GC heap before
{Heap before GC invocations=224 (full 11):
 garbage-first heap   total reserved 3076096K, committed 2707456K, used 2704233K [0x0000000744400000, 0x0000000800000000)
  region size 2048K, 501 young (1026048K), 1 survivors (2048K)
 Metaspace       used 147492K, committed 148480K, reserved 1245184K
  class space    used 13383K, committed 13824K, reserved 1048576K
}
Event: 352.275 GC heap after
{Heap after GC invocations=225 (full 11):
 garbage-first heap   total reserved 3076096K, committed 2734080K, used 1392449K [0x0000000744400000, 0x0000000800000000)
  region size 2048K, 13 young (26624K), 13 survivors (26624K)
 Metaspace       used 147492K, committed 148480K, reserved 1245184K
  class space    used 13383K, committed 13824K, reserved 1048576K
}
Event: 353.066 GC heap before
{Heap before GC invocations=226 (full 11):
 garbage-first heap   total reserved 3076096K, committed 2734080K, used 2139969K [0x0000000744400000, 0x0000000800000000)
  region size 2048K, 363 young (743424K), 13 survivors (26624K)
 Metaspace       used 147492K, committed 148480K, reserved 1245184K
  class space    used 13383K, committed 13824K, reserved 1048576K
}
Event: 353.068 GC heap after
{Heap after GC invocations=227 (full 11):
 garbage-first heap   total reserved 3076096K, committed 2734080K, used 1368467K [0x0000000744400000, 0x0000000800000000)
  region size 2048K, 2 young (4096K), 2 survivors (4096K)
 Metaspace       used 147492K, committed 148480K, reserved 1245184K
  class space    used 13383K, committed 13824K, reserved 1048576K
}
Event: 354.483 GC heap before
{Heap before GC invocations=227 (full 11):
 garbage-first heap   total reserved 3076096K, committed 2734080K, used 2730387K [0x0000000744400000, 0x0000000800000000)
  region size 2048K, 539 young (1103872K), 2 survivors (4096K)
 Metaspace       used 147492K, committed 148480K, reserved 1245184K
  class space    used 13383K, committed 13824K, reserved 1048576K
}
Event: 354.503 GC heap after
{Heap after GC invocations=228 (full 11):
 garbage-first heap   total reserved 3076096K, committed 2766848K, used 1397563K [0x0000000744400000, 0x0000000800000000)
  region size 2048K, 16 young (32768K), 16 survivors (32768K)
 Metaspace       used 147492K, committed 148480K, reserved 1245184K
  class space    used 13383K, committed 13824K, reserved 1048576K
}
Event: 355.181 GC heap before
{Heap before GC invocations=229 (full 11):
 garbage-first heap   total reserved 3076096K, committed 2766848K, used 1987387K [0x0000000744400000, 0x0000000800000000)
  region size 2048K, 285 young (583680K), 16 survivors (32768K)
 Metaspace       used 147503K, committed 148480K, reserved 1245184K
  class space    used 13383K, committed 13824K, reserved 1048576K
}
Event: 355.183 GC heap after
{Heap after GC invocations=230 (full 11):
 garbage-first heap   total reserved 3076096K, committed 2766848K, used 1369679K [0x0000000744400000, 0x0000000800000000)
  region size 2048K, 2 young (4096K), 2 survivors (4096K)
 Metaspace       used 147503K, committed 148480K, reserved 1245184K
  class space    used 13383K, committed 13824K, reserved 1048576K
}

Dll operation events (17 events):
Event: 0.349 Loaded shared library C:\Program Files (x86)\Java\bin\java.dll
Event: 0.478 Loaded shared library C:\Program Files (x86)\Java\bin\jsvml.dll
Event: 0.492 Loaded shared library C:\Program Files (x86)\Java\bin\net.dll
Event: 0.524 Loaded shared library C:\Program Files (x86)\Java\bin\nio.dll
Event: 0.596 Loaded shared library C:\Program Files (x86)\Java\bin\zip.dll
Event: 0.712 Loaded shared library C:\Program Files (x86)\Java\bin\jimage.dll
Event: 1.290 Loaded shared library C:\Program Files (x86)\Java\bin\verify.dll
Event: 40.200 Loaded shared library C:\Program Files (x86)\Java\bin\sunmscapi.dll
Event: 40.614 Loaded shared library C:\Program Files (x86)\Java\bin\extnet.dll
Event: 102.126 Loaded shared library C:\Users\Lucía\AppData\Local\Temp\sqlite-3.50.3.0-e9d5cf2f-32d3-475d-9a28-64582e87c9ef-sqlitejdbc.dll
Event: 102.792 Loaded shared library C:\Program Files (x86)\Java\bin\management.dll
Event: 102.812 Loaded shared library C:\Program Files (x86)\Java\bin\management_ext.dll
Event: 109.375 Loaded shared library C:\Program Files (x86)\Java\bin\awt.dll
Event: 222.504 Loaded shared library C:\Program Files (x86)\Java\bin\freetype.dll
Event: 222.558 Loaded shared library C:\Program Files (x86)\Java\bin\fontmanager.dll
Event: 222.927 Loaded shared library C:\Windows\System32\ucrtbase.dll
Event: 222.945 Loaded shared library C:\Program Files (x86)\Java\bin\syslookup.dll

Deoptimization events (20 events):
Event: 350.598 Thread 0x0000024be3c0c050 Uncommon trap: trap_request=0xffffff45 fr.pc=0x0000024bf5c6f3bc relative=0x000000000000083c
Event: 350.598 Thread 0x0000024be3c0c050 Uncommon trap: reason=unstable_if action=reinterpret pc=0x0000024bf5c6f3bc method=java.lang.StringLatin1.toUpperCase(Ljava/lang/String;[BLjava/util/Locale;)Ljava/lang/String; @ 44 c2
Event: 350.598 Thread 0x0000024be3c0c050 DEOPT PACKING pc=0x0000024bf5c6f3bc sp=0x000000e4cf5feda0
Event: 350.598 Thread 0x0000024be3c0c050 DEOPT UNPACKING pc=0x0000024bf56a7da2 sp=0x000000e4cf5fec90 mode 2
Event: 350.628 Thread 0x0000024be3c0c050 Uncommon trap: trap_request=0xffffff45 fr.pc=0x0000024bf5c99fe4 relative=0x0000000000000064
Event: 350.628 Thread 0x0000024be3c0c050 Uncommon trap: reason=unstable_if action=reinterpret pc=0x0000024bf5c99fe4 method=java.lang.CharacterData.of(I)Ljava/lang/CharacterData; @ 15 c2
Event: 350.628 Thread 0x0000024be3c0c050 DEOPT PACKING pc=0x0000024bf5c99fe4 sp=0x000000e4cf5fd030
Event: 350.628 Thread 0x0000024be3c0c050 DEOPT UNPACKING pc=0x0000024bf56a7da2 sp=0x000000e4cf5fcfc0 mode 2
Event: 350.903 Thread 0x0000024be3c0c050 Uncommon trap: trap_request=0xffffff45 fr.pc=0x0000024bf5e52644 relative=0x0000000000000824
Event: 350.903 Thread 0x0000024be3c0c050 Uncommon trap: reason=unstable_if action=reinterpret pc=0x0000024bf5e52644 method=java.lang.String.decodeUTF8_UTF16([BII[BIZ)I @ 68 c2
Event: 350.903 Thread 0x0000024be3c0c050 DEOPT PACKING pc=0x0000024bf5e52644 sp=0x000000e4cf5ff350
Event: 350.903 Thread 0x0000024be3c0c050 DEOPT UNPACKING pc=0x0000024bf56a7da2 sp=0x000000e4cf5ff2c8 mode 2
Event: 352.440 Thread 0x0000024be3c0c050 Uncommon trap: trap_request=0xffffff45 fr.pc=0x0000024bf5c87020 relative=0x0000000000000cc0
Event: 352.440 Thread 0x0000024be3c0c050 Uncommon trap: reason=unstable_if action=reinterpret pc=0x0000024bf5c87020 method=org.hl7.fhir.igtools.publisher.SpecMapManager.hasTarget2(Ljava/lang/String;)Z @ 22 c2
Event: 352.440 Thread 0x0000024be3c0c050 DEOPT PACKING pc=0x0000024bf5c87020 sp=0x000000e4cf5fe750
Event: 352.440 Thread 0x0000024be3c0c050 DEOPT UNPACKING pc=0x0000024bf56a7da2 sp=0x000000e4cf5fe730 mode 2
Event: 352.520 Thread 0x0000024be3c0c050 DEOPT PACKING pc=0x0000024bee1cdddb sp=0x000000e4cf5fe570
Event: 352.520 Thread 0x0000024be3c0c050 DEOPT UNPACKING pc=0x0000024bf56a88e2 sp=0x000000e4cf5fda70 mode 0
Event: 352.541 Thread 0x0000024be3c0c050 DEOPT PACKING pc=0x0000024bee1cdddb sp=0x000000e4cf5fe570
Event: 352.541 Thread 0x0000024be3c0c050 DEOPT UNPACKING pc=0x0000024bf56a88e2 sp=0x000000e4cf5fda70 mode 0

Classes loaded (20 events):
Event: 313.248 Loading class java/nio/channels/FileChannel$MapMode
Event: 313.248 Loading class java/nio/channels/FileChannel$MapMode done
Event: 313.248 Loading class jdk/internal/misc/ExtendedMapMode
Event: 313.249 Loading class jdk/internal/misc/ExtendedMapMode done
Event: 313.252 Loading class sun/nio/ch/FileChannelImpl$DefaultUnmapper
Event: 313.253 Loading class sun/nio/ch/FileChannelImpl$Unmapper
Event: 313.253 Loading class jdk/internal/access/foreign/UnmapperProxy
Event: 313.253 Loading class jdk/internal/access/foreign/UnmapperProxy done
Event: 313.253 Loading class sun/nio/ch/FileChannelImpl$Unmapper done
Event: 313.253 Loading class sun/nio/ch/FileChannelImpl$DefaultUnmapper done
Event: 313.253 Loading class sun/nio/ch/Util$4
Event: 313.254 Loading class sun/nio/ch/Util$4 done
Event: 313.407 Loading class java/util/zip/ZipOutputStream
Event: 313.408 Loading class java/util/zip/DeflaterOutputStream
Event: 313.409 Loading class java/util/zip/DeflaterOutputStream done
Event: 313.409 Loading class java/util/zip/ZipOutputStream done
Event: 313.410 Loading class java/util/zip/ZipOutputStream$XEntry
Event: 313.410 Loading class java/util/zip/ZipOutputStream$XEntry done
Event: 350.628 Loading class java/lang/CharacterData01
Event: 350.629 Loading class java/lang/CharacterData01 done

Classes unloaded (0 events):
No events

Classes redefined (0 events):
No events

Internal exceptions (20 events):
Event: 306.744 Thread 0x0000024be3c0c050 Exception <a 'sun/nio/fs/WindowsException'{0x00000007b8cb66b0}> (0x00000007b8cb66b0) 
thrown [s\open\src\hotspot\share\prims\jni.cpp, line 520]
Event: 306.745 Thread 0x0000024be3c0c050 Exception <a 'sun/nio/fs/WindowsException'{0x00000007b8cb7140}> (0x00000007b8cb7140) 
thrown [s\open\src\hotspot\share\prims\jni.cpp, line 520]
Event: 306.746 Thread 0x0000024be3c0c050 Exception <a 'sun/nio/fs/WindowsException'{0x00000007b8cb7c80}> (0x00000007b8cb7c80) 
thrown [s\open\src\hotspot\share\prims\jni.cpp, line 520]
Event: 306.747 Thread 0x0000024be3c0c050 Exception <a 'sun/nio/fs/WindowsException'{0x00000007b8cb8768}> (0x00000007b8cb8768) 
thrown [s\open\src\hotspot\share\prims\jni.cpp, line 520]
Event: 306.748 Thread 0x0000024be3c0c050 Exception <a 'sun/nio/fs/WindowsException'{0x00000007b8cb91f8}> (0x00000007b8cb91f8) 
thrown [s\open\src\hotspot\share\prims\jni.cpp, line 520]
Event: 306.748 Thread 0x0000024be3c0c050 Exception <a 'sun/nio/fs/WindowsException'{0x00000007b8cb9c68}> (0x00000007b8cb9c68) 
thrown [s\open\src\hotspot\share\prims\jni.cpp, line 520]
Event: 306.749 Thread 0x0000024be3c0c050 Exception <a 'sun/nio/fs/WindowsException'{0x00000007b8cba750}> (0x00000007b8cba750) 
thrown [s\open\src\hotspot\share\prims\jni.cpp, line 520]
Event: 306.749 Thread 0x0000024be3c0c050 Exception <a 'sun/nio/fs/WindowsException'{0x00000007b8cbb1e0}> (0x00000007b8cbb1e0) 
thrown [s\open\src\hotspot\share\prims\jni.cpp, line 520]
Event: 306.750 Thread 0x0000024be3c0c050 Exception <a 'sun/nio/fs/WindowsException'{0x00000007b8cbbc98}> (0x00000007b8cbbc98) 
thrown [s\open\src\hotspot\share\prims\jni.cpp, line 520]
Event: 306.751 Thread 0x0000024be3c0c050 Exception <a 'sun/nio/fs/WindowsException'{0x00000007b8cbc708}> (0x00000007b8cbc708) 
thrown [s\open\src\hotspot\share\prims\jni.cpp, line 520]
Event: 306.752 Thread 0x0000024be3c0c050 Exception <a 'sun/nio/fs/WindowsException'{0x00000007b8cbd1f0}> (0x00000007b8cbd1f0) 
thrown [s\open\src\hotspot\share\prims\jni.cpp, line 520]
Event: 311.933 Thread 0x0000024bd94ab400 Exception <a 'java/net/ConnectException'{0x00000007ffa00048}: Connection timed out: connect> (0x00000007ffa00048) 
thrown [s\open\src\hotspot\share\prims\jni.cpp, line 539]
Event: 313.255 Thread 0x0000024be3c0c050 Implicit null exception at 0x0000024bf60c1aec to 0x0000024bf60c1d64
Event: 313.256 Thread 0x0000024be3c0c050 Exception <a 'java/lang/NoSuchMethodError'{0x00000007ffa197d0}: 'java.lang.Object java.lang.invoke.DelegatingMethodHandle$Holder.reinvoke_L(java.lang.Object, int, long, java.lang.Object, java.lang.Object, int, java.lang.Object)'> (0x00000007ffa197d0) 
thrown [s\open\src\hotspot\share\interpreter\linkResolver.cpp, line 774]
Event: 313.418 Thread 0x0000024be3c0c050 Implicit null exception at 0x0000024bf69b6f5d to 0x0000024bf69b7424
Event: 313.444 Thread 0x0000024be3c0c050 Implicit null exception at 0x0000024bf67c5e5e to 0x0000024bf67c5ed0
Event: 315.564 Thread 0x0000024be3c0c050 Exception <a 'java/io/IOException'{0x00000007cc4aae70}: CreateProcess error=2, El sistema no puede encontrar el archivo especificado> (0x00000007cc4aae70) 
thrown [s\open\src\hotspot\share\prims\jni.cpp, line 539]
Event: 316.022 Thread 0x0000024be3c0c050 Exception <a 'sun/nio/fs/WindowsException'{0x00000007d21eb5e0}> (0x00000007d21eb5e0) 
thrown [s\open\src\hotspot\share\prims\jni.cpp, line 520]
Event: 320.507 Thread 0x0000024be3c0c050 Exception <a 'java/lang/NoSuchMethodError'{0x00000007e098bae0}: 'java.lang.Object java.lang.invoke.DirectMethodHandle$Holder.invokeSpecial(java.lang.Object, java.lang.Object, java.lang.Object, java.lang.Object, long, long)'> (0x00000007e098bae0) 
thrown [s\open\src\hotspot\share\interpreter\linkResolver.cpp, line 774]
Event: 320.509 Thread 0x0000024be3c0c050 Implicit null exception at 0x0000024bf5cb17d8 to 0x0000024bf5cb79a0

ZGC Phase Switch (0 events):
No events

VM Operations (20 events):
Event: 350.697 Executing VM operation: G1CollectForAllocation (G1 Evacuation Pause)
Event: 350.700 Executing VM operation: G1CollectForAllocation (G1 Evacuation Pause) done
Event: 351.353 Executing VM operation: G1TryInitiateConcMark (G1 Humongous Allocation)
Event: 351.355 Executing VM operation: G1TryInitiateConcMark (G1 Humongous Allocation) done
Event: 352.259 Executing VM operation: G1CollectForAllocation (G1 Evacuation Pause)
Event: 352.275 Executing VM operation: G1CollectForAllocation (G1 Evacuation Pause) done
Event: 352.488 Executing VM operation: G1PauseRemark
Event: 352.491 Executing VM operation: G1PauseRemark done
Event: 352.864 Executing VM operation: G1PauseCleanup
Event: 352.864 Executing VM operation: G1PauseCleanup done
Event: 353.066 Executing VM operation: G1TryInitiateConcMark (G1 Humongous Allocation)
Event: 353.068 Executing VM operation: G1TryInitiateConcMark (G1 Humongous Allocation) done
Event: 354.483 Executing VM operation: G1CollectForAllocation (G1 Evacuation Pause)
Event: 354.503 Executing VM operation: G1CollectForAllocation (G1 Evacuation Pause) done
Event: 354.505 Executing VM operation: G1PauseRemark
Event: 354.509 Executing VM operation: G1PauseRemark done
Event: 354.920 Executing VM operation: G1PauseCleanup
Event: 354.921 Executing VM operation: G1PauseCleanup done
Event: 355.181 Executing VM operation: G1TryInitiateConcMark (G1 Humongous Allocation)
Event: 355.183 Executing VM operation: G1TryInitiateConcMark (G1 Humongous Allocation) done

Events (20 events):
Event: 354.508 Thread 0x0000024bfea39ae0 flushing nmethod 0x0000024beec2c290
Event: 354.508 Thread 0x0000024bfea39ae0 flushing nmethod 0x0000024bef1b6390
Event: 354.508 Thread 0x0000024bfea39ae0 flushing nmethod 0x0000024bf5cbca90
Event: 354.508 Thread 0x0000024bfea39ae0 flushing nmethod 0x0000024bee281990
Event: 354.508 Thread 0x0000024bfea39ae0 flushing nmethod 0x0000024bef0e0710
Event: 354.508 Thread 0x0000024bfea39ae0 flushing nmethod 0x0000024bef9cf090
Event: 354.508 Thread 0x0000024bfea39ae0 flushing nmethod 0x0000024bf5c6e990
Event: 354.508 Thread 0x0000024bfea39ae0 flushing nmethod 0x0000024bee210510
Event: 354.508 Thread 0x0000024bfea39ae0 flushing nmethod 0x0000024bee255810
Event: 354.508 Thread 0x0000024bfea39ae0 flushing nmethod 0x0000024bee261c10
Event: 354.508 Thread 0x0000024bfea39ae0 flushing nmethod 0x0000024bee264190
Event: 354.508 Thread 0x0000024bfea39ae0 flushing nmethod 0x0000024bee583290
Event: 354.508 Thread 0x0000024bfea39ae0 flushing nmethod 0x0000024bee976b90
Event: 354.508 Thread 0x0000024bfea39ae0 flushing nmethod 0x0000024bef3c2890
Event: 354.508 Thread 0x0000024bfea39ae0 flushing nmethod 0x0000024bef3fce90
Event: 354.508 Thread 0x0000024bfea39ae0 flushing nmethod 0x0000024bef93a290
Event: 354.508 Thread 0x0000024bfea39ae0 flushing nmethod 0x0000024bef93bd90
Event: 354.509 Thread 0x0000024bfea39ae0 flushing nmethod 0x0000024bee6dea90
Event: 354.509 Thread 0x0000024bfea39ae0 flushing nmethod 0x0000024beed28290
Event: 355.183 Thread 0x0000024bcb613990 Thread added: 0x0000024bcb613990


Dynamic libraries:
0x00007ff6e54a0000 - 0x00007ff6e54b0000 	C:\Program Files (x86)\Java\bin\java.exe
0x00007ffdcae90000 - 0x00007ffdcb0a8000 	C:\WINDOWS\SYSTEM32\ntdll.dll
0x00007ffdc93e0000 - 0x00007ffdc94a4000 	C:\WINDOWS\System32\KERNEL32.DLL
0x00007ffdc8310000 - 0x00007ffdc86e3000 	C:\WINDOWS\System32\KERNELBASE.dll
0x00007ffdc8910000 - 0x00007ffdc8a21000 	C:\WINDOWS\System32\ucrtbase.dll
0x00007ffdb0400000 - 0x00007ffdb041b000 	C:\Program Files (x86)\Java\bin\VCRUNTIME140.dll
0x00007ffdafdc0000 - 0x00007ffdafdd7000 	C:\Program Files (x86)\Java\bin\jli.dll
0x00007ffdc97c0000 - 0x00007ffdc9871000 	C:\WINDOWS\System32\ADVAPI32.dll
0x00007ffdc9690000 - 0x00007ffdc9737000 	C:\WINDOWS\System32\msvcrt.dll
0x00007ffdc9880000 - 0x00007ffdc9928000 	C:\WINDOWS\System32\sechost.dll
0x00007ffdc8ad0000 - 0x00007ffdc8af8000 	C:\WINDOWS\System32\bcrypt.dll
0x00007ffdc8e20000 - 0x00007ffdc8f38000 	C:\WINDOWS\System32\RPCRT4.dll
0x00007ffdc8f60000 - 0x00007ffdc9112000 	C:\WINDOWS\System32\USER32.dll
0x00007ffdc8b00000 - 0x00007ffdc8b26000 	C:\WINDOWS\System32\win32u.dll
0x00007ffdca1f0000 - 0x00007ffdca219000 	C:\WINDOWS\System32\GDI32.dll
0x00007ffdad920000 - 0x00007ffdadbbc000 	C:\WINDOWS\WinSxS\amd64_microsoft.windows.common-controls_6595b64144ccf1df_6.0.22621.6060_none_2712eda17382d24b\COMCTL32.dll
0x00007ffdc86f0000 - 0x00007ffdc880b000 	C:\WINDOWS\System32\gdi32full.dll
0x00007ffdc8a30000 - 0x00007ffdc8aca000 	C:\WINDOWS\System32\msvcp_win.dll
0x00007ffdbb8f0000 - 0x00007ffdbb8fa000 	C:\WINDOWS\SYSTEM32\VERSION.dll
0x00007ffdcae10000 - 0x00007ffdcae41000 	C:\WINDOWS\System32\IMM32.DLL
0x00007ffdbea60000 - 0x00007ffdbea6c000 	C:\Program Files (x86)\Java\bin\vcruntime140_1.dll
0x00007ffd9cb10000 - 0x00007ffd9cb9e000 	C:\Program Files (x86)\Java\bin\msvcp140.dll
0x00007ffd714c0000 - 0x00007ffd72207000 	C:\Program Files (x86)\Java\bin\server\jvm.dll
0x00007ffdc9740000 - 0x00007ffdc97b1000 	C:\WINDOWS\System32\WS2_32.dll
0x00007ffdc6db0000 - 0x00007ffdc6dfd000 	C:\WINDOWS\SYSTEM32\POWRPROF.dll
0x00007ffdbfc50000 - 0x00007ffdbfc84000 	C:\WINDOWS\SYSTEM32\WINMM.dll
0x00007ffdc6d90000 - 0x00007ffdc6da3000 	C:\WINDOWS\SYSTEM32\UMPDC.dll
0x00007ffdc7030000 - 0x00007ffdc7048000 	C:\WINDOWS\SYSTEM32\kernel.appcore.dll
0x00007ffdbe9f0000 - 0x00007ffdbe9fa000 	C:\Program Files (x86)\Java\bin\jimage.dll
0x00007ffdc5890000 - 0x00007ffdc5ac3000 	C:\WINDOWS\SYSTEM32\DBGHELP.DLL
0x00007ffdca3f0000 - 0x00007ffdca781000 	C:\WINDOWS\System32\combase.dll
0x00007ffdca790000 - 0x00007ffdca868000 	C:\WINDOWS\System32\OLEAUT32.dll
0x00007ffdad8e0000 - 0x00007ffdad912000 	C:\WINDOWS\SYSTEM32\dbgcore.DLL
0x00007ffdc8890000 - 0x00007ffdc890b000 	C:\WINDOWS\System32\bcryptPrimitives.dll
0x00007ffdafda0000 - 0x00007ffdafdbe000 	C:\Program Files (x86)\Java\bin\java.dll
0x00007ffdc9930000 - 0x00007ffdca1cc000 	C:\WINDOWS\System32\SHELL32.dll
0x00007ffdc8110000 - 0x00007ffdc824f000 	C:\WINDOWS\System32\wintypes.dll
0x00007ffdc9120000 - 0x00007ffdc92c1000 	C:\WINDOWS\System32\ole32.dll
0x00007ffdc5e60000 - 0x00007ffdc677a000 	C:\WINDOWS\SYSTEM32\windows.storage.dll
0x00007ffdc8c90000 - 0x00007ffdc8d94000 	C:\WINDOWS\System32\SHCORE.dll
0x00007ffdca280000 - 0x00007ffdca2e9000 	C:\WINDOWS\System32\shlwapi.dll
0x00007ffdc7ed0000 - 0x00007ffdc7ef5000 	C:\WINDOWS\SYSTEM32\profapi.dll
0x00007ffd87460000 - 0x00007ffd87537000 	C:\Program Files (x86)\Java\bin\jsvml.dll
0x00007ffdbd6e0000 - 0x00007ffdbd6f0000 	C:\Program Files (x86)\Java\bin\net.dll
0x00007ffdc7500000 - 0x00007ffdc7569000 	C:\WINDOWS\system32\mswsock.dll
0x00007ffdafb40000 - 0x00007ffdafb56000 	C:\Program Files (x86)\Java\bin\nio.dll
0x00007ffdafae0000 - 0x00007ffdafaf7000 	C:\Program Files (x86)\Java\bin\zip.dll
0x00007ffdbd6a0000 - 0x00007ffdbd6b0000 	C:\Program Files (x86)\Java\bin\verify.dll
0x00007ffdc7720000 - 0x00007ffdc773b000 	C:\WINDOWS\SYSTEM32\CRYPTSP.dll
0x00007ffdc6f90000 - 0x00007ffdc6fc7000 	C:\WINDOWS\system32\rsaenh.dll
0x00007ffdc75c0000 - 0x00007ffdc75e8000 	C:\WINDOWS\SYSTEM32\USERENV.dll
0x00007ffdc7740000 - 0x00007ffdc774c000 	C:\WINDOWS\SYSTEM32\CRYPTBASE.dll
0x00007ffdc6a50000 - 0x00007ffdc6a7d000 	C:\WINDOWS\SYSTEM32\IPHLPAPI.DLL
0x00007ffdc94c0000 - 0x00007ffdc94c9000 	C:\WINDOWS\System32\NSI.dll
0x00007ffdc0ab0000 - 0x00007ffdc0abe000 	C:\Program Files (x86)\Java\bin\sunmscapi.dll
0x00007ffdc7fa0000 - 0x00007ffdc8108000 	C:\WINDOWS\System32\CRYPT32.dll
0x00007ffdc7960000 - 0x00007ffdc798e000 	C:\WINDOWS\SYSTEM32\ncrypt.dll
0x00007ffdc7920000 - 0x00007ffdc7957000 	C:\WINDOWS\SYSTEM32\NTASN1.dll
0x00007ffdc6ac0000 - 0x00007ffdc6bb8000 	C:\WINDOWS\SYSTEM32\DNSAPI.dll
0x00007ffdc10b0000 - 0x00007ffdc10ba000 	C:\Windows\System32\rasadhlp.dll
0x00007ffdbd0d0000 - 0x00007ffdbd154000 	C:\WINDOWS\System32\fwpuclnt.dll
0x00007ffdbea40000 - 0x00007ffdbea49000 	C:\Program Files (x86)\Java\bin\extnet.dll
0x00007ffdafb60000 - 0x00007ffdafc5b000 	C:\Users\Lucía\AppData\Local\Temp\sqlite-3.50.3.0-e9d5cf2f-32d3-475d-9a28-64582e87c9ef-sqlitejdbc.dll
0x00007ffdbfd20000 - 0x00007ffdbfd2a000 	C:\Program Files (x86)\Java\bin\management.dll
0x00007ffdbea30000 - 0x00007ffdbea3b000 	C:\Program Files (x86)\Java\bin\management_ext.dll
0x00007ffdc8f50000 - 0x00007ffdc8f58000 	C:\WINDOWS\System32\PSAPI.DLL
0x00007ffd84f30000 - 0x00007ffd850be000 	C:\Program Files (x86)\Java\bin\awt.dll
0x00007ffdbf210000 - 0x00007ffdbf2a7000 	C:\WINDOWS\SYSTEM32\apphelp.dll
0x00007ffdc7150000 - 0x00007ffdc7184000 	C:\WINDOWS\SYSTEM32\ntmarta.dll
0x00007ffd84ea0000 - 0x00007ffd84f27000 	C:\Program Files (x86)\Java\bin\freetype.dll
0x00007ffd353c0000 - 0x00007ffd35497000 	C:\Program Files (x86)\Java\bin\fontmanager.dll
0x00007ffdbea10000 - 0x00007ffdbea19000 	C:\Program Files (x86)\Java\bin\syslookup.dll

dbghelp: loaded successfully - version: 4.0.5 - missing functions: none
symbol engine: initialized successfully - sym options: 0x614 - pdb path: .;C:\Program Files (x86)\Java\bin;C:\WINDOWS\SYSTEM32;C:\WINDOWS\WinSxS\amd64_microsoft.windows.common-controls_6595b64144ccf1df_6.0.22621.6060_none_2712eda17382d24b;C:\Program Files (x86)\Java\bin\server;C:\Users\Lucía\AppData\Local\Temp

VM Arguments:
jvm_args: -Dfile.encoding=UTF-8 
java_command: D:\6.RACSEL\IG\LACPASS_IG\input-cache\publisher.jar -ig .
java_class_path (initial): D:\6.RACSEL\IG\LACPASS_IG\input-cache\publisher.jar
Launcher Type: SUN_STANDARD

[Global flags]
     intx CICompilerCount                          = 4                                         {product} {ergonomic}
     uint ConcGCThreads                            = 2                                         {product} {ergonomic}
     uint G1ConcRefinementThreads                  = 8                                         {product} {ergonomic}
   size_t G1HeapRegionSize                         = 2097152                                   {product} {ergonomic}
   size_t InitialHeapSize                          = 197132288                                 {product} {ergonomic}
   size_t MarkStackSize                            = 4194304                                   {product} {ergonomic}
   size_t MaxHeapSize                              = 3149922304                                {product} {ergonomic}
   size_t MaxNewSize                               = 1889533952                                {product} {ergonomic}
   size_t MinHeapDeltaBytes                        = 2097152                                   {product} {ergonomic}
   size_t MinHeapSize                              = 8388608                                   {product} {ergonomic}
    uintx NonNMethodCodeHeapSize                   = 5839372                                {pd product} {ergonomic}
    uintx NonProfiledCodeHeapSize                  = 122909434                              {pd product} {ergonomic}
    uintx ProfiledCodeHeapSize                     = 122909434                              {pd product} {ergonomic}
    uintx ReservedCodeCacheSize                    = 251658240                              {pd product} {ergonomic}
     bool SegmentedCodeCache                       = true                                      {product} {ergonomic}
   size_t SoftMaxHeapSize                          = 3149922304                             {manageable} {ergonomic}
     bool UseCompressedOops                        = true                           {product lp64_product} {ergonomic}
     bool UseG1GC                                  = true                                      {product} {ergonomic}
     bool UseLargePagesIndividualAllocation        = false                                  {pd product} {ergonomic}

Logging:
Log output configuration:
 #0: stdout all=warning uptime,level,tags foldmultilines=false
 #1: stderr all=off uptime,level,tags foldmultilines=false

Environment Variables:
JAVA_HOME=C:\Program Files (x86)\Java
JAVA_TOOL_OPTIONS=-Dfile.encoding=UTF-8
PATH=D:\6.RACSEL\flutter\bin\cache\dart-sdk\bin\;c:\Users\Lucía\AppData\Roaming\Code\User\globalStorage\github.copilot-chat\debugCommand;c:\Users\Lucía\AppData\Roaming\Code\User\globalStorage\github.copilot-chat\copilotCli;C:\Users\Lucía\AppData\Local\Programs\Microsoft VS Code;C:\Program Files\Common Files\Oracle\Java\javapath;C:\Program Files (x86)\Common Files\Oracle\Java\java8path;C:\Program Files (x86)\Common Files\Oracle\Java\javapath;C:\Ruby32-x64\bin;C:\WINDOWS\system32;C:\WINDOWS;C:\WINDOWS\System32\Wbem;C:\WINDOWS\System32\WindowsPowerShell\v1.0\;C:\WINDOWS\System32\OpenSSH\;C:\Program Files\Git\cmd;C:\Program Files\Docker\Docker\resources\bin;%JAVA_HOME%\bin;C:\Program Files\dotnet\;C:\Program Files\OpenSSL-Win64\bin;C:\Program Files\nodejs\;C:\Users\Lucía\AppData\Local\Programs\Python\Launcher\;C:\Ruby33-x64\bin;C:\Users\Lucía\AppData\Local\Microsoft\WindowsApps;C:\Users\Lucía\AppData\Local\Programs\Microsoft VS Code\bin;C:\Program Files\Java\jdk-11.0.17;C:\Users\Lucía\AppData\Local\GitHubDesktop\bin;D:\6.RACSEL\flutter\bin;C:\flutter\bin;C:\Users\Lucía\.local\bin;C:\Users\Lucía\AppData\Roaming\npm
USERNAME=Lucía
LANG=es_ES.UTF-8
OS=Windows_NT
PROCESSOR_IDENTIFIER=Intel64 Family 6 Model 140 Stepping 1, GenuineIntel
TMP=C:\Users\LUCA~1\AppData\Local\Temp
TEMP=C:\Users\LUCA~1\AppData\Local\Temp




Periodic native trim disabled

---------------  S Y S T E M  ---------------

OS:
 Windows 11 , 64 bit Build 22621 (10.0.22621.5415)
OS uptime: 1 days 1:32 hours
Hyper-V role detected

CPU: total 8 (initial active 8) (4 cores per cpu, 2 threads per core) family 6 model 140 stepping 1 microcode 0xb8, cx8, cmov, fxsr, ht, mmx, 3dnowpref, sse, sse2, sse3, ssse3, sse4.1, sse4.2, popcnt, lzcnt, tsc, tscinvbit, avx, avx2, aes, erms, clmul, bmi1, bmi2, adx, avx512f, avx512dq, avx512cd, avx512bw, avx512vl, sha, fma, vzeroupper, avx512_vpopcntdq, avx512_vpclmulqdq, avx512_vaes, avx512_vnni, clflush, clflushopt, clwb, avx512_vbmi2, avx512_vbmi, hv, rdtscp, rdpid, fsrm, gfni, avx512_bitalg, f16c, cet_ibt, cet_ss, avx512_ifma
Processor Information for all 8 processors :
  Max Mhz: 1690, Current Mhz: 1690, Mhz Limit: 1690

Memory: 4k page, system-wide physical 12014M (613M free)
TotalPageFile size 32870M (AvailPageFile size 16M)
current process WorkingSet (physical memory assigned to process): 2926M, peak: 2983M
current process commit charge ("private bytes"): 3187M, peak: 3278M

vm_info: Java HotSpot(TM) 64-Bit Server VM (22.0.1+8-16) for windows-amd64 JRE (22.0.1+8-16), built on 2024-03-12T10:33:16Z by "mach5one" with MS VC++ 17.6 (VS2022)

END.
